components,budget,nodes,live_slots,threads,policy,batch,ns_per_eval,calls_per_sample,validation_max_abs_delta,validation_mismatches
1,16,72,17,0,avx2,100,6.27576595299715,76506,1.1920928955078125e-07,900
1,16,72,17,0,avx2,1000,5.6692099177229265,4497,1.1920928955078125e-07,900
1,16,72,17,0,avx2,10000,5.676589887640449,445,1.1920928955078125e-07,900
1,16,72,17,0,avx2,100000,5.924771219512195,82,1.1920928955078125e-07,900
1,16,72,17,0,avx2,1000000,6.1266716,5,1.1920928955078125e-07,900
1,16,72,17,4,avx2-omp4,100,29.66173561859732,15228,1.1920928955078125e-07,900
1,16,72,17,4,avx2-omp4,1000,4.159212933247754,6232,1.1920928955078125e-07,900
1,16,72,17,4,avx2-omp4,10000,2.1773302,2000,1.1920928955078125e-07,900
1,16,72,17,4,avx2-omp4,100000,1.61728025,200,1.1920928955078125e-07,900
1,16,72,17,4,avx2-omp4,1000000,1.6572008499999997,20,1.1920928955078125e-07,900
1,24,152,35,0,avx2,100,13.491884,20000,1.1920928955078125e-07,867
1,24,152,35,0,avx2,1000,12.253256534365924,4132,1.1920928955078125e-07,867
1,24,152,35,0,avx2,10000,12.39953780487805,410,1.1920928955078125e-07,867
1,24,152,35,0,avx2,100000,12.396435714285714,21,1.1920928955078125e-07,867
1,24,152,35,0,avx2,1000000,12.568624666666667,3,1.1920928955078125e-07,867
1,24,152,35,4,avx2-omp4,100,31.69757847533632,7582,1.1920928955078125e-07,867
1,24,152,35,4,avx2-omp4,1000,5.842160061443932,3255,1.1920928955078125e-07,867
1,24,152,35,4,avx2-omp4,10000,3.4662410533910535,1386,1.1920928955078125e-07,867
1,24,152,35,4,avx2-omp4,100000,3.3365726190476193,84,1.1920928955078125e-07,867
1,24,152,35,4,avx2-omp4,1000000,3.2838745714285715,7,1.1920928955078125e-07,867
1,32,254,52,0,avx2,100,22.5707365,20000,1.1920928955078125e-07,873
1,32,254,52,0,avx2,1000,20.173884,2000,1.1920928955078125e-07,873
1,32,254,52,0,avx2,10000,20.1756385,200,1.1920928955078125e-07,873
1,32,254,52,0,avx2,100000,20.311832,20,1.1920928955078125e-07,873
1,32,254,52,0,avx2,1000000,20.4414735,2,1.1920928955078125e-07,873
1,32,254,52,4,avx2-omp4,100,33.787087293463955,6839,1.1920928955078125e-07,873
1,32,254,52,4,avx2-omp4,1000,7.903345420497106,5874,1.1920928955078125e-07,873
1,32,254,52,4,avx2-omp4,10000,5.50449774590164,488,1.1920928955078125e-07,873
1,32,254,52,4,avx2-omp4,100000,5.2451918,50,1.1920928955078125e-07,873
1,32,254,52,4,avx2-omp4,1000000,5.3089012,5,1.1920928955078125e-07,873
1,48,527,120,0,avx2,100,46.16188075082812,5434,1.1920928955078125e-07,1092
1,48,527,120,0,avx2,1000,41.437952459016394,610,1.1920928955078125e-07,1092
1,48,527,120,0,avx2,10000,41.456508,100,1.1920928955078125e-07,1092
1,48,527,120,0,avx2,100000,41.28064142857143,7,1.1920928955078125e-07,1092
1,48,527,120,0,avx2,1000000,41.456076,1,1.1920928955078125e-07,1092
1,48,527,120,4,avx2-omp4,100,47.419440529575056,4683,1.1920928955078125e-07,1092
1,48,527,120,4,avx2-omp4,1000,14.2892725,2000,1.1920928955078125e-07,1092
1,48,527,120,4,avx2-omp4,10000,11.6085225,200,1.1920928955078125e-07,1092
1,48,527,120,4,avx2-omp4,100000,11.361981304347825,23,1.1920928955078125e-07,1092
1,48,527,120,4,avx2-omp4,1000000,11.152448666666666,3,1.1920928955078125e-07,1092
1,64,794,164,0,avx2,100,68.71114503816794,3668,1.1920928955078125e-07,968
1,64,794,164,0,avx2,1000,61.269681818181816,418,1.1920928955078125e-07,968
1,64,794,164,0,avx2,10000,61.21786904761905,42,1.1920928955078125e-07,968
1,64,794,164,0,avx2,100000,61.157005,4,1.1920928955078125e-07,968
1,64,794,164,0,avx2,1000000,61.387194,1,1.1920928955078125e-07,968
1,64,794,164,4,avx2-omp4,100,54.01702787184163,3839,1.1920928955078125e-07,968
1,64,794,164,4,avx2-omp4,1000,19.5269965,2000,1.1920928955078125e-07,968
1,64,794,164,4,avx2-omp4,10000,24.6812925,200,1.1920928955078125e-07,968
1,64,794,164,4,avx2-omp4,100000,16.753207999999997,20,1.1920928955078125e-07,968
1,64,794,164,4,avx2-omp4,1000000,16.2827355,2,1.1920928955078125e-07,968
1,96,1345,297,0,avx2,100,122.46142926829268,4100,1.1920928955078125e-07,877
1,96,1345,297,0,avx2,1000,106.88408085106383,470,1.1920928955078125e-07,877
1,96,1345,297,0,avx2,10000,106.61164166666667,24,1.1920928955078125e-07,877
1,96,1345,297,0,avx2,100000,107.32847666666667,3,1.1920928955078125e-07,877
1,96,1345,297,0,avx2,1000000,106.989429,1,1.1920928955078125e-07,877
1,96,1345,297,4,avx2-omp4,100,74.13529779630733,3358,1.1920928955078125e-07,877
1,96,1345,297,4,avx2-omp4,1000,44.1899962264151,795,1.1920928955078125e-07,877
1,96,1345,297,4,avx2-omp4,10000,29.260625806451614,93,1.1920928955078125e-07,877
1,96,1345,297,4,avx2-omp4,100000,28.732767,10,1.1920928955078125e-07,877
1,96,1345,297,4,avx2-omp4,1000000,28.225429,1,1.1920928955078125e-07,877
1,128,2031,444,0,avx2,100,182.781265,2000,1.1920928955078125e-07,858
1,128,2031,444,0,avx2,1000,159.0536,200,1.1920928955078125e-07,858
1,128,2031,444,0,avx2,10000,159.289715,20,1.1920928955078125e-07,858
1,128,2031,444,0,avx2,100000,157.70695500000002,2,1.1920928955078125e-07,858
1,128,2031,444,0,avx2,1000000,157.596506,1,1.1920928955078125e-07,858
1,128,2031,444,4,avx2-omp4,100,104.35508,2000,1.1920928955078125e-07,858
1,128,2031,444,4,avx2-omp4,1000,47.18292607003891,1028,1.1920928955078125e-07,858
1,128,2031,444,4,avx2-omp4,10000,43.3801779661017,118,1.1920928955078125e-07,858
1,128,2031,444,4,avx2-omp4,100000,42.620444285714285,7,1.1920928955078125e-07,858
1,128,2031,444,4,avx2-omp4,1000000,42.390023,1,1.1920928955078125e-07,858
2,16,77,19,0,avx2,100,6.63309757832881,75898,2.980232238769531e-07,1236
2,16,77,19,0,avx2,1000,5.980963730569949,4246,2.980232238769531e-07,1236
2,16,77,19,0,avx2,10000,5.961648564593301,418,2.980232238769531e-07,1236
2,16,77,19,0,avx2,100000,6.199612625,80,2.980232238769531e-07,1236
2,16,77,19,0,avx2,1000000,6.36996425,4,2.980232238769531e-07,1236
2,16,77,19,4,avx2-omp4,100,28.753377808988763,17088,2.980232238769531e-07,1236
2,16,77,19,4,avx2-omp4,1000,4.159038993501083,6001,2.980232238769531e-07,1236
2,16,77,19,4,avx2-omp4,10000,1.8608235,2000,2.980232238769531e-07,1236
2,16,77,19,4,avx2-omp4,100000,2.3151616,200,2.980232238769531e-07,1236
2,16,77,19,4,avx2-omp4,1000000,1.6863888,20,2.980232238769531e-07,1236
2,24,133,33,0,avx2,100,12.061088628280304,20806,1.7881393432617188e-07,1142
2,24,133,33,0,avx2,1000,10.776977739726027,2336,1.7881393432617188e-07,1142
2,24,133,33,0,avx2,10000,10.735163404255319,235,1.7881393432617188e-07,1142
2,24,133,33,0,avx2,100000,10.805842083333333,24,1.7881393432617188e-07,1142
2,24,133,33,0,avx2,1000000,11.043652666666668,3,1.7881393432617188e-07,1142
2,24,133,33,4,avx2-omp4,100,32.54293684210526,8550,1.7881393432617188e-07,1142
2,24,133,33,4,avx2-omp4,1000,5.671782535885168,4180,1.7881393432617188e-07,1142
2,24,133,33,4,avx2-omp4,10000,3.0815634062140393,869,1.7881393432617188e-07,1142
2,24,133,33,4,avx2-omp4,100000,2.844908984375,128,1.7881393432617188e-07,1142
2,24,133,33,4,avx2-omp4,1000000,2.8639564444444443,9,1.7881393432617188e-07,1142
2,32,228,48,0,avx2,100,19.8118635,20000,1.7881393432617188e-07,1076
2,32,228,48,0,avx2,1000,17.832312,2000,1.7881393432617188e-07,1076
2,32,228,48,0,avx2,10000,17.8599825,200,1.7881393432617188e-07,1076
2,32,228,48,0,avx2,100000,18.139404,20,1.7881393432617188e-07,1076
2,32,228,48,0,avx2,1000000,18.3614375,2,1.7881393432617188e-07,1076
2,32,228,48,4,avx2-omp4,100,32.896450748620964,12690,1.7881393432617188e-07,1076
2,32,228,48,4,avx2-omp4,1000,7.34559537414966,3675,1.7881393432617188e-07,1076
2,32,228,48,4,avx2-omp4,10000,4.997280769230769,338,1.7881393432617188e-07,1076
2,32,228,48,4,avx2-omp4,100000,4.853569787234043,94,1.7881393432617188e-07,1076
2,32,228,48,4,avx2-omp4,1000000,4.838975166666667,6,1.7881393432617188e-07,1076
2,48,489,103,0,avx2,100,42.5614039870506,5869,1.1920928955078125e-07,1065
2,48,489,103,0,avx2,1000,38.064624242424244,660,1.1920928955078125e-07,1065
2,48,489,103,0,avx2,10000,38.08655909090909,66,1.1920928955078125e-07,1065
2,48,489,103,0,avx2,100000,38.03018,7,1.1920928955078125e-07,1065
2,48,489,103,0,avx2,1000000,38.655514,1,1.1920928955078125e-07,1065
2,48,489,103,4,avx2-omp4,100,44.44955913299663,9504,1.1920928955078125e-07,1065
2,48,489,103,4,avx2-omp4,1000,13.4633475,2000,1.1920928955078125e-07,1065
2,48,489,103,4,avx2-omp4,10000,10.6181536,250,1.1920928955078125e-07,1065
2,48,489,103,4,avx2-omp4,100000,10.297954444444445,27,1.1920928955078125e-07,1065
2,48,489,103,4,avx2-omp4,1000000,10.282464,3,1.1920928955078125e-07,1065
2,64,881,190,0,avx2,100,75.79949713941583,3321,1.1920928955078125e-07,1033
2,64,881,190,0,avx2,1000,66.97265733333333,750,1.1920928955078125e-07,1033
2,64,881,190,0,avx2,10000,66.60510789473685,38,1.1920928955078125e-07,1033
2,64,881,190,0,avx2,100000,66.7198875,4,1.1920928955078125e-07,1033
2,64,881,190,0,avx2,1000000,66.934223,1,1.1920928955078125e-07,1033
2,64,881,190,4,avx2-omp4,100,56.350777716492004,3626,1.1920928955078125e-07,1033
2,64,881,190,4,avx2-omp4,1000,21.395513,2000,1.1920928955078125e-07,1033
2,64,881,190,4,avx2-omp4,10000,18.4402515,200,1.1920928955078125e-07,1033
2,64,881,190,4,avx2-omp4,100000,18.2786685,20,1.1920928955078125e-07,1033
2,64,881,190,4,avx2-omp4,1000000,18.003093,2,1.1920928955078125e-07,1033
2,96,1287,269,0,avx2,100,117.12552029864676,2143,1.1920928955078125e-07,1038
2,96,1287,269,0,avx2,1000,102.66859128630705,482,1.1920928955078125e-07,1038
2,96,1287,269,0,avx2,10000,103.365016,25,1.1920928955078125e-07,1038
2,96,1287,269,0,avx2,100000,102.55531333333333,3,1.1920928955078125e-07,1038
2,96,1287,269,0,avx2,1000000,103.010053,1,1.1920928955078125e-07,1038
2,96,1287,269,4,avx2-omp4,100,70.1581484176064,2749,1.1920928955078125e-07,1038
2,96,1287,269,4,avx2-omp4,1000,29.816023913043477,920,1.1920928955078125e-07,1038
2,96,1287,269,4,avx2-omp4,10000,27.268298214285714,112,1.1920928955078125e-07,1038
2,96,1287,269,4,avx2-omp4,100000,27.546326,10,1.1920928955078125e-07,1038
2,96,1287,269,4,avx2-omp4,1000000,26.823692,1,1.1920928955078125e-07,1038
2,128,1999,382,0,avx2,100,184.008865,2000,1.7881393432617188e-07,1122
2,128,1999,382,0,avx2,1000,159.03684,200,1.7881393432617188e-07,1122
2,128,1999,382,0,avx2,10000,159.17756500000002,20,1.7881393432617188e-07,1122
2,128,1999,382,0,avx2,100000,169.39347,2,1.7881393432617188e-07,1122
2,128,1999,382,0,avx2,1000000,158.329101,1,1.7881393432617188e-07,1122
2,128,1999,382,4,avx2-omp4,100,98.515515,2000,1.7881393432617188e-07,1122
2,128,1999,382,4,avx2-omp4,1000,46.504314150943394,1060,1.7881393432617188e-07,1122
2,128,1999,382,4,avx2-omp4,10000,43.10245288461538,104,1.7881393432617188e-07,1122
2,128,1999,382,4,avx2-omp4,100000,44.13771285714286,7,1.7881393432617188e-07,1122
2,128,1999,382,4,avx2-omp4,1000000,42.237025,1,1.7881393432617188e-07,1122
3,16,79,19,0,avx2,100,7.1348595505617975,69064,2.980232238769531e-07,1404
3,16,79,19,0,avx2,1000,6.46648228663446,7452,2.980232238769531e-07,1404
3,16,79,19,0,avx2,10000,6.458830890052356,764,2.980232238769531e-07,1404
3,16,79,19,0,avx2,100000,6.577346923076923,39,2.980232238769531e-07,1404
3,16,79,19,0,avx2,1000000,6.70990775,4,2.980232238769531e-07,1404
3,16,79,19,4,avx2-omp4,100,28.64175370389829,9517,2.980232238769531e-07,1404
3,16,79,19,4,avx2-omp4,1000,4.275455553794961,6311,2.980232238769531e-07,1404
3,16,79,19,4,avx2-omp4,10000,1.9525528985507248,1656,2.980232238769531e-07,1404
3,16,79,19,4,avx2-omp4,100000,1.75118655,200,2.980232238769531e-07,1404
3,16,79,19,4,avx2-omp4,1000000,1.78087115,20,2.980232238769531e-07,1404
3,24,164,37,0,avx2,100,14.634653,20000,1.1920928955078125e-07,1345
3,24,164,37,0,avx2,1000,13.0915905,2000,1.1920928955078125e-07,1345
3,24,164,37,0,avx2,10000,13.0721485,200,1.1920928955078125e-07,1345
3,24,164,37,0,avx2,100000,13.1467315,20,1.1920928955078125e-07,1345
3,24,164,37,0,avx2,1000000,13.383596,2,1.1920928955078125e-07,1345
3,24,164,37,4,avx2-omp4,100,30.170607878650667,8834,1.1920928955078125e-07,1345
3,24,164,37,4,avx2-omp4,1000,7.271994300106044,7544,1.1920928955078125e-07,1345
3,24,164,37,4,avx2-omp4,10000,3.620813501144165,437,1.1920928955078125e-07,1345
3,24,164,37,4,avx2-omp4,100000,3.3727756962025315,79,1.1920928955078125e-07,1345
3,24,164,37,4,avx2-omp4,1000000,3.405961,7,1.1920928955078125e-07,1345
3,32,265,57,0,avx2,100,22.583536,20000,1.1920928955078125e-07,1333
3,32,265,57,0,avx2,1000,20.308092,2000,1.1920928955078125e-07,1333
3,32,265,57,0,avx2,10000,20.328992,200,1.1920928955078125e-07,1333
3,32,265,57,0,avx2,100000,21.6066915,20,1.1920928955078125e-07,1333
3,32,265,57,0,avx2,1000000,20.5433135,2,1.1920928955078125e-07,1333
3,32,265,57,4,avx2-omp4,100,33.53817833173538,7301,1.1920928955078125e-07,1333
3,32,265,57,4,avx2-omp4,1000,8.02987204234122,3212,1.1920928955078125e-07,1333
3,32,265,57,4,avx2-omp4,10000,5.679955097087379,824,1.1920928955078125e-07,1333
3,32,265,57,4,avx2-omp4,100000,5.459768958333333,48,1.1920928955078125e-07,1333
3,32,265,57,4,avx2-omp4,1000000,5.5415202,5,1.1920928955078125e-07,1333
3,48,533,102,0,avx2,100,47.03671144278607,10050,1.1920928955078125e-07,1256
3,48,533,102,0,avx2,1000,41.59338187372709,982,1.1920928955078125e-07,1256
3,48,533,102,0,avx2,10000,41.11388196721312,61,1.1920928955078125e-07,1256
3,48,533,102,0,avx2,100000,41.17078285714286,7,1.1920928955078125e-07,1256
3,48,533,102,0,avx2,1000000,41.358555,1,1.1920928955078125e-07,1256
3,48,533,102,4,avx2-omp4,100,47.44972835314092,4712,1.1920928955078125e-07,1256
3,48,533,102,4,avx2-omp4,1000,13.9028455,2000,1.1920928955078125e-07,1256
3,48,533,102,4,avx2-omp4,10000,11.429967441860466,430,1.1920928955078125e-07,1256
3,48,533,102,4,avx2-omp4,100000,11.250350434782609,23,1.1920928955078125e-07,1256
3,48,533,102,4,avx2-omp4,1000000,11.031578,3,1.1920928955078125e-07,1256
3,64,835,158,0,avx2,100,73.7821982885807,6778,1.1920928955078125e-07,1204
3,64,835,158,0,avx2,1000,66.17774738219896,764,1.1920928955078125e-07,1204
3,64,835,158,0,avx2,10000,65.48629487179487,39,1.1920928955078125e-07,1204
3,64,835,158,0,avx2,100000,66.616535,4,1.1920928955078125e-07,1204
3,64,835,158,0,avx2,1000000,65.90283900000001,1,1.1920928955078125e-07,1204
3,64,835,158,4,avx2-omp4,100,58.77849421887604,3719,1.1920928955078125e-07,1204
3,64,835,158,4,avx2-omp4,1000,21.0304975,2000,1.1920928955078125e-07,1204
3,64,835,158,4,avx2-omp4,10000,18.0418775,200,1.1920928955078125e-07,1204
3,64,835,158,4,avx2-omp4,100000,17.653903,20,1.1920928955078125e-07,1204
3,64,835,158,4,avx2-omp4,1000000,17.4246655,2,1.1920928955078125e-07,1204
3,96,1412,291,0,avx2,100,124.96678,2000,1.1920928955078125e-07,1307
3,96,1412,291,0,avx2,1000,109.62697391304347,230,1.1920928955078125e-07,1307
3,96,1412,291,0,avx2,10000,110.0053,23,1.1920928955078125e-07,1307
3,96,1412,291,0,avx2,100000,109.78718,3,1.1920928955078125e-07,1307
3,96,1412,291,0,avx2,1000000,110.638183,1,1.1920928955078125e-07,1307
3,96,1412,291,4,avx2-omp4,100,73.68894472361809,2587,1.1920928955078125e-07,1307
3,96,1412,291,4,avx2-omp4,1000,33.19100758533502,791,1.1920928955078125e-07,1307
3,96,1412,291,4,avx2-omp4,10000,29.814900574712645,174,1.1920928955078125e-07,1307
3,96,1412,291,4,avx2-omp4,100000,44.70621,9,1.1920928955078125e-07,1307
3,96,1412,291,4,avx2-omp4,1000000,29.383615,1,1.1920928955078125e-07,1307
3,128,2130,439,0,avx2,100,190.247645,2000,1.1920928955078125e-07,1218
3,128,2130,439,0,avx2,1000,166.129985,200,1.1920928955078125e-07,1218
3,128,2130,439,0,avx2,10000,166.391235,20,1.1920928955078125e-07,1218
3,128,2130,439,0,avx2,100000,166.33714,2,1.1920928955078125e-07,1218
3,128,2130,439,0,avx2,1000000,167.999219,1,1.1920928955078125e-07,1218
3,128,2130,439,4,avx2-omp4,100,106.5354,2000,1.1920928955078125e-07,1218
3,128,2130,439,4,avx2-omp4,1000,50.407229357798165,545,1.1920928955078125e-07,1218
3,128,2130,439,4,avx2-omp4,10000,47.23725675675676,37,1.1920928955078125e-07,1218
3,128,2130,439,4,avx2-omp4,100000,44.911672857142854,7,1.1920928955078125e-07,1218
3,128,2130,439,4,avx2-omp4,1000000,44.536735,1,1.1920928955078125e-07,1218
4,16,78,19,0,avx2,100,6.589271907386409,75842,2.384185791015625e-07,1350
4,16,78,19,0,avx2,1000,5.918094923258559,4235,2.384185791015625e-07,1350
4,16,78,19,0,avx2,10000,5.922722695035461,423,2.384185791015625e-07,1350
4,16,78,19,0,avx2,100000,6.216770731707317,41,2.384185791015625e-07,1350
4,16,78,19,0,avx2,1000000,6.35080425,4,2.384185791015625e-07,1350
4,16,78,19,4,avx2-omp4,100,28.309187764990913,16510,2.384185791015625e-07,1350
4,16,78,19,4,avx2-omp4,1000,4.170125804811928,11804,2.384185791015625e-07,1350
4,16,78,19,4,avx2-omp4,10000,1.8859492,2000,2.384185791015625e-07,1350
4,16,78,19,4,avx2-omp4,100000,1.68279195,200,2.384185791015625e-07,1350
4,16,78,19,4,avx2-omp4,1000000,1.7728039,20,2.384185791015625e-07,1350
4,24,159,35,0,avx2,100,13.14247,20000,1.7881393432617188e-07,1345
4,24,159,35,0,avx2,1000,11.757409981343283,4288,1.7881393432617188e-07,1345
4,24,159,35,0,avx2,10000,11.684849074074075,216,1.7881393432617188e-07,1345
4,24,159,35,0,avx2,100000,11.735377727272727,22,1.7881393432617188e-07,1345
4,24,159,35,0,avx2,1000000,11.982533333333333,3,1.7881393432617188e-07,1345
4,24,159,35,4,avx2-omp4,100,31.94831150225133,9772,1.7881393432617188e-07,1345
4,24,159,35,4,avx2-omp4,1000,5.80115591040142,4509,1.7881393432617188e-07,1345
4,24,159,35,4,avx2-omp4,10000,3.4159639344262294,793,1.7881393432617188e-07,1345
4,24,159,35,4,avx2-omp4,100000,3.1868041139240506,158,1.7881393432617188e-07,1345
4,24,159,35,4,avx2-omp4,1000000,3.2057839999999995,10,1.7881393432617188e-07,1345
4,32,253,58,0,avx2,100,22.7102645,20000,1.7881393432617188e-07,1306
4,32,253,58,0,avx2,1000,19.2228525,2000,1.7881393432617188e-07,1306
4,32,253,58,0,avx2,10000,19.227918,200,1.7881393432617188e-07,1306
4,32,253,58,0,avx2,100000,19.443481,20,1.7881393432617188e-07,1306
4,32,253,58,0,avx2,1000000,19.512987,2,1.7881393432617188e-07,1306
4,32,253,58,4,avx2-omp4,100,35.42793608312343,12704,1.7881393432617188e-07,1306
4,32,253,58,4,avx2-omp4,1000,9.519745235069886,6296,1.7881393432617188e-07,1306
4,32,253,58,4,avx2-omp4,10000,7.672660429447853,326,1.7881393432617188e-07,1306
4,32,253,58,4,avx2-omp4,100000,5.224871509433962,53,1.7881393432617188e-07,1306
4,32,253,58,4,avx2-omp4,1000000,5.165766666666666,6,1.7881393432617188e-07,1306
4,48,544,109,0,avx2,100,49.74767398181099,10116,1.7881393432617188e-07,1327
4,48,544,109,0,avx2,1000,44.674030651341,1044,1.7881393432617188e-07,1327
4,48,544,109,0,avx2,10000,44.78243157894737,57,1.7881393432617188e-07,1327
4,48,544,109,0,avx2,100000,45.27159666666667,6,1.7881393432617188e-07,1327
4,48,544,109,0,avx2,1000000,44.542266,1,1.7881393432617188e-07,1327
4,48,544,109,4,avx2-omp4,100,46.22222894168466,4630,1.7881393432617188e-07,1327
4,48,544,109,4,avx2-omp4,1000,14.6954085,2000,1.7881393432617188e-07,1327
4,48,544,109,4,avx2-omp4,10000,12.188544634146341,410,1.7881393432617188e-07,1327
4,48,544,109,4,avx2-omp4,100000,11.856740952380953,42,1.7881393432617188e-07,1327
4,48,544,109,4,avx2-omp4,1000000,11.872662333333333,3,1.7881393432617188e-07,1327
4,64,853,165,0,avx2,100,73.56697267920094,6808,1.7881393432617188e-07,1340
4,64,853,165,0,avx2,1000,65.02852590673575,386,1.7881393432617188e-07,1340
4,64,853,165,0,avx2,10000,64.99898717948717,39,1.7881393432617188e-07,1340
4,64,853,165,0,avx2,100000,65.154205,4,1.7881393432617188e-07,1340
4,64,853,165,0,avx2,1000000,65.46699,1,1.7881393432617188e-07,1340
4,64,853,165,4,avx2-omp4,100,57.94162619372442,3665,1.7881393432617188e-07,1340
4,64,853,165,4,avx2-omp4,1000,20.8587595,2000,1.7881393432617188e-07,1340
4,64,853,165,4,avx2-omp4,10000,18.310039,200,1.7881393432617188e-07,1340
4,64,853,165,4,avx2-omp4,100000,25.944311,10,1.7881393432617188e-07,1340
4,64,853,165,4,avx2-omp4,1000000,17.43858,2,1.7881393432617188e-07,1340
4,96,1308,254,0,avx2,100,122.34692234848485,2112,1.1920928955078125e-07,1235
4,96,1308,254,0,avx2,1000,104.50342916666666,480,1.1920928955078125e-07,1235
4,96,1308,254,0,avx2,10000,105.140184,25,1.1920928955078125e-07,1235
4,96,1308,254,0,avx2,100000,104.59603333333334,3,1.1920928955078125e-07,1235
4,96,1308,254,0,avx2,1000000,104.370627,1,1.1920928955078125e-07,1235
4,96,1308,254,4,avx2-omp4,100,70.40177674777907,5178,1.1920928955078125e-07,1235
4,96,1308,254,4,avx2-omp4,1000,30.861426886792454,848,1.1920928955078125e-07,1235
4,96,1308,254,4,avx2-omp4,10000,28.247906603773586,106,1.1920928955078125e-07,1235
4,96,1308,254,4,avx2-omp4,100000,28.320912,10,1.1920928955078125e-07,1235
4,96,1308,254,4,avx2-omp4,1000000,28.698978,1,1.1920928955078125e-07,1235
4,128,2043,392,0,avx2,100,184.061895,2000,1.1920928955078125e-07,1138
4,128,2043,392,0,avx2,1000,160.48603500000002,200,1.1920928955078125e-07,1138
4,128,2043,392,0,avx2,10000,160.6937,20,1.1920928955078125e-07,1138
4,128,2043,392,0,avx2,100000,159.86464499999997,2,1.1920928955078125e-07,1138
4,128,2043,392,0,avx2,1000000,160.628399,1,1.1920928955078125e-07,1138
4,128,2043,392,4,avx2-omp4,100,132.408235,2000,1.1920928955078125e-07,1138
4,128,2043,392,4,avx2-omp4,1000,47.369097077244255,958,1.1920928955078125e-07,1138
4,128,2043,392,4,avx2-omp4,10000,43.82196,60,1.1920928955078125e-07,1138
4,128,2043,392,4,avx2-omp4,100000,43.6853575,4,1.1920928955078125e-07,1138
4,128,2043,392,4,avx2-omp4,1000000,42.938911,1,1.1920928955078125e-07,1138
5,16,82,20,0,avx2,100,7.344445259759319,68140,2.384185791015625e-07,1411
5,16,82,20,0,avx2,1000,6.613386074197121,7224,2.384185791015625e-07,1411
5,16,82,20,0,avx2,10000,6.593790052356021,382,2.384185791015625e-07,1411
5,16,82,20,0,avx2,100000,6.731646842105263,38,2.384185791015625e-07,1411
5,16,82,20,0,avx2,1000000,6.8410385,6,2.384185791015625e-07,1411
5,16,82,20,4,avx2-omp4,100,28.430289339499584,8433,2.384185791015625e-07,1411
5,16,82,20,4,avx2-omp4,1000,4.36156014842941,11588,2.384185791015625e-07,1411
5,16,82,20,4,avx2-omp4,10000,2.0319672552976793,1982,2.384185791015625e-07,1411
5,16,82,20,4,avx2-omp4,100000,1.82493615,200,2.384185791015625e-07,1411
5,16,82,20,4,avx2-omp4,1000000,2.49006475,20,2.384185791015625e-07,1411
5,24,165,39,0,avx2,100,13.555414,20000,1.7881393432617188e-07,1335
5,24,165,39,0,avx2,1000,12.091220404234841,2078,1.7881393432617188e-07,1335
5,24,165,39,0,avx2,10000,12.067280434782608,414,1.7881393432617188e-07,1335
5,24,165,39,0,avx2,100000,12.149033333333334,21,1.7881393432617188e-07,1335
5,24,165,39,0,avx2,1000000,12.322068333333334,3,1.7881393432617188e-07,1335
5,24,165,39,4,avx2-omp4,100,30.27277563129571,14494,1.7881393432617188e-07,1335
5,24,165,39,4,avx2-omp4,1000,7.461667075736325,5704,1.7881393432617188e-07,1335
5,24,165,39,4,avx2-omp4,10000,5.53848085106383,940,1.7881393432617188e-07,1335
5,24,165,39,4,avx2-omp4,100000,3.2945287692307694,65,1.7881393432617188e-07,1335
5,24,165,39,4,avx2-omp4,1000000,3.379868125,8,1.7881393432617188e-07,1335
5,32,264,59,0,avx2,100,22.623123,20000,1.1920928955078125e-07,1346
5,32,264,59,0,avx2,1000,20.1119195,2000,1.1920928955078125e-07,1346
5,32,264,59,0,avx2,10000,20.1268,200,1.1920928955078125e-07,1346
5,32,264,59,0,avx2,100000,20.20172,20,1.1920928955078125e-07,1346
5,32,264,59,0,avx2,1000000,20.493209,2,1.1920928955078125e-07,1346
5,32,264,59,4,avx2-omp4,100,34.58033686359576,7837,1.1920928955078125e-07,1346
5,32,264,59,4,avx2-omp4,1000,9.801024781341107,6174,1.1920928955078125e-07,1346
5,32,264,59,4,avx2-omp4,10000,7.304379521276596,376,1.1920928955078125e-07,1346
5,32,264,59,4,avx2-omp4,100000,7.500913414634146,41,1.1920928955078125e-07,1346
5,32,264,59,4,avx2-omp4,1000000,6.40811225,4,1.1920928955078125e-07,1346
5,48,559,120,0,avx2,100,53.38521434917814,9004,1.1920928955078125e-07,1268
5,48,559,120,0,avx2,1000,48.22746365422397,509,1.1920928955078125e-07,1268
5,48,559,120,0,avx2,10000,46.53604385964912,57,1.1920928955078125e-07,1268
5,48,559,120,0,avx2,100000,43.950745,6,1.1920928955078125e-07,1268
5,48,559,120,0,avx2,1000000,44.239464,1,1.1920928955078125e-07,1268
5,48,559,120,4,avx2-omp4,100,48.277272302662304,8564,1.1920928955078125e-07,1268
5,48,559,120,4,avx2-omp4,1000,14.359777,2000,1.1920928955078125e-07,1268
5,48,559,120,4,avx2-omp4,10000,16.054696116504857,412,1.1920928955078125e-07,1268
5,48,559,120,4,avx2-omp4,100000,14.7840005,20,1.1920928955078125e-07,1268
5,48,559,120,4,avx2-omp4,1000000,14.00859,2,1.1920928955078125e-07,1268
5,64,864,173,0,avx2,100,82.01359651849549,3217,1.1920928955078125e-07,1239
5,64,864,173,0,avx2,1000,68.20106887052341,363,1.1920928955078125e-07,1239
5,64,864,173,0,avx2,10000,67.95529189189189,37,1.1920928955078125e-07,1239
5,64,864,173,0,avx2,100000,68.1922975,4,1.1920928955078125e-07,1239
5,64,864,173,0,avx2,1000000,68.069133,1,1.1920928955078125e-07,1239
5,64,864,173,4,avx2-omp4,100,56.4611494510419,4463,1.1920928955078125e-07,1239
5,64,864,173,4,avx2-omp4,1000,21.316678,1000,1.1920928955078125e-07,1239
5,64,864,173,4,avx2-omp4,10000,18.809844,200,1.1920928955078125e-07,1239
5,64,864,173,4,avx2-omp4,100000,18.1339685,20,1.1920928955078125e-07,1239
5,64,864,173,4,avx2-omp4,1000000,18.154291,1,1.1920928955078125e-07,1239
5,96,1390,319,0,avx2,100,123.92396049382717,2025,1.1920928955078125e-07,1199
5,96,1390,319,0,avx2,1000,108.13548927038627,233,1.1920928955078125e-07,1199
5,96,1390,319,0,avx2,10000,107.84087916666667,24,1.1920928955078125e-07,1199
5,96,1390,319,0,avx2,100000,107.52215,3,1.1920928955078125e-07,1199
5,96,1390,319,0,avx2,1000000,109.519067,1,1.1920928955078125e-07,1199
5,96,1390,319,4,avx2-omp4,100,74.26887437572033,2603,1.1920928955078125e-07,1199
5,96,1390,319,4,avx2-omp4,1000,32.475035953177255,1196,1.1920928955078125e-07,1199
5,96,1390,319,4,avx2-omp4,10000,29.981044943820226,89,1.1920928955078125e-07,1199
5,96,1390,319,4,avx2-omp4,100000,29.061766,10,1.1920928955078125e-07,1199
5,96,1390,319,4,avx2-omp4,1000000,28.774792,1,1.1920928955078125e-07,1199
5,128,2193,500,0,avx2,100,194.231525,2000,1.1920928955078125e-07,1234
5,128,2193,500,0,avx2,1000,168.33099,200,1.1920928955078125e-07,1234
5,128,2193,500,0,avx2,10000,177.01103,20,1.1920928955078125e-07,1234
5,128,2193,500,0,avx2,100000,167.45450499999998,2,1.1920928955078125e-07,1234
5,128,2193,500,0,avx2,1000000,168.704682,1,1.1920928955078125e-07,1234
5,128,2193,500,4,avx2-omp4,100,105.93964862681744,2476,1.1920928955078125e-07,1234
5,128,2193,500,4,avx2-omp4,1000,50.54151802656546,527,1.1920928955078125e-07,1234
5,128,2193,500,4,avx2-omp4,10000,46.10284561403509,57,1.1920928955078125e-07,1234
5,128,2193,500,4,avx2-omp4,100000,45.61368,6,1.1920928955078125e-07,1234
5,128,2193,500,4,avx2-omp4,1000000,44.728767,1,1.1920928955078125e-07,1234
