batch_size,budget,surrogate_ns_per_eval,linf,best_exact_method,best_exact_ns_per_eval,cost_ratio_vs_best_exact,best_exact_dominates_surrogate,surrogate_dominates_best_exact,surrogate_global_pareto
1,128,354782.9110175371,0.0010614325814914949,CPU scalar,577.1433476916312,614.7223431345834,True,False,False
1,16,139915.96642881632,0.04456565716477723,CPU scalar,577.1433476916312,242.42844864872927,True,False,False
1,256,443284.0505614877,0.0005365927842213569,CPU scalar,577.1433476916312,768.0657714144445,True,False,False
1,32,185123.0626925826,0.006192332666692835,CPU scalar,577.1433476916312,320.75750926179643,True,False,False
1,64,280631.93894922733,0.0021705286812349067,CPU scalar,577.1433476916312,486.24304528789185,True,False,False
10,128,55969.00591626763,0.0010614325814914949,CPU scalar,321.30652211731586,174.19193842517817,True,False,False
10,16,21513.307001441717,0.04456565716477723,CPU scalar,321.30652211731586,66.9557121333091,True,False,False
10,256,70976.1050529778,0.0005365927842213569,CPU scalar,321.30652211731586,220.89842616721896,True,False,False
10,32,36598.904989659786,0.006192332666692835,CPU scalar,321.30652211731586,113.90651129172144,True,False,False
10,64,47441.50210171938,0.0021705286812349067,CPU scalar,321.30652211731586,147.65184904773727,True,False,False
100,128,8631.600067019463,0.0010614325814914949,CPU OpenMP,188.81037401951406,45.715708746635734,True,False,False
100,16,1419.619657099247,0.04456565716477723,CPU OpenMP,188.81037401951406,7.518758778331351,True,False,False
100,256,14061.409747228026,0.0005365927842213569,CPU OpenMP,188.81037401951406,74.47371374718395,True,False,False
100,32,4104.779800400138,0.006192332666692835,CPU OpenMP,188.81037401951406,21.74022387125772,True,False,False
100,64,6442.1596471220255,0.0021705286812349067,CPU OpenMP,188.81037401951406,34.11973351875364,True,False,False
1000,128,2598.79301302135,0.0010614325814914949,GPU direct resident,20.819893532474648,124.82258898047583,True,False,False
1000,16,178.05094830691814,0.04456565716477723,GPU direct resident,20.819893532474648,8.551962479020181,True,False,False
1000,256,8550.571044906974,0.0005365927842213569,GPU direct resident,20.819893532474648,410.69235207998946,True,False,False
1000,32,621.0179999470711,0.006192332666692835,GPU direct resident,20.819893532474648,29.82810642035291,True,False,False
1000,64,1250.2830941230059,0.0021705286812349067,GPU direct resident,20.819893532474648,60.05232890229855,True,False,False
10000,128,1646.4854939840734,0.0010614325814914949,GPU direct resident,10.619721443736731,155.04036548483415,True,False,False
10000,16,50.20529497414827,0.04456565716477723,GPU direct resident,10.619721443736731,4.7275529061789285,True,False,False
10000,32,186.60229397937655,0.006192332666692835,GPU direct resident,10.619721443736731,17.571298359189104,True,False,False
10000,64,551.8601043149829,0.0021705286812349067,GPU direct resident,10.619721443736731,51.96559130470012,True,False,False
100000,128,2043.173109414056,0.0010614325814914949,GPU direct resident,8.614518052631578,237.17787773280062,True,False,False
100000,16,27.18282979913056,0.04456565716477723,GPU direct resident,8.614518052631578,3.1554672743214813,True,False,False
100000,32,174.5231996756047,0.006192332666692835,GPU direct resident,8.614518052631578,20.25919483937828,True,False,False
100000,64,658.3394005429,0.0021705286812349067,GPU direct resident,8.614518052631578,76.42208148159715,True,False,False
1000000,16,22.61038892902434,0.04456565716477723,GPU direct resident,8.352823416666666,2.7069157099513297,True,False,False
1000000,32,143.3647929225117,0.006192332666692835,GPU direct resident,8.352823416666666,17.16363267496487,True,False,False
1000000,64,759.228880982846,0.0021705286812349067,GPU direct resident,8.352823416666666,90.89487986396688,True,False,False
