budget,batch_size,dtype,status,evidence
16,1,float32,complete,case-studies/thermogpu/raw-results/surrogate-performance/budget-16/calibration/float32-b1.json
16,10,float32,complete,case-studies/thermogpu/raw-results/surrogate-performance/budget-16/calibration/float32-b10.json
16,100,float32,complete,case-studies/thermogpu/raw-results/surrogate-performance/budget-16/calibration/float32-b100.json
16,1000,float32,complete,case-studies/thermogpu/raw-results/surrogate-performance/budget-16/calibration/float32-b1000.json
16,10000,float32,complete,case-studies/thermogpu/raw-results/surrogate-performance/budget-16/calibration/float32-b10000.json
16,100000,float32,complete,case-studies/thermogpu/raw-results/surrogate-performance/budget-16/calibration/float32-b100000.json
16,1000000,float32,complete,case-studies/thermogpu/raw-results/surrogate-performance/budget-16/calibration/float32-b1000000.json
32,1,float32,complete,case-studies/thermogpu/raw-results/surrogate-performance/budget-32/calibration/float32-b1.json
32,10,float32,complete,case-studies/thermogpu/raw-results/surrogate-performance/budget-32/calibration/float32-b10.json
32,100,float32,complete,case-studies/thermogpu/raw-results/surrogate-performance/budget-32/calibration/float32-b100.json
32,1000,float32,complete,case-studies/thermogpu/raw-results/surrogate-performance/budget-32/calibration/float32-b1000.json
32,10000,float32,complete,case-studies/thermogpu/raw-results/surrogate-performance/budget-32/calibration/float32-b10000.json
32,100000,float32,complete,case-studies/thermogpu/raw-results/surrogate-performance/budget-32/calibration/float32-b100000.json
32,1000000,float32,complete,case-studies/thermogpu/raw-results/surrogate-performance/budget-32/calibration/float32-b1000000.json
64,1,float32,complete,case-studies/thermogpu/raw-results/surrogate-performance/budget-64/calibration/float32-b1.json
64,10,float32,complete,case-studies/thermogpu/raw-results/surrogate-performance/budget-64/calibration/float32-b10.json
64,100,float32,complete,case-studies/thermogpu/raw-results/surrogate-performance/budget-64/calibration/float32-b100.json
64,1000,float32,complete,case-studies/thermogpu/raw-results/surrogate-performance/budget-64/calibration/float32-b1000.json
64,10000,float32,complete,case-studies/thermogpu/raw-results/surrogate-performance/budget-64/calibration/float32-b10000.json
64,100000,float32,complete,case-studies/thermogpu/raw-results/surrogate-performance/budget-64/calibration/float32-b100000.json
64,1000000,float32,complete,case-studies/thermogpu/raw-results/surrogate-performance/budget-64/calibration/float32-b1000000.json
128,1,float32,complete,case-studies/thermogpu/raw-results/surrogate-performance/budget-128/calibration/float32-b1.json
128,10,float32,complete,case-studies/thermogpu/raw-results/surrogate-performance/budget-128/calibration/float32-b10.json
128,100,float32,complete,case-studies/thermogpu/raw-results/surrogate-performance/budget-128/calibration/float32-b100.json
128,1000,float32,complete,case-studies/thermogpu/raw-results/surrogate-performance/budget-128/calibration/float32-b1000.json
128,10000,float32,complete,case-studies/thermogpu/raw-results/surrogate-performance/budget-128/calibration/float32-b10000.json
128,100000,float32,complete,case-studies/thermogpu/raw-results/surrogate-performance/budget-128/calibration/float32-b100000.json
128,1000000,float32,failed,case-studies/thermogpu/raw-results/surrogate-performance/budget-128/calibration/float32-b1000000.failed.json
256,1,float32,complete,case-studies/thermogpu/raw-results/surrogate-performance/budget-256/calibration/float32-b1.json
256,10,float32,complete,case-studies/thermogpu/raw-results/surrogate-performance/budget-256/calibration/float32-b10.json
256,100,float32,complete,case-studies/thermogpu/raw-results/surrogate-performance/budget-256/calibration/float32-b100.json
256,1000,float32,pending,
256,10000,float32,pending,
256,100000,float32,pending,
256,1000000,float32,pending,
