method,backend,batch_size,budget,threads,policy,ns_per_eval,evaluations_per_second,rmse,p99_abs,linf,exact,feasible,global_pareto,surrogate_pareto,best_exact_ns_per_eval,cost_ratio_vs_best_exact,evidence
CPU scalar,cpu,1,,1,,577.1433476916312,1732671.7946237195,0,0,0,True,True,True,False,577.1433476916312,,direct benchmark
CPU OpenMP,cpu_parallel,1,,1,,1895.552797765022,527550.591668596,0,0,0,True,True,False,False,577.1433476916312,,direct benchmark
GPU direct E2E,gpu_direct_e2e,1,,0,,273625.52781546814,3654.629770780728,0,0,0,True,True,False,False,577.1433476916312,,direct benchmark
GPU direct resident,gpu_direct_resident,1,,0,,20004.186210892236,49989.536662856204,0,0,0,True,True,False,False,577.1433476916312,,direct benchmark
GPU surrogate b128,gpu_surrogate,1,128,0,compact-lookahead-k64,354782.9110175371,2818.6250491376386,0.0002587998168556151,0.0007616375409485101,0.0010614325814914949,False,True,False,True,577.1433476916312,614.7223431345834,calibration selected-policy median
GPU surrogate b16,gpu_surrogate,1,16,0,grouped-min-live,139915.96642881632,7147.1471449883475,0.005051091528431866,0.02465713199542433,0.04456565716477723,False,True,False,True,577.1433476916312,242.42844864872927,calibration selected-policy median
GPU surrogate b256,gpu_surrogate,1,256,0,compact-lookahead-k32,443284.0505614877,2255.8898718177334,0.0001105551162543407,0.0003246637863173179,0.0005365927842213569,False,True,False,True,577.1433476916312,768.0657714144445,calibration selected-policy median
GPU surrogate b32,gpu_surrogate,1,32,0,grouped-lookahead-k32,185123.0626925826,5401.812099773927,0.0012872836546679307,0.003604733751391743,0.006192332666692835,False,True,False,True,577.1433476916312,320.75750926179643,calibration selected-policy median
GPU surrogate b64,gpu_surrogate,1,64,0,compact-lookahead-k32,280631.93894922733,3563.386276502628,0.0005388639856246739,0.0015278178529134292,0.0021705286812349067,False,True,False,True,577.1433476916312,486.24304528789185,calibration selected-policy median
CPU scalar,cpu,10,,1,,321.30652211731586,3112292.876628501,0,0,0,True,True,True,False,321.30652211731586,,direct benchmark
CPU OpenMP,cpu_parallel,10,,4,,487.36132392632226,2051865.7326841487,0,0,0,True,True,False,False,321.30652211731586,,direct benchmark
GPU direct E2E,gpu_direct_e2e,10,,0,,27660.082620689656,36153.181959478425,0,0,0,True,True,False,False,321.30652211731586,,direct benchmark
GPU direct resident,gpu_direct_resident,10,,0,,2012.342566510172,496933.28394588985,0,0,0,True,True,False,False,321.30652211731586,,direct benchmark
GPU surrogate b128,gpu_surrogate,10,128,0,compact-lookahead-k32,55969.00591626763,17867.03164776678,0.0002587998168556151,0.0007616375409485101,0.0010614325814914949,False,True,False,True,321.30652211731586,174.19193842517817,calibration selected-policy median
GPU surrogate b16,gpu_surrogate,10,16,0,grouped-lookahead-k64,21513.307001441717,46482.85825758843,0.005051091528431866,0.02465713199542433,0.04456565716477723,False,True,False,True,321.30652211731586,66.9557121333091,calibration selected-policy median
GPU surrogate b256,gpu_surrogate,10,256,0,compact-lookahead-k64,70976.1050529778,14089.248758488264,0.0001105551162543407,0.0003246637863173179,0.0005365927842213569,False,True,False,True,321.30652211731586,220.89842616721896,calibration selected-policy median
GPU surrogate b32,gpu_surrogate,10,32,0,compact-min-live,36598.904989659786,27323.221836350785,0.0012872836546679307,0.003604733751391743,0.006192332666692835,False,True,False,True,321.30652211731586,113.90651129172144,calibration selected-policy median
GPU surrogate b64,gpu_surrogate,10,64,0,compact-lookahead-k32,47441.50210171938,21078.59059470543,0.0005388639856246739,0.0015278178529134292,0.0021705286812349067,False,True,False,True,321.30652211731586,147.65184904773727,calibration selected-policy median
CPU scalar,cpu,100,,1,,290.55942853030086,3441636.724914316,0,0,0,True,True,False,False,188.81037401951406,,direct benchmark
CPU OpenMP,cpu_parallel,100,,4,,188.81037401951406,5296319.15191613,0,0,0,True,True,True,False,188.81037401951406,,direct benchmark
GPU direct E2E,gpu_direct_e2e,100,,0,,2821.6457223001403,354403.10315953597,0,0,0,True,True,False,False,188.81037401951406,,direct benchmark
GPU direct resident,gpu_direct_resident,100,,0,,206.73978173581796,4836998.431573504,0,0,0,True,True,False,False,188.81037401951406,,direct benchmark
GPU surrogate b128,gpu_surrogate,100,128,0,compact-min-live,8631.600067019463,115853.37506784016,0.0002587998168556151,0.0007616375409485101,0.0010614325814914949,False,True,False,True,188.81037401951406,45.715708746635734,calibration selected-policy median
GPU surrogate b16,gpu_surrogate,100,16,0,grouped-lookahead-k64,1419.619657099247,704414.0273764109,0.005051091528431866,0.02465713199542433,0.04456565716477723,False,True,False,True,188.81037401951406,7.518758778331351,calibration selected-policy median
GPU surrogate b256,gpu_surrogate,100,256,0,compact-lookahead-k64,14061.409747228026,71116.6247180254,0.0001105551162543407,0.0003246637863173179,0.0005365927842213569,False,True,False,True,188.81037401951406,74.47371374718395,calibration selected-policy median
GPU surrogate b32,gpu_surrogate,100,32,0,grouped-min-live,4104.779800400138,243618.4274495112,0.0012872836546679307,0.003604733751391743,0.006192332666692835,False,True,False,True,188.81037401951406,21.74022387125772,calibration selected-policy median
GPU surrogate b64,gpu_surrogate,100,64,0,compact-lookahead-k64,6442.1596471220255,155227.4477467724,0.0005388639856246739,0.0015278178529134292,0.0021705286812349067,False,True,False,True,188.81037401951406,34.11973351875364,calibration selected-policy median
CPU scalar,cpu,1000,,1,,289.098335235378,3459030.6415490783,0,0,0,True,True,False,False,20.819893532474648,,direct benchmark
CPU OpenMP,cpu_parallel,1000,,4,,157.33672024326677,6355795.382373842,0,0,0,True,True,False,False,20.819893532474648,,direct benchmark
GPU direct E2E,gpu_direct_e2e,1000,,0,,310.5111606060606,3220496.1588117606,0,0,0,True,True,False,False,20.819893532474648,,direct benchmark
GPU direct resident,gpu_direct_resident,1000,,0,,20.819893532474648,48030985.290112585,0,0,0,True,True,True,False,20.819893532474648,,direct benchmark
GPU surrogate b128,gpu_surrogate,1000,128,0,compact-min-live,2598.79301302135,384794.0159102562,0.0002587998168556151,0.0007616375409485101,0.0010614325814914949,False,True,False,True,20.819893532474648,124.82258898047583,calibration selected-policy median
GPU surrogate b16,gpu_surrogate,1000,16,0,grouped-lookahead-k64,178.05094830691814,5616369.974487494,0.005051091528431866,0.02465713199542433,0.04456565716477723,False,True,False,True,20.819893532474648,8.551962479020181,calibration selected-policy median
GPU surrogate b256,gpu_surrogate,1000,256,0,compact-min-live,8550.571044906974,116951.25328449681,0.0001105551162543407,0.0003246637863173179,0.0005365927842213569,False,True,False,True,20.819893532474648,410.69235207998946,calibration selected-policy median
GPU surrogate b32,gpu_surrogate,1000,32,0,compact-min-live,621.0179999470711,1610259.284087143,0.0012872836546679307,0.003604733751391743,0.006192332666692835,False,True,False,True,20.819893532474648,29.82810642035291,calibration selected-policy median
GPU surrogate b64,gpu_surrogate,1000,64,0,compact-min-live,1250.2830941230059,799818.860784834,0.0005388639856246739,0.0015278178529134292,0.0021705286812349067,False,True,False,True,20.819893532474648,60.05232890229855,calibration selected-policy median
CPU scalar,cpu,10000,,1,,289.3941385714285,3455495.003929318,0,0,0,True,True,False,False,10.619721443736731,,direct benchmark
CPU OpenMP,cpu_parallel,10000,,4,,155.10876335877862,6447088.986757778,0,0,0,True,True,False,False,10.619721443736731,,direct benchmark
GPU direct E2E,gpu_direct_e2e,10000,,0,,56.729879378531066,17627395.13912031,0,0,0,True,True,False,False,10.619721443736731,,direct benchmark
GPU direct resident,gpu_direct_resident,10000,,0,,10.619721443736731,94164428.44551042,0,0,0,True,True,True,False,10.619721443736731,,direct benchmark
GPU surrogate b128,gpu_surrogate,10000,128,0,compact-min-live,1646.4854939840734,607354.2728762559,0.0002587998168556151,0.0007616375409485101,0.0010614325814914949,False,True,False,True,10.619721443736731,155.04036548483415,calibration selected-policy median
GPU surrogate b16,gpu_surrogate,10000,16,0,grouped-min-live,50.20529497414827,19918217.79983407,0.005051091528431866,0.02465713199542433,0.04456565716477723,False,True,False,True,10.619721443736731,4.7275529061789285,calibration selected-policy median
GPU surrogate b32,gpu_surrogate,10000,32,0,compact-lookahead-k32,186.60229397937655,5358990.9248946365,0.0012872836546679307,0.003604733751391743,0.006192332666692835,False,True,False,True,10.619721443736731,17.571298359189104,calibration selected-policy median
GPU surrogate b64,gpu_surrogate,10000,64,0,compact-lookahead-k64,551.8601043149829,1812053.4392340023,0.0005388639856246739,0.0015278178529134292,0.0021705286812349067,False,True,False,True,10.619721443736731,51.96559130470012,calibration selected-policy median
CPU scalar,cpu,100000,,1,,300.30473714285716,3329950.8010234707,0,0,0,True,True,False,False,8.614518052631578,,direct benchmark
CPU OpenMP,cpu_parallel,100000,,8,,157.08190923076924,6366105.459864883,0,0,0,True,True,False,False,8.614518052631578,,direct benchmark
GPU direct E2E,gpu_direct_e2e,100000,,0,,58.63298470588235,17055246.377380393,0,0,0,True,True,False,False,8.614518052631578,,direct benchmark
GPU direct resident,gpu_direct_resident,100000,,0,,8.614518052631578,116083104.57884736,0,0,0,True,True,True,False,8.614518052631578,,direct benchmark
GPU surrogate b128,gpu_surrogate,100000,128,0,compact-min-live,2043.173109414056,489434.7891485227,0.0002587998168556151,0.0007616375409485101,0.0010614325814914949,False,True,False,True,8.614518052631578,237.17787773280062,calibration selected-policy median
GPU surrogate b16,gpu_surrogate,100000,16,0,grouped-lookahead-k64,27.18282979913056,36787928.53391536,0.005051091528431866,0.02465713199542433,0.04456565716477723,False,True,False,True,8.614518052631578,3.1554672743214813,calibration selected-policy median
GPU surrogate b32,gpu_surrogate,100000,32,0,grouped-lookahead-k32,174.5231996756047,5729897.239213765,0.0012872836546679307,0.003604733751391743,0.006192332666692835,False,True,False,True,8.614518052631578,20.25919483937828,calibration selected-policy median
GPU surrogate b64,gpu_surrogate,100000,64,0,grouped-lookahead-k64,658.3394005429,1518973.3428917506,0.0005388639856246739,0.0015278178529134292,0.0021705286812349067,False,True,False,True,8.614518052631578,76.42208148159715,calibration selected-policy median
CPU scalar,cpu,1000000,,1,,312.044801,3204668.0373950535,0,0,0,True,True,False,False,8.352823416666666,,direct benchmark
CPU OpenMP,cpu_parallel,1000000,,8,,139.4998545,7168466.258149395,0,0,0,True,True,False,False,8.352823416666666,,direct benchmark
GPU direct E2E,gpu_direct_e2e,1000000,,0,,45.8724595,21799572.355609145,0,0,0,True,True,False,False,8.352823416666666,,direct benchmark
GPU direct resident,gpu_direct_resident,1000000,,0,,8.352823416666666,119719997.67224418,0,0,0,True,True,True,False,8.352823416666666,,direct benchmark
GPU surrogate b16,gpu_surrogate,1000000,16,0,grouped-min-live,22.61038892902434,44227456.81814997,0.005051091528431866,0.02465713199542433,0.04456565716477723,False,True,False,True,8.352823416666666,2.7069157099513297,calibration selected-policy median
GPU surrogate b32,gpu_surrogate,1000000,32,0,grouped-min-live,143.3647929225117,6975213.227842469,0.0012872836546679307,0.003604733751391743,0.006192332666692835,False,True,False,True,8.352823416666666,17.16363267496487,calibration selected-policy median
GPU surrogate b64,gpu_surrogate,1000000,64,0,compact-lookahead-k64,759.228880982846,1317125.8694815035,0.0005388639856246739,0.0015278178529134292,0.0021705286812349067,False,True,False,True,8.352823416666666,90.89487986396688,calibration selected-policy median
