budget,batch_size,policy,rmse,p99_abs,linf,ns_per_eval,evaluations_per_second,best_exact_ns_per_eval,cost_ratio_vs_best_exact,surrogate_pareto,global_pareto
16,1,grouped-min-live,0.005051091528431866,0.02465713199542433,0.04456565716477723,139915.96642881632,7147.1471449883475,577.1433476916312,242.42844864872927,True,False
16,10,grouped-lookahead-k64,0.005051091528431866,0.02465713199542433,0.04456565716477723,21513.307001441717,46482.85825758843,321.30652211731586,66.9557121333091,True,False
16,100,grouped-lookahead-k64,0.005051091528431866,0.02465713199542433,0.04456565716477723,1419.619657099247,704414.0273764109,188.81037401951406,7.518758778331351,True,False
16,1000,grouped-lookahead-k64,0.005051091528431866,0.02465713199542433,0.04456565716477723,178.05094830691814,5616369.974487494,20.819893532474648,8.551962479020181,True,False
16,10000,grouped-min-live,0.005051091528431866,0.02465713199542433,0.04456565716477723,50.20529497414827,19918217.79983407,10.619721443736731,4.7275529061789285,True,False
16,100000,grouped-lookahead-k64,0.005051091528431866,0.02465713199542433,0.04456565716477723,27.18282979913056,36787928.53391536,8.614518052631578,3.1554672743214813,True,False
16,1000000,grouped-min-live,0.005051091528431866,0.02465713199542433,0.04456565716477723,22.61038892902434,44227456.81814997,8.352823416666666,2.7069157099513297,True,False
32,1,grouped-lookahead-k32,0.0012872836546679307,0.003604733751391743,0.006192332666692835,185123.0626925826,5401.812099773927,577.1433476916312,320.75750926179643,True,False
32,10,compact-min-live,0.0012872836546679307,0.003604733751391743,0.006192332666692835,36598.904989659786,27323.221836350785,321.30652211731586,113.90651129172144,True,False
32,100,grouped-min-live,0.0012872836546679307,0.003604733751391743,0.006192332666692835,4104.779800400138,243618.4274495112,188.81037401951406,21.74022387125772,True,False
32,1000,compact-min-live,0.0012872836546679307,0.003604733751391743,0.006192332666692835,621.0179999470711,1610259.284087143,20.819893532474648,29.82810642035291,True,False
32,10000,compact-lookahead-k32,0.0012872836546679307,0.003604733751391743,0.006192332666692835,186.60229397937655,5358990.9248946365,10.619721443736731,17.571298359189104,True,False
32,100000,grouped-lookahead-k32,0.0012872836546679307,0.003604733751391743,0.006192332666692835,174.5231996756047,5729897.239213765,8.614518052631578,20.25919483937828,True,False
32,1000000,grouped-min-live,0.0012872836546679307,0.003604733751391743,0.006192332666692835,143.3647929225117,6975213.227842469,8.352823416666666,17.16363267496487,True,False
64,1,compact-lookahead-k32,0.0005388639856246739,0.0015278178529134292,0.0021705286812349067,280631.93894922733,3563.386276502628,577.1433476916312,486.24304528789185,True,False
64,10,compact-lookahead-k32,0.0005388639856246739,0.0015278178529134292,0.0021705286812349067,47441.50210171938,21078.59059470543,321.30652211731586,147.65184904773727,True,False
64,100,compact-lookahead-k64,0.0005388639856246739,0.0015278178529134292,0.0021705286812349067,6442.1596471220255,155227.4477467724,188.81037401951406,34.11973351875364,True,False
64,1000,compact-min-live,0.0005388639856246739,0.0015278178529134292,0.0021705286812349067,1250.2830941230059,799818.860784834,20.819893532474648,60.05232890229855,True,False
64,10000,compact-lookahead-k64,0.0005388639856246739,0.0015278178529134292,0.0021705286812349067,551.8601043149829,1812053.4392340023,10.619721443736731,51.96559130470012,True,False
64,100000,grouped-lookahead-k64,0.0005388639856246739,0.0015278178529134292,0.0021705286812349067,658.3394005429,1518973.3428917506,8.614518052631578,76.42208148159715,True,False
64,1000000,compact-lookahead-k64,0.0005388639856246739,0.0015278178529134292,0.0021705286812349067,759.228880982846,1317125.8694815035,8.352823416666666,90.89487986396688,True,False
128,1,compact-lookahead-k64,0.0002587998168556151,0.0007616375409485101,0.0010614325814914949,354782.9110175371,2818.6250491376386,577.1433476916312,614.7223431345834,True,False
128,10,compact-lookahead-k32,0.0002587998168556151,0.0007616375409485101,0.0010614325814914949,55969.00591626763,17867.03164776678,321.30652211731586,174.19193842517817,True,False
128,100,compact-min-live,0.0002587998168556151,0.0007616375409485101,0.0010614325814914949,8631.600067019463,115853.37506784016,188.81037401951406,45.715708746635734,True,False
128,1000,compact-min-live,0.0002587998168556151,0.0007616375409485101,0.0010614325814914949,2598.79301302135,384794.0159102562,20.819893532474648,124.82258898047583,True,False
128,10000,compact-min-live,0.0002587998168556151,0.0007616375409485101,0.0010614325814914949,1646.4854939840734,607354.2728762559,10.619721443736731,155.04036548483415,True,False
128,100000,compact-min-live,0.0002587998168556151,0.0007616375409485101,0.0010614325814914949,2043.173109414056,489434.7891485227,8.614518052631578,237.17787773280062,True,False
256,1,compact-lookahead-k32,0.0001105551162543407,0.0003246637863173179,0.0005365927842213569,443284.0505614877,2255.8898718177334,577.1433476916312,768.0657714144445,True,False
256,10,compact-lookahead-k64,0.0001105551162543407,0.0003246637863173179,0.0005365927842213569,70976.1050529778,14089.248758488264,321.30652211731586,220.89842616721896,True,False
256,100,compact-lookahead-k64,0.0001105551162543407,0.0003246637863173179,0.0005365927842213569,14061.409747228026,71116.6247180254,188.81037401951406,74.47371374718395,True,False
256,1000,compact-min-live,0.0001105551162543407,0.0003246637863173179,0.0005365927842213569,8550.571044906974,116951.25328449681,20.819893532474648,410.69235207998946,True,False
