components,batch,method,backend,threads,ns_per_eval,evaluations_per_second,mad_percent
1,1,CPU scalar,scalar,1,584.3273098996742,1711369.60922072,0.9018888100244954
1,10,CPU scalar,scalar,1,319.7111104102936,3127823.7366123246,0.7908099963624937
1,100,CPU OpenMP 4,openmp,4,134.91197893997892,7412240.246248932,1.706793588502197
1,1000,GPU fixed-composition resident,cuda_fixed_resident,0,20.881733096457314,47888745.41115818,0.1432673718788641
1,10000,GPU generic resident,cuda_generic_resident,0,10.66219420751114,93789325.21183448,0.1566836944738695
1,100000,GPU fixed-composition resident,cuda_fixed_resident,0,8.580488461538462,116543481.70065627,0.08196692326653583
1,1000000,GPU fixed-composition resident,cuda_fixed_resident,0,8.348875833333333,119776604.6546586,0.013481854992263745
2,1,CPU scalar,scalar,1,590.4806152128566,1693535.696577473,0.379045102706197
2,10,CPU scalar,scalar,1,362.85344424085196,2755933.6031442713,0.20538032576194448
2,100,CPU OpenMP 4,openmp,4,160.260567358956,6239838.1366027035,3.5728989435448044
2,1000,GPU fixed-composition resident,cuda_fixed_resident,0,27.667807756003313,36143087.62077551,0.15884453052854877
2,10000,GPU fixed-composition resident,cuda_fixed_resident,0,15.590730852713177,64140674.95918416,0.1642607880687369
2,100000,GPU fixed-composition resident,cuda_fixed_resident,0,12.4937300621118,80040147.74039157,0.043756606481490504
2,1000000,GPU fixed-composition resident,cuda_fixed_resident,0,12.098191470588235,82656982.44494541,0.027347791968241605
3,1,CPU scalar,scalar,1,656.9855885098369,1522103.4030109888,0.5119590833131844
3,10,CPU scalar,scalar,1,413.2705469530979,2419722.4006710793,0.6120278009255535
3,100,CPU OpenMP 8,openmp,8,151.68650000000002,6592544.4914346365,0.339680854921155
3,1000,GPU fixed-composition resident,cuda_fixed_resident,0,36.19602893832519,27627340.051692154,0.054251321470295884
3,10000,GPU fixed-composition resident,cuda_fixed_resident,0,20.482484387755104,48822202.47646437,0.1620035260889235
3,100000,GPU fixed-composition resident,cuda_fixed_resident,0,17.11730752136752,58420402.785408914,0.0531136332058934
3,1000000,GPU fixed-composition resident,cuda_fixed_resident,0,16.66444807692308,60007987.986400805,0.012601677477152608
4,1,CPU scalar,scalar,1,900.9293539021537,1109964.944164319,4.644055905890101
4,10,CPU scalar,scalar,1,465.8139915287951,2146779.654939118,0.5793692741982214
4,100,CPU OpenMP 4,openmp,4,213.45141763204398,4684906.809679004,6.808998299497497
4,1000,GPU fixed-composition resident,cuda_fixed_resident,0,42.76690762026394,23382565.063604858,0.16755962051401127
4,10000,GPU fixed-composition resident,cuda_fixed_resident,0,26.436196452036793,37826924.22543843,0.15493778924891005
4,100000,GPU generic resident,cuda_generic_resident,0,22.360148666666667,44722421.791888505,0.06231324103002976
4,1000000,GPU fixed-composition resident,cuda_fixed_resident,0,21.9412993,45576152.365780815,0.01251521143964973
5,1,CPU scalar,scalar,1,828.736171926349,1206656.6343732267,0.3450610372630409
5,10,CPU scalar,scalar,1,532.8454427565765,1876716.8108385922,0.6421777655109078
5,100,CPU OpenMP 4,openmp,4,246.35144572526417,4059241.450992819,10.098564114500181
5,1000,GPU fixed-composition resident,cuda_fixed_resident,0,54.899499026425595,18215102.464207463,0.7952055053447272
5,10000,GPU fixed-composition resident,cuda_fixed_resident,0,33.694916666666664,29678067.166412342,0.14344399130431104
5,100000,GPU generic resident,cuda_generic_resident,0,28.621366285714288,34938933.0340644,0.06537922887618688
5,1000000,GPU fixed-composition resident,cuda_fixed_resident,0,28.07033575,35624796.543447115,0.005122845742945699
