components,batch,method,backend,threads,calls_per_sample,median_seconds,ns_per_eval,evaluations_per_second,mad_percent,is_best_exact
1,1,CPU scalar,scalar,1,342385,5.843273098996743e-07,584.3273098996742,1711369.60922072,0.9018888100244954,True
1,1,CPU OpenMP 1,openmp,1,110262,2.2229373854999908e-06,2222.937385499991,449855.2260279147,8.43429059913223,False
1,1,CPU OpenMP 2,openmp,2,62324,3.2218663275784608e-06,3221.8663275784606,310379.1089779926,0.5499239124469043,False
1,1,CPU OpenMP 4,openmp,4,57198,3.501933966222595e-06,3501.933966222595,285556.49810800474,0.854728940269416,False
1,1,CPU OpenMP 8,openmp,8,74,4.2441216216216215e-06,4244.121621621622,235620.01496505502,2.092242051804562,False
1,1,GPU fixed-composition resident,cuda_fixed_resident,0,9941,2.0079434362740168e-05,20079.43436274017,49802.19970018785,0.0763414968445122,False
1,1,GPU generic resident,cuda_generic_resident,0,8616,2.0533573932219128e-05,20533.573932219126,48700.72805157922,1.494610421674306,False
1,10,CPU scalar,scalar,1,63418,3.197111104102936e-06,319.7111104102936,3127823.7366123246,0.7908099963624937,True
1,10,CPU OpenMP 2,openmp,2,45270,4.474967086370665e-06,447.4967086370665,2234653.3073856207,0.8454176723511446,False
1,10,CPU OpenMP 4,openmp,4,46092,4.531306408921288e-06,453.1306408921288,2206869.078708049,2.957417151138948,False
1,10,CPU OpenMP 1,openmp,1,41372,4.850656434303394e-06,485.06564343033943,2061576.6413141373,0.14534185083598192,False
1,10,CPU OpenMP 8,openmp,8,34330,6.12668415380134e-06,612.6684153801341,1632204.2639974244,6.057226507832128,False
1,10,GPU generic resident,cuda_generic_resident,0,8459,2.0139114197895733e-05,2013.911419789573,496546.16889976553,0.3019240204294295,False
1,10,GPU fixed-composition resident,cuda_fixed_resident,0,9930,2.0141094763343405e-05,2014.1094763343403,496497.34125673753,0.08904202317997104,False
1,100,CPU OpenMP 4,openmp,4,14245,1.3491197893997892e-05,134.91197893997892,7412240.246248932,1.706793588502197,True
1,100,CPU OpenMP 8,openmp,8,10083,1.5522027769513043e-05,155.22027769513042,6442457.228198684,5.713183593239589,False
1,100,GPU generic resident,cuda_generic_resident,0,9675,2.0734904289405684e-05,207.34904289405685,4822785.704928193,0.06171421025307765,False
1,100,GPU fixed-composition resident,cuda_fixed_resident,0,9617,2.085138931059582e-05,208.5138931059582,4795843.505218336,0.4816523928443946,False
1,100,CPU OpenMP 2,openmp,2,9615,2.0880736973478937e-05,208.80736973478935,4789102.996077778,0.6533526913707802,False
1,100,CPU scalar,scalar,1,6861,2.917492071126658e-05,291.7492071126658,3427601.4317112663,0.49722152213370807,False
1,100,CPU OpenMP 1,openmp,1,5751,3.4989791688402017e-05,349.89791688402016,2857976.431827308,0.3704744507243601,False
1,1000,GPU fixed-composition resident,cuda_fixed_resident,0,9569,2.088173309645731e-05,20.881733096457314,47888745.41115818,0.1432673718788641,True
1,1000,GPU generic resident,cuda_generic_resident,0,9514,2.098042568845911e-05,20.980425688459114,47663475.22443641,0.1097422209566312,False
1,1000,CPU OpenMP 4,openmp,4,1982,0.00010455490312815339,104.55490312815338,9564352.986624604,3.255339493079073,False
1,1000,CPU OpenMP 8,openmp,8,1902,0.0001059522712933754,105.95227129337539,9438212.015588233,4.018448280533439,False
1,1000,CPU OpenMP 2,openmp,2,1127,0.00017924067080745342,179.24067080745343,5579090.925598213,0.7864181620428956,False
1,1000,CPU scalar,scalar,1,693,0.0002896572395382395,289.65723953823954,3452356.3146364363,1.4336933347209835,False
1,1000,CPU OpenMP 1,openmp,1,600,0.00033868037166666663,338.68037166666664,2952636.419639377,0.9672428462700448,False
1,10000,GPU generic resident,cuda_generic_resident,0,1571,0.0001066219420751114,10.66219420751114,93789325.21183448,0.1566836944738695,True
1,10000,GPU fixed-composition resident,cuda_fixed_resident,0,1891,0.00010676328714965627,10.676328714965628,93665156.50630373,0.3259319598867884,False
1,10000,CPU OpenMP 4,openmp,4,198,0.000977984287878788,97.79842878787879,10225113.147461329,2.0851784046498634,False
1,10000,CPU OpenMP 8,openmp,8,205,0.001013784775609756,101.37847756097561,9864026.606619092,6.904865779492259,False
1,10000,CPU OpenMP 2,openmp,2,118,0.0018077249745762712,180.7724974576271,5531814.927956057,3.332254207504293,False
1,10000,CPU scalar,scalar,1,71,0.0028907379014084505,289.07379014084506,3459324.3459144854,1.3384384125597104,False
1,10000,CPU OpenMP 1,openmp,1,60,0.0033545921833333333,335.4592183333333,2980988.2851582193,0.5402320861346991,False
1,100000,GPU fixed-composition resident,cuda_fixed_resident,0,234,0.0008580488461538462,8.580488461538462,116543481.70065627,0.08196692326653583,True
1,100000,GPU generic resident,cuda_generic_resident,0,233,0.0008626426437768241,8.626426437768242,115922857.18936843,0.0759832039422127,False
1,100000,CPU OpenMP 8,openmp,8,20,0.01061032495,106.10324949999999,9424782.037424782,2.9916034758200225,False
1,100000,CPU OpenMP 4,openmp,4,18,0.011350506611111111,113.50506611111112,8810179.441868182,4.764700199211366,False
1,100000,CPU OpenMP 2,openmp,2,11,0.01901862481818182,190.1862481818182,5258003.717724108,2.2580434825722335,False
1,100000,CPU scalar,scalar,1,7,0.030647391857142856,306.47391857142856,3262920.3968197843,0.6911214999078229,False
1,100000,CPU OpenMP 1,openmp,1,6,0.0355429955,355.429955,2813493.8711060523,0.24090916403863166,False
1,1000000,GPU fixed-composition resident,cuda_fixed_resident,0,24,0.008348875833333333,8.348875833333333,119776604.6546586,0.013481854992263745,True
1,1000000,GPU generic resident,cuda_generic_resident,0,24,0.008354414458333332,8.354414458333332,119697197.8092999,0.016174582592305572,False
1,1000000,CPU OpenMP 8,openmp,8,2,0.10243605,102.43605,9762188.214012546,1.2193119512124941,False
1,1000000,CPU OpenMP 4,openmp,4,2,0.1092613985,109.2613985,9152363.174264148,1.4638916597795448,False
1,1000000,CPU OpenMP 2,openmp,2,2,0.194430914,194.430914,5143215.034210043,1.589118179015494,False
1,1000000,CPU scalar,scalar,1,1,0.312320275,312.320275,3201841.4430507277,3.0661887064488513,False
1,1000000,CPU OpenMP 1,openmp,1,1,0.344649192,344.649192,2901501.071849314,2.6571674074895246,False
2,1,CPU scalar,scalar,1,340370,5.904806152128566e-07,590.4806152128566,1693535.696577473,0.379045102706197,True
2,1,CPU OpenMP 1,openmp,1,100567,1.902319508387443e-06,1902.319508387443,525674.0498065329,0.36391717120318406,False
2,1,CPU OpenMP 2,openmp,2,64222,2.7347252343433716e-06,2734.7252343433715,365667.4489421266,3.726223160520543,False
2,1,CPU OpenMP 4,openmp,4,73986,2.985473562565891e-06,2985.473562565891,334955.23542353575,7.933709431571325,False
2,1,CPU OpenMP 8,openmp,8,37529,5.951428708465453e-06,5951.4287084654525,168026.8804325214,9.936305772978987,False
2,1,GPU generic resident,cuda_generic_resident,0,6082,2.6612904472213087e-05,26612.904472213086,37575.75581590932,0.3140553498544052,False
2,1,GPU fixed-composition resident,cuda_fixed_resident,0,7483,2.6667648937591876e-05,26667.648937591875,37498.61873239064,0.11738726361994234,False
2,10,CPU scalar,scalar,1,55121,3.6285344424085196e-06,362.85344424085196,2755933.6031442713,0.20538032576194448,True
2,10,CPU OpenMP 4,openmp,4,40467,4.6177060814985045e-06,461.77060814985043,2165577.4151729625,2.1276328513004623,False
2,10,CPU OpenMP 2,openmp,2,39400,5.0333594416243655e-06,503.3359441624366,1986744.661488511,0.5045327982851793,False
2,10,CPU OpenMP 8,openmp,8,36,5.1268888888888886e-06,512.6888888888889,1950500.628494647,0.4621602878071984,False
2,10,CPU OpenMP 1,openmp,1,37082,5.393048945580066e-06,539.3048945580066,1854238.6877826527,0.09324147399603669,False
2,10,GPU fixed-composition resident,cuda_fixed_resident,0,7535,2.69037398805574e-05,2690.37398805574,371695.5354309951,0.5021702875616167,False
2,10,GPU generic resident,cuda_generic_resident,0,7336,2.6939265676117778e-05,2693.926567611778,371205.36692524655,0.20358812997569675,False
2,100,CPU OpenMP 4,openmp,4,12567,1.60260567358956e-05,160.260567358956,6239838.1366027035,3.5728989435448044,True
2,100,CPU OpenMP 8,openmp,8,11479,1.7846958532973255e-05,178.46958532973255,5603195.626596229,5.674833451611898,False
2,100,CPU OpenMP 2,openmp,2,7643,2.565634475991103e-05,256.5634475991103,3897671.353257368,4.379002912432038,False
2,100,GPU fixed-composition resident,cuda_fixed_resident,0,7217,2.749067257863378e-05,274.9067257863378,3637597.4328733487,0.2657396729027273,False
2,100,GPU generic resident,cuda_generic_resident,0,7093,2.759953235584379e-05,275.99532355843786,3623249.796796883,0.25801645550003355,False
2,100,CPU scalar,scalar,1,5860,3.423444010238908e-05,342.34440102389084,2921035.065884469,1.0295432340082196,False
2,100,CPU OpenMP 1,openmp,1,4959,4.075130469852793e-05,407.5130469852793,2453909.162903742,0.461882709970804,False
2,1000,GPU fixed-composition resident,cuda_fixed_resident,0,7246,2.766780775600331e-05,27.667807756003313,36143087.62077551,0.15884453052854877,True
2,1000,GPU generic resident,cuda_generic_resident,0,6899,2.77603842585882e-05,27.7603842585882,36022556.12476369,0.07874053531356012,False
2,1000,CPU OpenMP 4,openmp,4,1273,0.0001187188311076198,118.7188311076198,8423263.526689293,2.9854487560143315,False
2,1000,CPU OpenMP 8,openmp,8,1556,0.0001253321446015424,125.33214460154241,7978799.079671166,2.094619870654516,False
2,1000,CPU OpenMP 2,openmp,2,978,0.00021149255623721883,211.49255623721885,4728298.80063655,4.933008998465081,False
2,1000,CPU scalar,scalar,1,609,0.0003314037619047619,331.4037619047619,3017467.2558103846,0.5055015736389019,False
2,1000,CPU OpenMP 1,openmp,1,523,0.0003841545812619503,384.1545812619503,2603118.76722905,0.4334610839169682,False
2,10000,GPU fixed-composition resident,cuda_fixed_resident,0,1290,0.00015590730852713176,15.590730852713177,64140674.95918416,0.1642607880687369,True
2,10000,GPU generic resident,cuda_generic_resident,0,968,0.00015820972417355373,15.820972417355373,63207239.96099094,0.4482196463080912,False
2,10000,CPU OpenMP 4,openmp,4,177,0.0011593661581920903,115.93661581920902,8625402.707625993,2.8552451293154832,False
2,10000,CPU OpenMP 8,openmp,8,179,0.001249251189944134,124.92511899441341,8004795.25694684,8.456247374432754,False
2,10000,CPU OpenMP 2,openmp,2,94,0.0020047881595744678,200.47881595744676,4988058.190708079,0.313444270259189,False
2,10000,CPU scalar,scalar,1,61,0.0033070165245901637,330.7016524590164,3023873.611045622,0.1939373733368653,False
2,10000,CPU OpenMP 1,openmp,1,49,0.00391255193877551,391.25519387755094,2555876.613648136,0.7057088294765712,False
2,100000,GPU fixed-composition resident,cuda_fixed_resident,0,161,0.00124937300621118,12.4937300621118,80040147.74039157,0.043756606481490504,True
2,100000,GPU generic resident,cuda_generic_resident,0,160,0.0012529446874999998,12.529446874999998,79811982.92123331,0.13749858770200613,False
2,100000,CPU OpenMP 4,openmp,4,14,0.012587581214285715,125.87581214285714,7944338.018372382,4.101781451408651,False
2,100000,CPU OpenMP 8,openmp,8,14,0.01622331307142857,162.23313071428572,6163969.070911502,26.375694099791122,False
2,100000,CPU OpenMP 2,openmp,2,9,0.021232628666666666,212.32628666666668,4709732.439158185,2.679914683510839,False
2,100000,CPU scalar,scalar,1,6,0.034383703833333334,343.83703833333334,2908354.5066792616,1.1661459411418846,False
2,100000,CPU OpenMP 1,openmp,1,6,0.03923015566666667,392.3015566666667,2549059.4748001127,0.5124913813112848,False
2,1000000,GPU fixed-composition resident,cuda_fixed_resident,0,17,0.012098191470588235,12.098191470588235,82656982.44494541,0.027347791968241605,True
2,1000000,GPU generic resident,cuda_generic_resident,0,17,0.012103515235294116,12.103515235294116,82620625.54223736,0.00893955168365139,False
2,1000000,CPU OpenMP 8,openmp,8,2,0.1324955125,132.4955125,7547425.426955498,5.872504172546988,False
2,1000000,CPU OpenMP 4,openmp,4,2,0.133762083,133.762083,7475960.134382775,6.066157776565132,False
2,1000000,CPU OpenMP 2,openmp,2,1,0.219920982,219.920982,4547087.735357602,5.719713455990286,False
2,1000000,CPU scalar,scalar,1,1,0.345011387,345.011387,2898455.0588181023,4.015391816618509,False
2,1000000,CPU OpenMP 1,openmp,1,1,0.411683345,411.683345,2429051.3865699377,2.653130648265606,False
3,1,CPU scalar,scalar,1,307463,6.569855885098369e-07,656.9855885098369,1522103.4030109888,0.5119590833131844,True
3,1,CPU OpenMP 1,openmp,1,101250,1.9791217283950615e-06,1979.1217283950616,505274.6304851772,0.726064922425368,False
3,1,CPU OpenMP 2,openmp,2,61658,3.237184161017224e-06,3237.184161017224,308910.4450843998,0.968770270243921,False
3,1,CPU OpenMP 4,openmp,4,54574,3.5393640927914393e-06,3539.3640927914394,282536.6291184008,4.7914151358621595,False
3,1,CPU OpenMP 8,openmp,8,42,4.311e-06,4311.0,231964.7413593134,1.1355226386541517,False
3,1,GPU fixed-composition resident,cuda_fixed_resident,0,5764,3.489606349757113e-05,34896.06349757113,28656.527406582776,0.2632855742772521,False
3,1,GPU generic resident,cuda_generic_resident,0,4612,3.496391587163921e-05,34963.915871639205,28600.915402932445,0.30581956692063733,False
3,10,CPU scalar,scalar,1,49017,4.132705469530979e-06,413.2705469530979,2419722.4006710793,0.6120278009255535,True
3,10,CPU OpenMP 4,openmp,4,38298,4.973840383309834e-06,497.38403833098334,2010518.880653246,2.200387395248794,False
3,10,CPU OpenMP 2,openmp,2,29405,5.2624194524740696e-06,526.241945247407,1900266.6150640289,0.5288525031471198,False
3,10,CPU OpenMP 8,openmp,8,34,5.309617647058823e-06,530.9617647058824,1883374.7860430852,1.6933755061569709,False
3,10,CPU OpenMP 1,openmp,1,33980,5.914328987639788e-06,591.4328987639789,1690808.8848115748,0.48947175652289104,False
3,10,GPU fixed-composition resident,cuda_fixed_resident,0,5702,3.480912451771308e-05,3480.9124517713085,287280.99711072503,0.0706241688021569,False
3,10,GPU generic resident,cuda_generic_resident,0,5639,3.4892991310516046e-05,3489.2991310516045,286590.5049816179,0.073911787798321,False
3,100,CPU OpenMP 8,openmp,8,40,1.5168650000000001e-05,151.68650000000002,6592544.4914346365,0.339680854921155,True
3,100,CPU OpenMP 4,openmp,4,7541,1.7663607346505767e-05,176.63607346505768,5661357.730519418,6.057971837699452,False
3,100,CPU OpenMP 2,openmp,2,7832,2.6603936542390195e-05,266.0393654239019,3758842.2239942555,3.1105172899759213,False
3,100,GPU generic resident,cuda_generic_resident,0,5507,3.619002233520973e-05,361.9002233520973,2763192.5472095865,0.1598933635475753,False
3,100,GPU fixed-composition resident,cuda_fixed_resident,0,5548,3.631064023071377e-05,363.10640230713767,2754013.68206705,0.4023461099050366,False
3,100,CPU scalar,scalar,1,5232,3.8402206804281344e-05,384.02206804281343,2604017.0167734036,0.2389195567083052,False
3,100,CPU OpenMP 1,openmp,1,4393,4.521393421352151e-05,452.13934213521514,2211707.5574037167,0.3133561162874482,False
3,1000,GPU fixed-composition resident,cuda_fixed_resident,0,5529,3.6196028938325196e-05,36.19602893832519,27627340.051692154,0.054251321470295884,True
3,1000,GPU generic resident,cuda_generic_resident,0,5456,3.660857679618769e-05,36.60857679618769,27316003.175084837,0.1237971677620255,False
3,1000,CPU OpenMP 4,openmp,4,1359,0.00014513985798381162,145.13985798381162,6889906.149085088,4.73996492900884,False
3,1000,CPU OpenMP 8,openmp,8,196,0.00016542304081632655,165.42304081632653,6045107.108811557,3.5487091907464623,False
3,1000,CPU OpenMP 2,openmp,2,662,0.0002581882900302115,258.1882900302115,3873142.3484891066,3.5283536954528483,False
3,1000,CPU scalar,scalar,1,532,0.00037892629135338345,378.9262913533835,2639035.672157698,0.42030016282600463,False
3,1000,CPU OpenMP 1,openmp,1,461,0.00044288480260303687,442.88480260303686,2257923.4918934717,1.5316557885855568,False
3,10000,GPU fixed-composition resident,cuda_fixed_resident,0,980,0.00020482484387755102,20.482484387755104,48822202.47646437,0.1620035260889235,True
3,10000,GPU generic resident,cuda_generic_resident,0,673,0.00021210876968796432,21.21087696879643,47145622.572376974,0.4437243719232867,False
3,10000,CPU OpenMP 8,openmp,8,145,0.0015191924896551725,151.91924896551726,6582444.336773814,9.730087051555257,False
3,10000,CPU OpenMP 4,openmp,4,141,0.0015201887092198582,152.01887092198584,6578130.688216909,9.247105977063084,False
3,10000,CPU OpenMP 2,openmp,2,85,0.0023769178470588233,237.69178470588233,4207128.99790538,1.1263429694026328,False
3,10000,CPU scalar,scalar,1,52,0.003872920480769231,387.2920480769231,2582030.808444025,0.33527620393208135,False
3,10000,CPU OpenMP 1,openmp,1,43,0.004497228837209303,449.72288372093027,2223591.5409199796,0.7246798597006924,False
3,100000,GPU fixed-composition resident,cuda_fixed_resident,0,117,0.001711730752136752,17.11730752136752,58420402.785408914,0.0531136332058934,True
3,100000,GPU generic resident,cuda_generic_resident,0,117,0.0017135161452991453,17.135161452991454,58359531.81669147,0.0667907383662457,False
3,100000,CPU OpenMP 4,openmp,4,15,0.0138843358,138.843358,7202361.095299928,3.2256422377799185,False
3,100000,CPU OpenMP 8,openmp,8,16,0.013923538625,139.23538625,7182082.277593423,8.26262655625736,False
3,100000,CPU OpenMP 2,openmp,2,9,0.024110135777777777,241.10135777777776,4147633.216241346,1.1797057855179165,False
3,100000,CPU scalar,scalar,1,5,0.0390149394,390.149394,2563120.731132034,0.5949315917686707,False
3,100000,CPU OpenMP 1,openmp,1,5,0.044639171,446.39171,2240184.9711769964,0.6763566464977524,False
3,1000000,GPU fixed-composition resident,cuda_fixed_resident,0,13,0.016664448076923077,16.66444807692308,60007987.986400805,0.012601677477152608,True
3,1000000,GPU generic resident,cuda_generic_resident,0,10,0.0166652717,16.6652717,60005022.30035649,0.02776132356724131,False
3,1000000,CPU OpenMP 8,openmp,8,2,0.150860403,150.860403,6628644.628504671,4.45546536157669,False
3,1000000,CPU OpenMP 4,openmp,4,2,0.1537356445,153.7356445,6504672.376092976,3.728462919996401,False
3,1000000,CPU OpenMP 2,openmp,2,1,0.25646633,256.46633,3899147.307172836,6.712446815143338,False
3,1000000,CPU scalar,scalar,1,1,0.388696997,388.696997,2572698.033990728,0.8998296943364376,False
3,1000000,CPU OpenMP 1,openmp,1,1,0.455896101,455.896101,2193482.23818216,1.6502444270739691,False
4,1,CPU scalar,scalar,1,230770,9.009293539021537e-07,900.9293539021537,1109964.944164319,4.644055905890101,True
4,1,CPU OpenMP 1,openmp,1,88328,2.294745154424418e-06,2294.745154424418,435778.2379764197,3.136082766684628,False
4,1,CPU OpenMP 2,openmp,2,61340,2.9956392566025435e-06,2995.6392566025434,333818.5657021113,2.0035252633716256,False
4,1,CPU OpenMP 4,openmp,4,61051,3.347649440631603e-06,3347.649440631603,298717.06035364605,3.4852928367119573,False
4,1,CPU OpenMP 8,openmp,8,30059,6.8405987890482054e-06,6840.598789048206,146186.03295386938,8.916775113060972,False
4,1,GPU fixed-composition resident,cuda_fixed_resident,0,4900,4.0616774897959186e-05,40616.774897959185,24620.369355082537,0.18822423108915323,False
4,1,GPU generic resident,cuda_generic_resident,0,4615,4.0826182665222105e-05,40826.182665222106,24494.08528345837,0.3098042690117789,False
4,10,CPU scalar,scalar,1,42733,4.658139915287951e-06,465.8139915287951,2146779.654939118,0.5793692741982214,True
4,10,CPU OpenMP 4,openmp,4,38431,5.449653925216622e-06,544.9653925216622,1834978.9064087227,3.1962863056026993,False
4,10,CPU OpenMP 2,openmp,2,34668,5.858322833737164e-06,585.8322833737163,1706973.1873449455,2.787911447107534,False
4,10,CPU OpenMP 1,openmp,1,30915,6.509293158660844e-06,650.9293158660844,1536265.1145454478,0.35027291850387393,False
4,10,CPU OpenMP 8,openmp,8,16105,7.578301707544241e-06,757.8301707544241,1319556.859295394,11.01145495797742,False
4,10,GPU generic resident,cuda_generic_resident,0,4900,4.066869346938775e-05,4066.8693469387754,245889.38436213168,0.23684768042858412,False
4,10,GPU fixed-composition resident,cuda_fixed_resident,0,4902,4.0848218278253775e-05,4084.821827825377,244808.71924158477,0.5180590977437397,False
4,100,CPU OpenMP 4,openmp,4,10186,2.13451417632044e-05,213.45141763204398,4684906.809679004,6.808998299497497,True
4,100,CPU OpenMP 2,openmp,2,6833,2.9337409629738038e-05,293.3740962973804,3408617.2317897626,1.2982711182120334,False
4,100,CPU OpenMP 8,openmp,8,9369,3.17760911516704e-05,317.760911516704,3147020.17698433,17.640678872545706,False
4,100,GPU fixed-composition resident,cuda_fixed_resident,0,4747,4.2228046345060035e-05,422.28046345060034,2368094.3982789367,0.047222705674217096,False
4,100,GPU generic resident,cuda_generic_resident,0,4635,4.258638122977346e-05,425.8638122977346,2348168.525060939,0.2813516252570994,False
4,100,CPU scalar,scalar,1,4603,4.403496285031501e-05,440.3496285031501,2270922.7742492496,1.1945828363212607,False
4,100,CPU OpenMP 1,openmp,1,3711,5.1060070600916195e-05,510.60070600916197,1958477.5113531796,0.1882064695705483,False
4,1000,GPU fixed-composition resident,cuda_fixed_resident,0,4698,4.276690762026394e-05,42.76690762026394,23382565.063604858,0.16755962051401127,True
4,1000,GPU generic resident,cuda_generic_resident,0,3698,4.3247966738777715e-05,43.24796673877771,23122474.31284124,0.4018914884289854,False
4,1000,CPU OpenMP 4,openmp,4,1276,0.00015904592163009404,159.04592163009403,6287492.2522426,2.620047789277321,False
4,1000,CPU OpenMP 8,openmp,8,1083,0.00020702344228993536,207.02344228993536,4830370.845633533,15.37576217498316,False
4,1000,CPU OpenMP 2,openmp,2,767,0.00025878251368970014,258.7825136897001,3864248.7304960485,0.4707974944835936,False
4,1000,CPU scalar,scalar,1,463,0.0004313614751619871,431.3614751619871,2318241.3302543415,0.14394826630672877,False
4,1000,CPU OpenMP 1,openmp,1,404,0.0004979743193069307,497.9743193069307,2008135.683365715,0.8535337161134908,False
4,10000,GPU fixed-composition resident,cuda_fixed_resident,0,761,0.00026436196452036794,26.436196452036793,37826924.22543843,0.15493778924891005,True
4,10000,GPU generic resident,cuda_generic_resident,0,734,0.0002735911076294278,27.35911076294278,36550895.5559504,0.06170079991635162,False
4,10000,CPU OpenMP 4,openmp,4,132,0.0015268243787878789,152.68243787878788,6549541.740968819,2.820783430580308,False
4,10000,CPU OpenMP 8,openmp,8,130,0.0016423380846153845,164.23380846153844,6088880.29430425,4.8696770955774875,False
4,10000,CPU OpenMP 2,openmp,2,66,0.0025562202424242422,255.62202424242423,3912025.9804046857,0.6284379299227859,False
4,10000,CPU scalar,scalar,1,47,0.004329819787234043,432.98197872340427,2309564.945285669,0.5209213906156115,False
4,10000,CPU OpenMP 1,openmp,1,41,0.0049526126097560975,495.26126097560973,2019136.3201517335,0.4217094247427905,False
4,100000,GPU generic resident,cuda_generic_resident,0,90,0.0022360148666666665,22.360148666666667,44722421.791888505,0.06231324103002976,True
4,100000,GPU fixed-composition resident,cuda_fixed_resident,0,90,0.0022365478,22.365478,44711765.15878623,0.041128862377394784,False
4,100000,CPU OpenMP 4,openmp,4,12,0.0156875015,156.875015,6374501.382517796,2.08629621485613,False
4,100000,CPU OpenMP 8,openmp,8,11,0.01904738281818182,190.4738281818182,5250065.111546152,21.5586187118783,False
4,100000,CPU OpenMP 2,openmp,2,8,0.027110236,271.10236,3688643.6547435443,3.1812670313899196,False
4,100000,CPU scalar,scalar,1,5,0.043647749,436.47749,2291068.8933809623,1.1080337728298315,False
4,100000,CPU OpenMP 1,openmp,1,5,0.0495702286,495.702286,2017339.8998607805,0.031997431619675096,False
4,1000000,GPU fixed-composition resident,cuda_fixed_resident,0,10,0.0219412993,21.9412993,45576152.365780815,0.01251521143964973,True
4,1000000,GPU generic resident,cuda_generic_resident,0,8,0.021944729625,21.944729625,45569028.05768791,0.016376369458228207,False
4,1000000,CPU OpenMP 4,openmp,4,2,0.1466155045,146.6155045,6820561.054646169,1.02649136947177,False
4,1000000,CPU OpenMP 8,openmp,8,1,0.157333621,157.333621,6355920.582289274,5.290576131849161,False
4,1000000,CPU OpenMP 2,openmp,2,1,0.263708643,263.70864300000005,3792063.8042948022,0.8040138449311227,False
4,1000000,CPU scalar,scalar,1,1,0.446695341,446.695341,2238662.256385611,2.7398353814484957,False
4,1000000,CPU OpenMP 1,openmp,1,1,0.497257506,497.257506,2011030.478039682,0.807464533275443,False
5,1,CPU scalar,scalar,1,216046,8.28736171926349e-07,828.736171926349,1206656.6343732267,0.3450610372630409,True
5,1,CPU OpenMP 1,openmp,1,93922,2.1275555035029066e-06,2127.5555035029065,470022.99040074553,0.4732878591102761,False
5,1,CPU OpenMP 4,openmp,4,39463,3.2900337024554643e-06,3290.033702455464,303948.254163374,5.375584782484787,False
5,1,CPU OpenMP 2,openmp,2,60704,3.3211136004217183e-06,3321.1136004217183,301103.82248683664,5.633205902555545,False
5,1,CPU OpenMP 8,openmp,8,30309,7.02437879837672e-06,7024.37879837672,142361.34307436444,15.014303512758266,False
5,1,GPU fixed-composition resident,cuda_fixed_resident,0,3907,5.0913303045815207e-05,50913.303045815206,19641.23205874372,0.1644620133569897,False
5,1,GPU generic resident,cuda_generic_resident,0,3905,5.098868783610755e-05,50988.68783610755,19612.1932616562,0.17674528656718205,False
5,10,CPU scalar,scalar,1,37786,5.328454427565765e-06,532.8454427565765,1876716.8108385922,0.6421777655109078,True
5,10,CPU OpenMP 4,openmp,4,32281,5.485939314147642e-06,548.5939314147641,1822841.892219093,1.8559258994131798,False
5,10,CPU OpenMP 2,openmp,2,33066,6.256348424363394e-06,625.6348424363393,1598376.452477954,1.2509106035146442,False
5,10,CPU OpenMP 1,openmp,1,27105,7.189181590112525e-06,718.9181590112524,1390978.913893797,0.1906705963997752,False
5,10,CPU OpenMP 8,openmp,8,25195,7.73721682873586e-06,773.721682873586,1292454.4085232576,7.625200922925814,False
5,10,GPU generic resident,cuda_generic_resident,0,3914,5.119475677056719e-05,5119.475677056719,195332.50338146318,0.12461005987943052,False
5,10,GPU fixed-composition resident,cuda_fixed_resident,0,3878,5.149267122227953e-05,5149.267122227952,194202.3935179588,0.32220620889892077,False
5,100,CPU OpenMP 4,openmp,4,6246,2.4635144572526416e-05,246.35144572526417,4059241.450992819,10.098564114500181,True
5,100,CPU OpenMP 8,openmp,8,8830,3.203161868629671e-05,320.31618686296713,3121915.285623093,23.839574807441906,False
5,100,CPU OpenMP 2,openmp,2,5845,3.566178631308811e-05,356.61786313088106,2804122.0123429247,2.940478621937491,False
5,100,CPU scalar,scalar,1,3837,5.3672801146729215e-05,536.7280114672922,1863141.0670485182,2.060033852743917,False
5,100,GPU fixed-composition resident,cuda_fixed_resident,0,3738,5.3789508560727665e-05,537.8950856072767,1859098.5988857155,0.4656281042949282,False
5,100,GPU generic resident,cuda_generic_resident,0,3700,5.4230820540540544e-05,542.3082054054055,1843969.886556381,0.4436098160517555,False
5,100,CPU OpenMP 1,openmp,1,3164,6.102107300884955e-05,610.2107300884956,1638778.1313759845,1.911231729002883,False
5,1000,GPU fixed-composition resident,cuda_fixed_resident,0,3595,5.4899499026425594e-05,54.899499026425595,18215102.464207463,0.7952055053447272,True
5,1000,GPU generic resident,cuda_generic_resident,0,2880,5.608462430555556e-05,56.08462430555556,17830198.782323718,0.9740315660638804,False
5,1000,CPU OpenMP 4,openmp,4,703,0.0002861422062588905,286.14220625889044,3494765.812685593,16.888328029516657,False
5,1000,CPU OpenMP 2,openmp,2,639,0.0003164149014084507,316.4149014084507,3160407.413016018,2.8259917959384637,False
5,1000,CPU scalar,scalar,1,356,0.0005175207247191012,517.5207247191012,1932289.7658693339,0.579221768994108,False
5,1000,CPU OpenMP 1,openmp,1,349,0.0005815300974212034,581.5300974212034,1719601.4521595743,0.5240891921501464,False
5,1000,CPU OpenMP 8,openmp,8,25,0.00614251704,6142.51704,162799.71117507882,15.182869724688624,False
5,10000,GPU fixed-composition resident,cuda_fixed_resident,0,588,0.00033694916666666665,33.694916666666664,29678067.166412342,0.14344399130431104,True
5,10000,GPU generic resident,cuda_generic_resident,0,573,0.00035015865445026177,35.01586544502618,28558483.055915583,0.22111592407110534,False
5,10000,CPU OpenMP 4,openmp,4,71,0.0029223164366197186,292.2316436619719,3421942.9062128295,6.872996425317941,False
5,10000,CPU OpenMP 2,openmp,2,36,0.0035505736944444447,355.0573694444445,2816446.259275486,5.634059779056209,False
5,10000,CPU OpenMP 8,openmp,8,56,0.006291880964285714,629.1880964285715,1589349.839382292,5.813284588579222,False
5,10000,CPU scalar,scalar,1,28,0.006665097642857143,666.5097642857144,1500353.1134636574,4.4742298116798445,False
5,10000,CPU OpenMP 1,openmp,1,30,0.006805969866666667,680.5969866666666,1469298.3066199883,4.2296445469618495,False
5,100000,GPU generic resident,cuda_generic_resident,0,70,0.0028621366285714288,28.621366285714288,34938933.0340644,0.06537922887618688,True
5,100000,GPU fixed-composition resident,cuda_fixed_resident,0,71,0.0028635014366197183,28.63501436619718,34922280.36667135,0.048828234036056614,False
5,100000,CPU OpenMP 4,openmp,4,5,0.0303471618,303.47161800000003,3295201.068852508,11.220847018385754,False
5,100000,CPU OpenMP 8,openmp,8,5,0.0313657344,313.65734399999997,3188192.526427821,5.841204215514897,False
5,100000,CPU OpenMP 2,openmp,2,7,0.03717974228571429,371.79742285714286,2689636.717531078,21.545740292459417,False
5,100000,CPU scalar,scalar,1,4,0.0510736085,510.736085,1957958.3847105694,1.347171798131311,False
5,100000,CPU OpenMP 1,openmp,1,4,0.05792386225,579.2386225,1726404.2160793585,1.342335386138719,False
5,1000000,GPU fixed-composition resident,cuda_fixed_resident,0,8,0.02807033575,28.07033575,35624796.543447115,0.005122845742945699,True
5,1000000,GPU generic resident,cuda_generic_resident,0,6,0.028074148333333337,28.074148333333337,35619958.55142889,0.013432880035742799,False
5,1000000,CPU OpenMP 8,openmp,8,1,0.207661374,207.661374,4815532.040156876,2.1883448580090796,False
5,1000000,CPU OpenMP 4,openmp,4,2,0.2120056005,212.0056005,4716856.524740723,5.19461277156214,False
5,1000000,CPU OpenMP 2,openmp,2,1,0.350816146,350.816146,2850495.940400645,2.2274439443844765,False
5,1000000,CPU scalar,scalar,1,1,0.552742294,552.742294,1809161.359380254,1.1681810981520344,False
5,1000000,CPU OpenMP 1,openmp,1,1,0.634270002,634.270002,1576615.6319024526,1.4627103553290863,False
