components,batch,budget,rmse,dag_nodes,live_slots,avx2_ns_per_eval,avx2_omp4_ns_per_eval,cuda_ns_per_eval,fastest_cpwa_backend,fastest_cpwa_ns_per_eval,avx2_cost_ratio_vs_best_cpwa,avx2_omp4_cost_ratio_vs_best_cpwa,cuda_cost_ratio_vs_best_cpwa,best_exact_method,best_exact_backend,best_exact_ns_per_eval,best_cpwa_speedup_vs_best_exact,global_winner_type,global_winner_method,global_winner_backend,global_winner_ns_per_eval
1,100,16,0.005035772712008456,72,17,6.27576595299715,29.66173561859732,49.2799981,avx2,6.27576595299715,1.0,4.7263928962219515,7.852427650917271,CPU OpenMP 4,openmp,134.91197893997892,21.49729291219796,surrogate,CPWA AVX2 B16,avx2,6.27576595299715
1,100,24,0.0021142784556413435,152,35,13.491884,31.69757847533632,52.8000016,avx2,13.491884,1.0,2.349381189116088,3.9134639461768272,CPU OpenMP 4,openmp,134.91197893997892,9.999491467609632,surrogate,CPWA AVX2 B24,avx2,13.491884
1,100,32,0.0012877636231141984,254,52,22.5707365,33.787087293463955,55.6800002,avx2,22.5707365,1.0,1.496942170826546,2.4669110908277188,CPU OpenMP 4,openmp,134.91197893997892,5.977296263237974,surrogate,CPWA AVX2 B32,avx2,22.5707365
1,100,48,0.0007703086845547998,527,120,46.16188075082812,47.419440529575056,63.9999984,avx2,46.16188075082812,1.0,1.027242386104998,1.386425279018812,CPU OpenMP 4,openmp,134.91197893997892,2.9225841050152335,surrogate,CPWA AVX2 B48,avx2,46.16188075082812
1,100,64,0.000539661254588657,794,164,68.71114503816794,54.01702787184163,89.28,avx2-omp4,54.01702787184163,1.2720275021644827,1.0,1.6528121504911695,CPU OpenMP 4,openmp,134.91197893997892,2.497582415309206,surrogate,CPWA AVX2+OMP4 B64,avx2-omp4,54.01702787184163
1,100,96,0.00034104209185099004,1345,297,122.46142926829268,74.13529779630733,118.079996,avx2-omp4,74.13529779630733,1.6518639960787003,1.0,1.5927634947179177,CPU OpenMP 4,openmp,134.91197893997892,1.819807607850452,surrogate,CPWA AVX2+OMP4 B96,avx2-omp4,74.13529779630733
1,100,128,0.0002582874077028154,2031,444,182.781265,104.35508,223.040003,avx2-omp4,104.35508,1.751532028915123,1.0,2.1373181161856234,CPU OpenMP 4,openmp,134.91197893997892,1.2928165925413397,surrogate,CPWA AVX2+OMP4 B128,avx2-omp4,104.35508
1,1000,16,0.005035772712008456,72,17,5.6692099177229265,4.159212933247754,5.11999987,avx2-omp4,4.159212933247754,1.3630487327072431,1.0,1.2310021035643415,GPU fixed-composition resident,cuda_fixed_resident,20.881733096457314,5.020597269626119,surrogate,CPWA AVX2+OMP4 B16,avx2-omp4,4.159212933247754
1,1000,24,0.0021142784556413435,152,35,12.253256534365924,5.842160061443932,5.5999998,cpwa-cuda,5.5999998,2.1880816021396865,1.0432429053736632,1.0,GPU fixed-composition resident,cuda_fixed_resident,20.881733096457314,3.7288810432559862,surrogate,CPWA CUDA B24,cpwa-cuda,5.5999998
1,1000,32,0.0012877636231141984,254,52,20.173884,7.903345420497106,6.11199997,cpwa-cuda,6.11199997,3.300700932431451,1.2930866261926872,1.0,GPU fixed-composition resident,cuda_fixed_resident,20.881733096457314,3.4165139396192297,surrogate,CPWA CUDA B32,cpwa-cuda,6.11199997
1,1000,48,0.0007703086845547998,527,120,41.437952459016394,14.2892725,7.77600007,cpwa-cuda,7.77600007,5.328954743568616,1.837612187675816,1.0,GPU fixed-composition resident,cuda_fixed_resident,20.881733096457314,2.6854080386418144,surrogate,CPWA CUDA B48,cpwa-cuda,7.77600007
1,1000,64,0.000539661254588657,794,164,61.269681818181816,19.5269965,8.96000024,cpwa-cuda,8.96000024,6.8381339483292045,2.1793522295709225,1.0,GPU fixed-composition resident,cuda_fixed_resident,20.881733096457314,2.33055050637558,surrogate,CPWA CUDA B64,cpwa-cuda,8.96000024
1,1000,96,0.00034104209185099004,1345,297,106.88408085106383,44.1899962264151,11.7119998,cpwa-cuda,11.7119998,9.1260316492717,3.7730530209209108,1.0,GPU fixed-composition resident,cuda_fixed_resident,20.881733096457314,1.782934891824137,surrogate,CPWA CUDA B96,cpwa-cuda,11.7119998
1,1000,128,0.0002582874077028154,2031,444,159.0536,47.18292607003891,22.752,cpwa-cuda,22.752,6.9907524613220815,2.07379246088427,1.0,GPU fixed-composition resident,cuda_fixed_resident,20.881733096457314,0.9177976923548398,exact,GPU fixed-composition resident,cuda_fixed_resident,20.881733096457314
1,10000,16,0.005035772712008456,72,17,5.676589887640449,2.1773302,0.668800017,cpwa-cuda,0.668800017,8.487723898548358,3.255577369400695,1.0,GPU generic resident,cuda_generic_resident,10.66219420751114,15.942275622745894,surrogate,CPWA CUDA B16,cpwa-cuda,0.668800017
1,10000,24,0.0021142784556413435,152,35,12.39953780487805,3.4662410533910535,0.940799993,cpwa-cuda,0.940799993,13.179780928078781,3.684354888585818,1.0,GPU generic resident,cuda_generic_resident,10.66219420751114,11.333114675640884,surrogate,CPWA CUDA B24,cpwa-cuda,0.940799993
1,10000,32,0.0012877636231141984,254,52,20.1756385,5.50449774590164,1.0272,cpwa-cuda,1.0272,19.641392620716516,5.35874001742761,1.0,GPU generic resident,cuda_generic_resident,10.66219420751114,10.37986196214091,surrogate,CPWA CUDA B32,cpwa-cuda,1.0272
1,10000,48,0.0007703086845547998,527,120,41.456508,11.6085225,1.74720008,cpwa-cuda,1.74720008,23.72739589160275,6.644071639465584,1.0,GPU generic resident,cuda_generic_resident,10.66219420751114,6.102446038985495,surrogate,CPWA CUDA B48,cpwa-cuda,1.74720008
1,10000,64,0.000539661254588657,794,164,61.21786904761905,24.6812925,2.7392,cpwa-cuda,2.7392,22.34881317451046,9.010401759637851,1.0,GPU generic resident,cuda_generic_resident,10.66219420751114,3.8924482358028407,surrogate,CPWA CUDA B64,cpwa-cuda,2.7392
1,10000,96,0.00034104209185099004,1345,297,106.61164166666667,29.260625806451614,4.0736001,cpwa-cuda,4.0736001,26.171356797312203,7.182989269479744,1.0,GPU generic resident,cuda_generic_resident,10.66219420751114,2.617388537355726,surrogate,CPWA CUDA B96,cpwa-cuda,4.0736001
1,10000,128,0.0002582874077028154,2031,444,159.289715,43.3801779661017,9.98400003,cpwa-cuda,9.98400003,15.954498649976465,4.344969735151503,1.0,GPU generic resident,cuda_generic_resident,10.66219420751114,1.0679281025113478,surrogate,CPWA CUDA B128,cpwa-cuda,9.98400003
1,100000,16,0.005035772712008456,72,17,5.924771219512195,1.61728025,0.224319994,cpwa-cuda,0.224319994,26.412140593727884,7.209701735280896,1.0,GPU fixed-composition resident,cuda_fixed_resident,8.580488461538462,38.25110864410268,surrogate,CPWA CUDA B16,cpwa-cuda,0.224319994
1,100000,24,0.0021142784556413435,152,35,12.396435714285714,3.3365726190476193,0.388480015,cpwa-cuda,0.388480015,31.9100989385148,8.588788329426983,1.0,GPU fixed-composition resident,cuda_fixed_resident,8.580488461538462,22.087335590579766,surrogate,CPWA CUDA B24,cpwa-cuda,0.388480015
1,100000,32,0.0012877636231141984,254,52,20.311832,5.2451918,0.595199987,cpwa-cuda,0.595199987,34.126062573317895,8.812486415595302,1.0,GPU fixed-composition resident,cuda_fixed_resident,8.580488461538462,14.416143563421251,surrogate,CPWA CUDA B32,cpwa-cuda,0.595199987
1,100000,48,0.0007703086845547998,527,120,41.28064142857143,11.361981304347825,1.30175993,cpwa-cuda,1.30175993,31.711408899006,8.728169490013281,1.0,GPU fixed-composition resident,cuda_fixed_resident,8.580488461538462,6.591452282248741,surrogate,CPWA CUDA B48,cpwa-cuda,1.30175993
1,100000,64,0.000539661254588657,794,164,61.157005,16.753207999999997,2.11648002,cpwa-cuda,2.11648002,28.89562123057509,7.9155994111392545,1.0,GPU fixed-composition resident,cuda_fixed_resident,8.580488461538462,4.0541315677236875,surrogate,CPWA CUDA B64,cpwa-cuda,2.11648002
1,100000,96,0.00034104209185099004,1345,297,107.32847666666667,28.732767,3.29984009,cpwa-cuda,3.29984009,32.52535690802722,8.707321026577382,1.0,GPU fixed-composition resident,cuda_fixed_resident,8.580488461538462,2.600274021623412,surrogate,CPWA CUDA B96,cpwa-cuda,3.29984009
1,100000,128,0.0002582874077028154,2031,444,157.70695500000002,42.620444285714285,9.3513602,cpwa-cuda,9.3513602,16.86460061713803,4.557673255460129,1.0,GPU fixed-composition resident,cuda_fixed_resident,8.580488461538462,0.9175658169533948,exact,GPU fixed-composition resident,cuda_fixed_resident,8.580488461538462
1,1000000,16,0.005035772712008456,72,17,6.1266716,1.6572008499999997,0.184095994,cpwa-cuda,0.184095994,33.27976598991067,9.001830045253454,1.0,GPU fixed-composition resident,cuda_fixed_resident,8.348875833333333,45.35066544323247,surrogate,CPWA CUDA B16,cpwa-cuda,0.184095994
1,1000000,24,0.0021142784556413435,152,35,12.568624666666667,3.2838745714285715,0.343456,cpwa-cuda,0.343456,36.59457009534458,9.56126715337211,1.0,GPU fixed-composition resident,cuda_fixed_resident,8.348875833333333,24.308429124351687,surrogate,CPWA CUDA B24,cpwa-cuda,0.343456
1,1000000,32,0.0012877636231141984,254,52,20.4414735,5.3089012,0.550400019,cpwa-cuda,0.550400019,37.13930376881037,9.64553237052123,1.0,GPU fixed-composition resident,cuda_fixed_resident,8.348875833333333,15.168741906117798,surrogate,CPWA CUDA B32,cpwa-cuda,0.550400019
1,1000000,48,0.0007703086845547998,527,120,41.456076,11.152448666666666,1.23913598,cpwa-cuda,1.23913598,33.4556309146959,9.000181454392655,1.0,GPU fixed-composition resident,cuda_fixed_resident,8.348875833333333,6.737659117390275,surrogate,CPWA CUDA B48,cpwa-cuda,1.23913598
1,1000000,64,0.000539661254588657,794,164,61.387194,16.2827355,2.14374399,cpwa-cuda,2.14374399,28.635506052194227,7.595466425074386,1.0,GPU fixed-composition resident,cuda_fixed_resident,8.348875833333333,3.8945302574741367,surrogate,CPWA CUDA B64,cpwa-cuda,2.14374399
1,1000000,96,0.00034104209185099004,1345,297,106.989429,28.225429,3.31689596,cpwa-cuda,3.31689596,32.25588932852751,8.50959129872738,1.0,GPU fixed-composition resident,cuda_fixed_resident,8.348875833333333,2.5170749803479917,surrogate,CPWA CUDA B96,cpwa-cuda,3.31689596
1,1000000,128,0.0002582874077028154,2031,444,157.596506,42.390023,9.25743961,cpwa-cuda,9.25743961,17.02376819501607,4.5790223631823395,1.0,GPU fixed-composition resident,cuda_fixed_resident,8.348875833333333,0.9018558246185883,exact,GPU fixed-composition resident,cuda_fixed_resident,8.348875833333333
2,100,16,0.0064544384954823295,77,19,6.63309757832881,28.753377808988763,47.0399996,avx2,6.63309757832881,1.0,4.33483413585378,7.091709272254004,CPU OpenMP 4,openmp,160.260567358956,24.160743222374425,surrogate,CPWA AVX2 B16,avx2,6.63309757832881
2,100,24,0.0026733982984239774,133,33,12.061088628280304,32.54293684210526,50.8800009,avx2,12.061088628280304,1.0,2.6981757488955047,4.21852475080059,CPU OpenMP 4,openmp,160.260567358956,13.287404835346633,surrogate,CPWA AVX2 B24,avx2,12.061088628280304
2,100,32,0.002115247256413587,228,48,19.8118635,32.896450748620964,55.999998,avx2,19.8118635,1.0,1.660442024982706,2.8265891292860963,CPU OpenMP 4,openmp,160.260567358956,8.089121316576605,surrogate,CPWA AVX2 B32,avx2,19.8118635
2,100,48,0.001005929224902897,489,103,42.5614039870506,44.44955913299663,65.2799988,avx2,42.5614039870506,1.0,1.0443630841341724,1.533783961164946,CPU OpenMP 4,openmp,160.260567358956,3.765396635123118,surrogate,CPWA AVX2 B48,avx2,42.5614039870506
2,100,64,0.0007187326587790541,881,190,75.79949713941583,56.350777716492004,95.3599997,avx2-omp4,56.350777716492004,1.3451366637879043,1.0,1.6922570293487058,CPU OpenMP 4,openmp,160.260567358956,2.8439814649098096,surrogate,CPWA AVX2+OMP4 B64,avx2-omp4,56.350777716492004
2,100,96,0.00046562592472402674,1287,269,117.12552029864676,70.1581484176064,112.960003,avx2-omp4,70.1581484176064,1.6694499917739243,1.0,1.610076741587045,CPU OpenMP 4,openmp,160.260567358956,2.2842758962940093,surrogate,CPWA AVX2+OMP4 B96,avx2-omp4,70.1581484176064
2,100,128,0.0003133773291002309,1999,382,184.008865,98.515515,236.159991,avx2-omp4,98.515515,1.8678160998295548,1.0,2.397185773225669,CPU OpenMP 4,openmp,160.260567358956,1.6267546016376813,surrogate,CPWA AVX2+OMP4 B128,avx2-omp4,98.515515
2,1000,16,0.0064544384954823295,77,19,5.980963730569949,4.159038993501083,4.80000023,avx2-omp4,4.159038993501083,1.4380638748316152,1.0,1.1541128220967594,GPU fixed-composition resident,cuda_fixed_resident,27.667807756003313,6.652452116759917,surrogate,CPWA AVX2+OMP4 B16,avx2-omp4,4.159038993501083
2,1000,24,0.0026733982984239774,133,33,10.776977739726027,5.671782535885168,5.34400018,cpwa-cuda,5.34400018,2.0166499582202535,1.0613365166251112,1.0,GPU fixed-composition resident,cuda_fixed_resident,27.667807756003313,5.177359061391969,surrogate,CPWA CUDA B24,cpwa-cuda,5.34400018
2,1000,32,0.002115247256413587,228,48,17.832312,7.34559537414966,5.91999991,cpwa-cuda,5.91999991,3.012214910658673,1.2408100482808386,1.0,GPU fixed-composition resident,cuda_fixed_resident,27.667807756003313,4.673616246052158,surrogate,CPWA CUDA B32,cpwa-cuda,5.91999991
2,1000,48,0.001005929224902897,489,103,38.064624242424244,13.4633475,7.42400018,cpwa-cuda,7.42400018,5.12723913247861,1.8134896516125891,1.0,GPU fixed-composition resident,cuda_fixed_resident,27.667807756003313,3.7268059112578458,surrogate,CPWA CUDA B48,cpwa-cuda,7.42400018
2,1000,64,0.0007187326587790541,881,190,66.97265733333333,21.395513,9.44000017,cpwa-cuda,9.44000017,7.094561030429869,2.2664737939300275,1.0,GPU fixed-composition resident,cuda_fixed_resident,27.667807756003313,2.930911785778423,surrogate,CPWA CUDA B64,cpwa-cuda,9.44000017
2,1000,96,0.00046562592472402674,1287,269,102.66859128630705,29.816023913043477,11.2319998,cpwa-cuda,11.2319998,9.140722321443333,2.654560580836502,1.0,GPU fixed-composition resident,cuda_fixed_resident,27.667807756003313,2.4633020164408577,surrogate,CPWA CUDA B96,cpwa-cuda,11.2319998
2,1000,128,0.0003133773291002309,1999,382,159.03684,46.504314150943394,23.3600009,cpwa-cuda,23.3600009,6.808083641811847,1.9907667962009108,1.0,GPU fixed-composition resident,cuda_fixed_resident,27.667807756003313,1.1844095329638156,surrogate,CPWA CUDA B128,cpwa-cuda,23.3600009
2,10000,16,0.0064544384954823295,77,19,5.961648564593301,1.8608235,0.611199997,cpwa-cuda,0.611199997,9.754006207224018,3.0445410816976817,1.0,GPU fixed-composition resident,cuda_fixed_resident,15.590730852713177,25.50839484495805,surrogate,CPWA CUDA B16,cpwa-cuda,0.611199997
2,10000,24,0.0026733982984239774,133,33,10.735163404255319,3.0815634062140393,0.787200034,cpwa-cuda,0.787200034,13.637148044451582,3.914587491257704,1.0,GPU fixed-composition resident,cuda_fixed_resident,15.590730852713177,19.80529748390887,surrogate,CPWA CUDA B24,cpwa-cuda,0.787200034
2,10000,32,0.002115247256413587,228,48,17.8599825,4.997280769230769,1.0272,cpwa-cuda,1.0272,17.387054614485983,4.864954019889768,1.0,GPU fixed-composition resident,cuda_fixed_resident,15.590730852713177,15.177892185273734,surrogate,CPWA CUDA B32,cpwa-cuda,1.0272
2,10000,48,0.001005929224902897,489,103,38.08655909090909,10.6181536,1.664,cpwa-cuda,1.664,22.88855714597902,6.381101923076923,1.0,GPU fixed-composition resident,cuda_fixed_resident,15.590730852713177,9.369429598986285,surrogate,CPWA CUDA B48,cpwa-cuda,1.664
2,10000,64,0.0007187326587790541,881,190,66.60510789473685,18.4402515,2.97599994,cpwa-cuda,2.97599994,22.380749071768076,6.196321193474217,1.0,GPU fixed-composition resident,cuda_fixed_resident,15.590730852713177,5.238820956667485,surrogate,CPWA CUDA B64,cpwa-cuda,2.97599994
2,10000,96,0.00046562592472402674,1287,269,103.365016,27.268298214285714,3.8656,cpwa-cuda,3.8656,26.739708195364237,7.0540920463280505,1.0,GPU fixed-composition resident,cuda_fixed_resident,15.590730852713177,4.033198171749063,surrogate,CPWA CUDA B96,cpwa-cuda,3.8656
2,10000,128,0.0003133773291002309,1999,382,159.17756500000002,43.10245288461538,9.67999995,cpwa-cuda,9.67999995,16.44396341138411,4.452732759013639,1.0,GPU fixed-composition resident,cuda_fixed_resident,15.590730852713177,1.61061269971527,surrogate,CPWA CUDA B128,cpwa-cuda,9.67999995
2,100000,16,0.0064544384954823295,77,19,6.199612625,2.3151616,0.208000001,cpwa-cuda,0.208000001,29.80582978458736,11.13058456187219,1.0,GPU fixed-composition resident,cuda_fixed_resident,12.4937300621118,60.06600962522015,surrogate,CPWA CUDA B16,cpwa-cuda,0.208000001
2,100000,24,0.0026733982984239774,133,33,10.805842083333333,2.844908984375,0.35360001,cpwa-cuda,0.35360001,30.559507289983767,8.045556854975768,1.0,GPU fixed-composition resident,cuda_fixed_resident,12.4937300621118,35.332946008999826,surrogate,CPWA CUDA B24,cpwa-cuda,0.35360001
2,100000,32,0.002115247256413587,228,48,18.139404,4.853569787234043,0.563200004,cpwa-cuda,0.563200004,32.20774835079724,8.61784402124053,1.0,GPU fixed-composition resident,cuda_fixed_resident,12.4937300621118,22.183469412957958,surrogate,CPWA CUDA B32,cpwa-cuda,0.563200004
2,100000,48,0.001005929224902897,489,103,38.03018,10.297954444444445,1.22111998,cpwa-cuda,1.22111998,31.143688272138498,8.43320444600738,1.0,GPU fixed-composition resident,cuda_fixed_resident,12.4937300621118,10.231369780807123,surrogate,CPWA CUDA B48,cpwa-cuda,1.22111998
2,100000,64,0.0007187326587790541,881,190,66.7198875,18.2786685,2.35839993,cpwa-cuda,2.35839993,28.290319487925018,7.750453291439844,1.0,GPU fixed-composition resident,cuda_fixed_resident,12.4937300621118,5.2975451292995075,surrogate,CPWA CUDA B64,cpwa-cuda,2.35839993
2,100000,96,0.00046562592472402674,1287,269,102.55531333333333,27.546326,3.11423987,cpwa-cuda,3.11423987,32.931089965569456,8.845280758671938,1.0,GPU fixed-composition resident,cuda_fixed_resident,12.4937300621118,4.011807241460755,surrogate,CPWA CUDA B96,cpwa-cuda,3.11423987
2,100000,128,0.0003133773291002309,1999,382,169.39347,44.13771285714286,8.92895997,cpwa-cuda,8.92895997,18.971243075244743,4.943208728165332,1.0,GPU fixed-composition resident,cuda_fixed_resident,12.4937300621118,1.3992368768690762,surrogate,CPWA CUDA B128,cpwa-cuda,8.92895997
2,1000000,16,0.0064544384954823295,77,19,6.36996425,1.6863888,0.173184007,cpwa-cuda,0.173184007,36.78148092508334,9.737555038786,1.0,GPU fixed-composition resident,cuda_fixed_resident,12.098191470588235,69.85744053484242,surrogate,CPWA CUDA B16,cpwa-cuda,0.173184007
2,1000000,24,0.0026733982984239774,133,33,11.043652666666668,2.8639564444444443,0.309087992,cpwa-cuda,0.309087992,35.729801715061996,9.265828885531226,1.0,GPU fixed-composition resident,cuda_fixed_resident,12.098191470588235,39.14157710335196,surrogate,CPWA CUDA B24,cpwa-cuda,0.309087992
2,1000000,32,0.002115247256413587,228,48,18.3614375,4.838975166666667,0.517343998,cpwa-cuda,0.517343998,35.49173774313315,9.35349629139153,1.0,GPU fixed-composition resident,cuda_fixed_resident,12.098191470588235,23.385197310413634,surrogate,CPWA CUDA B32,cpwa-cuda,0.517343998
2,1000000,48,0.001005929224902897,489,103,38.655514,10.282464,1.17174399,cpwa-cuda,1.17174399,32.98972670642842,8.775350322044323,1.0,GPU fixed-composition resident,cuda_fixed_resident,12.098191470588235,10.324944334118783,surrogate,CPWA CUDA B48,cpwa-cuda,1.17174399
2,1000000,64,0.0007187326587790541,881,190,66.934223,18.003093,2.38425589,cpwa-cuda,2.38425589,28.07342252177471,7.55082249162442,1.0,GPU fixed-composition resident,cuda_fixed_resident,12.098191470588235,5.074200097955188,surrogate,CPWA CUDA B64,cpwa-cuda,2.38425589
2,1000000,96,0.00046562592472402674,1287,269,103.010053,26.823692,3.1288321,cpwa-cuda,3.1288321,32.92284459750972,8.573068526112348,1.0,GPU fixed-composition resident,cuda_fixed_resident,12.098191470588235,3.8666796695764645,surrogate,CPWA CUDA B96,cpwa-cuda,3.1288321
2,1000000,128,0.0003133773291002309,1999,382,158.329101,42.237025,7.9242239,cpwa-cuda,7.9242239,19.98039214919205,5.330115041297609,1.0,GPU fixed-composition resident,cuda_fixed_resident,12.098191470588235,1.5267351886142735,surrogate,CPWA CUDA B128,cpwa-cuda,7.9242239
3,100,16,0.007666704070839694,79,19,7.1348595505617975,28.64175370389829,45.119999,avx2,7.1348595505617975,1.0,4.014340226450995,6.323880474486321,CPU OpenMP 8,openmp,151.68650000000002,21.259913937346706,surrogate,CPWA AVX2 B16,avx2,7.1348595505617975
3,100,24,0.002967495238361881,164,37,14.634653,30.170607878650667,46.7200018,avx2,14.634653,1.0,2.0615868294691144,3.192422929330815,CPU OpenMP 8,openmp,151.68650000000002,10.364885317062182,surrogate,CPWA AVX2 B24,avx2,14.634653
3,100,32,0.0021040622195891844,265,57,22.583536,33.53817833173538,48.9600003,avx2,22.583536,1.0,1.4850720600943705,2.1679510374283284,CPU OpenMP 8,openmp,151.68650000000002,6.71668511078159,surrogate,CPWA AVX2 B32,avx2,22.583536
3,100,48,0.0012150993217043922,533,102,47.03671144278607,47.44972835314092,55.6800002,avx2,47.03671144278607,1.0,1.0087807352530849,1.1837562298063151,CPU OpenMP 8,openmp,151.68650000000002,3.2248534250636665,surrogate,CPWA AVX2 B48,avx2,47.03671144278607
3,100,64,0.0009020488444937802,835,158,73.7821982885807,58.77849421887604,77.7600007,avx2-omp4,58.77849421887604,1.2552583945725917,1.0,1.3229328470110462,CPU OpenMP 8,openmp,151.68650000000002,2.580646238319042,surrogate,CPWA AVX2+OMP4 B64,avx2-omp4,58.77849421887604
3,100,96,0.0005609796870602037,1412,291,124.96678,73.68894472361809,126.719996,avx2-omp4,73.68894472361809,1.695868769307356,1.0,1.7196608863823895,CPU OpenMP 8,openmp,151.68650000000002,2.0584702436562763,surrogate,CPWA AVX2+OMP4 B96,avx2-omp4,73.68894472361809
3,100,128,0.00038870413960664154,2130,439,190.247645,106.5354,247.04,avx2-omp4,106.5354,1.7857692842003692,1.0,2.3188536392598142,CPU OpenMP 8,openmp,151.68650000000002,1.4238131175177455,surrogate,CPWA AVX2+OMP4 B128,avx2-omp4,106.5354
3,1000,16,0.007666704070839694,79,19,6.46648228663446,4.275455553794961,4.57599992,avx2-omp4,4.275455553794961,1.5124662635996087,1.0,1.0702952848938567,GPU fixed-composition resident,cuda_fixed_resident,36.19602893832519,8.466005197082925,surrogate,CPWA AVX2+OMP4 B16,avx2-omp4,4.275455553794961
3,1000,24,0.002967495238361881,164,37,13.0915905,7.271994300106044,4.83200001,cpwa-cuda,4.83200001,2.709352332969056,1.5049657046888218,1.0,GPU fixed-composition resident,cuda_fixed_resident,36.19602893832519,7.490900013124212,surrogate,CPWA CUDA B24,cpwa-cuda,4.83200001
3,1000,32,0.0021040622195891844,265,57,20.308092,8.02987204234122,5.43999998,cpwa-cuda,5.43999998,3.7331051607834747,1.476079424974781,1.0,GPU fixed-composition resident,cuda_fixed_resident,36.19602893832519,6.653681814595373,surrogate,CPWA CUDA B32,cpwa-cuda,5.43999998
3,1000,48,0.0012150993217043922,533,102,41.59338187372709,13.9028455,6.5919999,cpwa-cuda,6.5919999,6.309675744037419,2.1090481964358037,1.0,GPU fixed-composition resident,cuda_fixed_resident,36.19602893832519,5.490902531464721,surrogate,CPWA CUDA B48,cpwa-cuda,6.5919999
3,1000,64,0.0009020488444937802,835,158,66.17774738219896,21.0304975,7.74399983,cpwa-cuda,7.74399983,8.545680376415886,2.715715129348085,1.0,GPU fixed-composition resident,cuda_fixed_resident,36.19602893832519,4.674074087411904,surrogate,CPWA CUDA B64,cpwa-cuda,7.74399983
3,1000,96,0.0005609796870602037,1412,291,109.62697391304347,33.19100758533502,10.4,cpwa-cuda,10.4,10.541055183946487,3.191443037051444,1.0,GPU fixed-composition resident,cuda_fixed_resident,36.19602893832519,3.4803873979158837,surrogate,CPWA CUDA B96,cpwa-cuda,10.4
3,1000,128,0.00038870413960664154,2130,439,166.129985,50.407229357798165,24.6079993,cpwa-cuda,24.6079993,6.751056149452996,2.048408273394179,1.0,GPU fixed-composition resident,cuda_fixed_resident,36.19602893832519,1.470904988945005,surrogate,CPWA CUDA B128,cpwa-cuda,24.6079993
3,10000,16,0.007666704070839694,79,19,6.458830890052356,1.9525528985507248,0.566399982,cpwa-cuda,0.566399982,11.403303487485557,3.447303955865459,1.0,GPU fixed-composition resident,cuda_fixed_resident,20.482484387755104,36.16257951744622,surrogate,CPWA CUDA B16,cpwa-cuda,0.566399982
3,10000,24,0.002967495238361881,164,37,13.0721485,3.620813501144165,0.719999988,cpwa-cuda,0.719999988,18.155762108151592,5.028907724293136,1.0,GPU fixed-composition resident,cuda_fixed_resident,20.482484387755104,28.44789545712479,surrogate,CPWA CUDA B24,cpwa-cuda,0.719999988
3,10000,32,0.0021040622195891844,265,57,20.328992,5.679955097087379,1.01760002,cpwa-cuda,1.01760002,19.977389544469546,5.581716770295837,1.0,GPU fixed-composition resident,cuda_fixed_resident,20.482484387755104,20.12822718670456,surrogate,CPWA CUDA B32,cpwa-cuda,1.01760002
3,10000,48,0.0012150993217043922,533,102,41.11388196721312,11.429967441860466,1.43680004,cpwa-cuda,1.43680004,28.61489478188845,7.955155292075622,1.0,GPU fixed-composition resident,cuda_fixed_resident,20.482484387755104,14.255626264984725,surrogate,CPWA CUDA B48,cpwa-cuda,1.43680004
3,10000,64,0.0009020488444937802,835,158,65.48629487179487,18.0418775,2.38719992,cpwa-cuda,2.38719992,27.432262511048872,7.557757248919478,1.0,GPU fixed-composition resident,cuda_fixed_resident,20.482484387755104,8.580129471416496,surrogate,CPWA CUDA B64,cpwa-cuda,2.38719992
3,10000,96,0.0005609796870602037,1412,291,110.0053,29.814900574712645,3.65119986,cpwa-cuda,3.65119986,30.128534240248356,8.165781583567613,1.0,GPU fixed-composition resident,cuda_fixed_resident,20.482484387755104,5.609795457144628,surrogate,CPWA CUDA B96,cpwa-cuda,3.65119986
3,10000,128,0.00038870413960664154,2130,439,166.391235,47.23725675675676,9.46239978,cpwa-cuda,9.46239978,17.58446470964895,4.992101142946717,1.0,GPU fixed-composition resident,cuda_fixed_resident,20.482484387755104,2.1646183699665142,surrogate,CPWA CUDA B128,cpwa-cuda,9.46239978
3,100000,16,0.007666704070839694,79,19,6.577346923076923,1.75118655,0.200960003,cpwa-cuda,0.200960003,32.7296318913616,8.714104915693099,1.0,GPU fixed-composition resident,cuda_fixed_resident,17.11730752136752,85.17768344861896,surrogate,CPWA CUDA B16,cpwa-cuda,0.200960003
3,100000,24,0.002967495238361881,164,37,13.1467315,3.3727756962025315,0.339840017,cpwa-cuda,0.339840017,38.68506015287776,9.924598421269886,1.0,GPU fixed-composition resident,cuda_fixed_resident,17.11730752136752,50.36872253148316,surrogate,CPWA CUDA B24,cpwa-cuda,0.339840017
3,100000,32,0.0021040622195891844,265,57,21.6066915,5.459768958333333,0.523840003,cpwa-cuda,0.523840003,41.24673827172378,10.422588819230235,1.0,GPU fixed-composition resident,cuda_fixed_resident,17.11730752136752,32.67659480631058,surrogate,CPWA CUDA B32,cpwa-cuda,0.523840003
3,100000,48,0.0012150993217043922,533,102,41.17078285714286,11.250350434782609,1.04479998,cpwa-cuda,1.04479998,39.40542079369379,10.767946640640831,1.0,GPU fixed-composition resident,cuda_fixed_resident,17.11730752136752,16.38333446500211,surrogate,CPWA CUDA B48,cpwa-cuda,1.04479998
3,100000,64,0.0009020488444937802,835,158,66.616535,17.653903,1.81311995,cpwa-cuda,1.81311995,36.741383271415664,9.736754041010911,1.0,GPU fixed-composition resident,cuda_fixed_resident,17.11730752136752,9.440802590786957,surrogate,CPWA CUDA B64,cpwa-cuda,1.81311995
3,100000,96,0.0005609796870602037,1412,291,109.78718,44.70621,2.97120005,cpwa-cuda,2.97120005,36.950450374420264,15.046516305760022,1.0,GPU fixed-composition resident,cuda_fixed_resident,17.11730752136752,5.761075401626867,surrogate,CPWA CUDA B96,cpwa-cuda,2.97120005
3,100000,128,0.00038870413960664154,2130,439,166.33714,44.911672857142854,8.6374402,cpwa-cuda,8.6374402,19.257689332540906,5.199650801303707,1.0,GPU fixed-composition resident,cuda_fixed_resident,17.11730752136752,1.9817569933934267,surrogate,CPWA CUDA B128,cpwa-cuda,8.6374402
3,1000000,16,0.007666704070839694,79,19,6.70990775,1.78087115,0.167584002,cpwa-cuda,0.167584002,40.039070972896326,10.626737210870521,1.0,GPU fixed-composition resident,cuda_fixed_resident,16.66444807692308,99.43937295949692,surrogate,CPWA CUDA B16,cpwa-cuda,0.167584002
3,1000000,24,0.002967495238361881,164,37,13.383596,3.405961,0.301503986,cpwa-cuda,0.301503986,44.38944963069245,11.296570387629966,1.0,GPU fixed-composition resident,cuda_fixed_resident,16.66444807692308,55.27107053544254,surrogate,CPWA CUDA B24,cpwa-cuda,0.301503986
3,1000000,32,0.0021040622195891844,265,57,20.5433135,5.5415202,0.486176014,cpwa-cuda,0.486176014,42.254888987592054,11.398176875093636,1.0,GPU fixed-composition resident,cuda_fixed_resident,16.66444807692308,34.27657390955342,surrogate,CPWA CUDA B32,cpwa-cuda,0.486176014
3,1000000,48,0.0012150993217043922,533,102,41.358555,11.031578,1.01087999,cpwa-cuda,1.01087999,40.913417427522724,10.912846340939046,1.0,GPU fixed-composition resident,cuda_fixed_resident,16.66444807692308,16.485090457595344,surrogate,CPWA CUDA B48,cpwa-cuda,1.01087999
3,1000000,64,0.0009020488444937802,835,158,65.90283900000001,17.4246655,1.848032,cpwa-cuda,1.848032,35.66109190749945,9.428768278904261,1.0,GPU fixed-composition resident,cuda_fixed_resident,16.66444807692308,9.017402337688461,surrogate,CPWA CUDA B64,cpwa-cuda,1.848032
3,1000000,96,0.0005609796870602037,1412,291,110.638183,29.383615,2.99219203,cpwa-cuda,2.99219203,36.97562920117797,9.820096673407688,1.0,GPU fixed-composition resident,cuda_fixed_resident,16.66444807692308,5.569311030122314,surrogate,CPWA CUDA B96,cpwa-cuda,2.99219203
3,1000000,128,0.00038870413960664154,2130,439,167.999219,44.536735,8.47721577,cpwa-cuda,8.47721577,19.817735393091215,5.253698408575484,1.0,GPU fixed-composition resident,cuda_fixed_resident,16.66444807692308,1.9657926056213948,surrogate,CPWA CUDA B128,cpwa-cuda,8.47721577
4,100,16,0.00715352067918386,78,19,6.589271907386409,28.309187764990913,48.9600003,avx2,6.589271907386409,1.0,4.2962542998501885,7.430259517006282,CPU OpenMP 4,openmp,213.45141763204398,32.3937789534486,surrogate,CPWA AVX2 B16,avx2,6.589271907386409
4,100,24,0.0027697242968022133,159,35,13.14247,31.94831150225133,52.4799991,avx2,13.14247,1.0,2.4309213947036845,3.993161034417427,CPU OpenMP 4,openmp,213.45141763204398,16.241347146468204,surrogate,CPWA AVX2 B24,avx2,13.14247
4,100,32,0.0019262178000697635,253,58,22.7102645,35.42793608312343,55.6800002,avx2,22.7102645,1.0,1.5599966298553425,2.4517548089323222,CPU OpenMP 4,openmp,213.45141763204398,9.398896152532437,surrogate,CPWA AVX2 B32,avx2,22.7102645
4,100,48,0.0011209815186800625,544,109,49.74767398181099,46.22222894168466,65.2799988,avx2-omp4,46.22222894168466,1.0762716364148976,1.0,1.4123074610348019,CPU OpenMP 4,openmp,213.45141763204398,4.617938652446654,surrogate,CPWA AVX2+OMP4 B48,avx2-omp4,46.22222894168466
4,100,64,0.0007649175998639279,853,165,73.56697267920094,57.94162619372442,91.5199984,avx2-omp4,57.94162619372442,1.2696739375804555,1.0,1.579520707513598,CPU OpenMP 4,openmp,213.45141763204398,3.6839045027556137,surrogate,CPWA AVX2+OMP4 B64,avx2-omp4,57.94162619372442
4,100,96,0.0005388511769559827,1308,254,122.34692234848485,70.40177674777907,127.999997,avx2-omp4,70.40177674777907,1.7378385603363977,1.0,1.8181358896462503,CPU OpenMP 4,openmp,213.45141763204398,3.0319038452218843,surrogate,CPWA AVX2+OMP4 B96,avx2-omp4,70.40177674777907
4,100,128,0.00035473724273915217,2043,392,184.061895,132.408235,140.479999,avx2-omp4,132.408235,1.390109119723558,1.0,1.0609611932369614,CPU OpenMP 4,openmp,213.45141763204398,1.6120705606569259,surrogate,CPWA AVX2+OMP4 B128,avx2-omp4,132.408235
4,1000,16,0.00715352067918386,78,19,5.918094923258559,4.170125804811928,4.89600003,avx2-omp4,4.170125804811928,1.4191646008448096,1.0,1.1740653062194149,GPU fixed-composition resident,cuda_fixed_resident,42.76690762026394,10.255543746645486,surrogate,CPWA AVX2+OMP4 B16,avx2-omp4,4.170125804811928
4,1000,24,0.0027697242968022133,159,35,11.757409981343283,5.80115591040142,5.56800002,cpwa-cuda,5.56800002,2.111603796535777,1.0418742617751318,1.0,GPU fixed-composition resident,cuda_fixed_resident,42.76690762026394,7.680838266280024,surrogate,CPWA CUDA B24,cpwa-cuda,5.56800002
4,1000,32,0.0019262178000697635,253,58,19.2228525,9.519745235069886,6.01600017,cpwa-cuda,6.01600017,3.1952878917554948,1.5824044159011195,1.0,GPU fixed-composition resident,cuda_fixed_resident,42.76690762026394,7.108860773230986,surrogate,CPWA CUDA B32,cpwa-cuda,6.01600017
4,1000,48,0.0011209815186800625,544,109,44.674030651341,14.6954085,7.48800021,cpwa-cuda,7.48800021,5.966082985905926,1.9625277895124418,1.0,GPU fixed-composition resident,cuda_fixed_resident,42.76690762026394,5.711392417317246,surrogate,CPWA CUDA B48,cpwa-cuda,7.48800021
4,1000,64,0.0007649175998639279,853,165,65.02852590673575,20.8587595,9.18400008,cpwa-cuda,9.18400008,7.08063211457809,2.271206371766495,1.0,GPU fixed-composition resident,cuda_fixed_resident,42.76690762026394,4.656675440737141,surrogate,CPWA CUDA B64,cpwa-cuda,9.18400008
4,1000,96,0.0005388511769559827,1308,254,104.50342916666666,30.861426886792454,11.4240004,cpwa-cuda,11.4240004,9.1477088154397,2.7014553401794745,1.0,GPU fixed-composition resident,cuda_fixed_resident,42.76690762026394,3.7436017264376096,surrogate,CPWA CUDA B96,cpwa-cuda,11.4240004
4,1000,128,0.00035473724273915217,2043,392,160.48603500000002,47.369097077244255,15.04,cpwa-cuda,15.04,10.67061402925532,3.1495410290720915,1.0,GPU fixed-composition resident,cuda_fixed_resident,42.76690762026394,2.843544389645209,surrogate,CPWA CUDA B128,cpwa-cuda,15.04
4,10000,16,0.00715352067918386,78,19,5.922722695035461,1.8859492,0.630400004,cpwa-cuda,0.630400004,9.395181880480225,2.991670666296506,1.0,GPU fixed-composition resident,cuda_fixed_resident,26.436196452036793,41.935590552497516,surrogate,CPWA CUDA B16,cpwa-cuda,0.630400004
4,10000,24,0.0027697242968022133,159,35,11.684849074074075,3.4159639344262294,0.848000031,cpwa-cuda,0.848000031,13.779302649664732,4.0282592093752285,1.0,GPU fixed-composition resident,cuda_fixed_resident,26.436196452036793,31.174758827381215,surrogate,CPWA CUDA B24,cpwa-cuda,0.848000031
4,10000,32,0.0019262178000697635,253,58,19.227918,7.672660429447853,1.18079996,cpwa-cuda,1.18079996,16.283806445928402,6.4978494997983,1.0,GPU fixed-composition resident,cuda_fixed_resident,26.436196452036793,22.388378512510105,surrogate,CPWA CUDA B32,cpwa-cuda,1.18079996
4,10000,48,0.0011209815186800625,544,109,44.78243157894737,12.188544634146341,1.75999999,cpwa-cuda,1.75999999,25.444563541700568,6.925309490567861,1.0,GPU fixed-composition resident,cuda_fixed_resident,26.436196452036793,15.020566251274122,surrogate,CPWA CUDA B48,cpwa-cuda,1.75999999
4,10000,64,0.0007649175998639279,853,165,64.99898717948717,18.310039,2.88319997,cpwa-cuda,2.88319997,22.54404406763613,6.350596278620244,1.0,GPU fixed-composition resident,cuda_fixed_resident,26.436196452036793,9.16904714452976,surrogate,CPWA CUDA B64,cpwa-cuda,2.88319997
4,10000,96,0.0005388511769559827,1308,254,105.140184,28.247906603773586,3.99039984,cpwa-cuda,3.99039984,26.34828293297045,7.078966453590673,1.0,GPU fixed-composition resident,cuda_fixed_resident,26.436196452036793,6.624949256222102,surrogate,CPWA CUDA B96,cpwa-cuda,3.99039984
4,10000,128,0.00035473724273915217,2043,392,160.6937,43.82196,5.10400012,cpwa-cuda,5.10400012,31.48387465163304,8.585807008170681,1.0,GPU fixed-composition resident,cuda_fixed_resident,26.436196452036793,5.179505452683412,surrogate,CPWA CUDA B128,cpwa-cuda,5.10400012
4,100000,16,0.00715352067918386,78,19,6.216770731707317,1.68279195,0.218880009,cpwa-cuda,0.218880009,28.402642891463504,7.6881938998823784,1.0,GPU generic resident,cuda_generic_resident,22.360148666666667,102.15710776339866,surrogate,CPWA CUDA B16,cpwa-cuda,0.218880009
4,100000,24,0.0027697242968022133,159,35,11.735377727272727,3.1868041139240506,0.413120016,cpwa-cuda,0.413120016,28.406703313239433,7.713991069181336,1.0,GPU generic resident,cuda_generic_resident,22.360148666666667,54.125067294407415,surrogate,CPWA CUDA B24,cpwa-cuda,0.413120016
4,100000,32,0.0019262178000697635,253,58,19.443481,5.224871509433962,0.622400008,cpwa-cuda,0.622400008,31.239525626741315,8.39471632756464,1.0,GPU generic resident,cuda_generic_resident,22.360148666666667,35.92568827002115,surrogate,CPWA CUDA B32,cpwa-cuda,0.622400008
4,100000,48,0.0011209815186800625,544,109,45.27159666666667,11.856740952380953,1.30592003,cpwa-cuda,1.30592003,34.66643869967035,9.079224362904483,1.0,GPU generic resident,cuda_generic_resident,22.360148666666667,17.122142361708523,surrogate,CPWA CUDA B48,cpwa-cuda,1.30592003
4,100000,64,0.0007649175998639279,853,165,65.154205,25.944311,2.26815999,cpwa-cuda,2.26815999,28.725577246426962,11.438483667106745,1.0,GPU generic resident,cuda_generic_resident,22.360148666666667,9.858276649464514,surrogate,CPWA CUDA B64,cpwa-cuda,2.26815999
4,100000,96,0.0005388511769559827,1308,254,104.59603333333334,28.320912,3.20255995,cpwa-cuda,3.20255995,32.66013282072466,8.843210569719389,1.0,GPU generic resident,cuda_generic_resident,22.360148666666667,6.981960998627573,surrogate,CPWA CUDA B96,cpwa-cuda,3.20255995
4,100000,128,0.00035473724273915217,2043,392,159.86464499999997,43.6853575,4.20704007,cpwa-cuda,4.20704007,37.99931598940059,10.383870078042781,1.0,GPU generic resident,cuda_generic_resident,22.360148666666667,5.314935986969734,surrogate,CPWA CUDA B128,cpwa-cuda,4.20704007
4,1000000,16,0.00715352067918386,78,19,6.35080425,1.7728039,0.184896007,cpwa-cuda,0.184896007,34.34797945636544,9.588113495604045,1.0,GPU fixed-composition resident,cuda_fixed_resident,21.9412993,118.6683241893915,surrogate,CPWA CUDA B16,cpwa-cuda,0.184896007
4,1000000,24,0.0027697242968022133,159,35,11.982533333333333,3.2057839999999995,0.369055986,cpwa-cuda,0.369055986,32.46806389243428,8.686443579321864,1.0,GPU fixed-composition resident,cuda_fixed_resident,21.9412993,59.45249537288362,surrogate,CPWA CUDA B24,cpwa-cuda,0.369055986
4,1000000,32,0.0019262178000697635,253,58,19.512987,5.165766666666666,0.588927984,cpwa-cuda,0.588927984,33.1330613082227,8.77147428380083,1.0,GPU fixed-composition resident,cuda_fixed_resident,21.9412993,37.25633676120237,surrogate,CPWA CUDA B32,cpwa-cuda,0.588927984
4,1000000,48,0.0011209815186800625,544,109,44.542266,11.872662333333333,1.26489604,cpwa-cuda,1.26489604,35.21417143499002,9.386275201978917,1.0,GPU fixed-composition resident,cuda_fixed_resident,21.9412993,17.34632618503573,surrogate,CPWA CUDA B48,cpwa-cuda,1.26489604
4,1000000,64,0.0007649175998639279,853,165,65.46699,17.43858,2.2934401,cpwa-cuda,2.2934401,28.545323682096598,7.603677985747263,1.0,GPU fixed-composition resident,cuda_fixed_resident,21.9412993,9.566981627294298,surrogate,CPWA CUDA B64,cpwa-cuda,2.2934401
4,1000000,96,0.0005388511769559827,1308,254,104.370627,28.698978,3.21366405,cpwa-cuda,3.21366405,32.47714302930949,8.930298112523616,1.0,GPU fixed-composition resident,cuda_fixed_resident,21.9412993,6.827502488942489,surrogate,CPWA CUDA B96,cpwa-cuda,3.21366405
4,1000000,128,0.00035473724273915217,2043,392,160.628399,42.938911,4.19184017,cpwa-cuda,4.19184017,38.31930428778729,10.243451386172483,1.0,GPU fixed-composition resident,cuda_fixed_resident,21.9412993,5.2342881431951165,surrogate,CPWA CUDA B128,cpwa-cuda,4.19184017
5,100,16,0.0077713676770929385,82,20,7.344445259759319,28.430289339499584,50.2400007,avx2,7.344445259759319,1.0,3.8709920673343348,6.84054396528328,CPU OpenMP 4,openmp,246.35144572526417,33.5425531830211,surrogate,CPWA AVX2 B16,avx2,7.344445259759319
5,100,24,0.0029718217173072673,165,39,13.555414,30.27277563129571,53.4400018,avx2,13.555414,1.0,2.2332608676721866,3.942336383086492,CPU OpenMP 4,openmp,246.35144572526417,18.173657088250064,surrogate,CPWA AVX2 B24,avx2,13.555414
5,100,32,0.0021009749152809407,264,59,22.623123,34.58033686359576,59.8399993,avx2,22.623123,1.0,1.528539488716733,2.645081286964669,CPU OpenMP 4,openmp,246.35144572526417,10.889365085680884,surrogate,CPWA AVX2 B32,avx2,22.623123
5,100,48,0.0012100200205791961,559,120,53.38521434917814,48.277272302662304,65.6000013,avx2-omp4,48.277272302662304,1.1058042802106314,1.0,1.358817476031727,CPU OpenMP 4,openmp,246.35144572526417,5.102845168650484,surrogate,CPWA AVX2+OMP4 B48,avx2-omp4,48.277272302662304
5,100,64,0.0008505023632200023,864,173,82.01359651849549,56.4611494510419,94.4000017,avx2-omp4,56.4611494510419,1.4525668945087702,1.0,1.6719461544412113,CPU OpenMP 4,openmp,246.35144572526417,4.363202806185841,surrogate,CPWA AVX2+OMP4 B64,avx2-omp4,56.4611494510419
5,100,96,0.000591866530543988,1390,319,123.92396049382717,74.26887437572033,134.079996,avx2-omp4,74.26887437572033,1.668585413950206,1.0,1.8053322758293058,CPU OpenMP 4,openmp,246.35144572526417,3.317021400903315,surrogate,CPWA AVX2+OMP4 B96,avx2-omp4,74.26887437572033
5,100,128,0.00035934251615852214,2193,500,194.231525,105.93964862681744,334.080011,avx2-omp4,105.93964862681744,1.8334167379032864,1.0,3.153493666727448,CPU OpenMP 4,openmp,246.35144572526417,2.3253942118786965,surrogate,CPWA AVX2+OMP4 B128,avx2-omp4,105.93964862681744
5,1000,16,0.0077713676770929385,82,20,6.613386074197121,4.36156014842941,5.15200011,avx2-omp4,4.36156014842941,1.516289091319442,1.0,1.1812287196945401,GPU fixed-composition resident,cuda_fixed_resident,54.899499026425595,12.587124138639886,surrogate,CPWA AVX2+OMP4 B16,avx2-omp4,4.36156014842941
5,1000,24,0.0029718217173072673,165,39,12.091220404234841,7.461667075736325,5.72799984,cpwa-cuda,5.72799984,2.1108974759040566,1.3026653778217154,1.0,GPU fixed-composition resident,cuda_fixed_resident,54.899499026425595,9.58441001395447,surrogate,CPWA CUDA B24,cpwa-cuda,5.72799984
5,1000,32,0.0021009749152809407,264,59,20.1119195,9.801024781341107,6.20799977,cpwa-cuda,6.20799977,3.2396778745370347,1.5787733802285737,1.0,GPU fixed-composition resident,cuda_fixed_resident,54.899499026425595,8.843347464625566,surrogate,CPWA CUDA B32,cpwa-cuda,6.20799977
5,1000,48,0.0012100200205791961,559,120,48.22746365422397,14.359777,7.58400001,cpwa-cuda,7.58400001,6.3591064861066595,1.8934305091067636,1.0,GPU fixed-composition resident,cuda_fixed_resident,54.899499026425595,7.23885798444581,surrogate,CPWA CUDA B48,cpwa-cuda,7.58400001
5,1000,64,0.0008505023632200023,864,173,68.20106887052341,21.316678,9.21600033,cpwa-cuda,9.21600033,7.400289326001295,2.3130075126635763,1.0,GPU fixed-composition resident,cuda_fixed_resident,54.899499026425595,5.956976677584993,surrogate,CPWA CUDA B64,cpwa-cuda,9.21600033
5,1000,96,0.000591866530543988,1390,319,108.13548927038627,32.475035953177255,13.3760003,cpwa-cuda,13.3760003,8.084291779687407,2.4278584946785067,1.0,GPU fixed-composition resident,cuda_fixed_resident,54.899499026425595,4.104328483487369,surrogate,CPWA CUDA B96,cpwa-cuda,13.3760003
5,1000,128,0.00035934251615852214,2193,500,168.33099,50.54151802656546,33.7279998,cpwa-cuda,33.7279998,4.990838205590834,1.4985032710586492,1.0,GPU fixed-composition resident,cuda_fixed_resident,54.899499026425595,1.6277128602931739,surrogate,CPWA CUDA B128,cpwa-cuda,33.7279998
5,10000,16,0.0077713676770929385,82,20,6.593790052356021,2.0319672552976793,0.675200019,cpwa-cuda,0.675200019,9.765684044443164,3.009430092000159,1.0,GPU fixed-composition resident,cuda_fixed_resident,33.694916666666664,49.903607402988925,surrogate,CPWA CUDA B16,cpwa-cuda,0.675200019
5,10000,24,0.0029718217173072673,165,39,12.067280434782608,5.53848085106383,0.899199955,cpwa-cuda,0.899199955,13.420018948713812,6.159342891719595,1.0,GPU fixed-composition resident,cuda_fixed_resident,33.694916666666664,37.47210670919869,surrogate,CPWA CUDA B24,cpwa-cuda,0.899199955
5,10000,32,0.0021009749152809407,264,59,20.1268,7.304379521276596,1.20320003,cpwa-cuda,1.20320003,16.72772564674886,6.070793998630964,1.0,GPU fixed-composition resident,cuda_fixed_resident,33.694916666666664,28.00441807391466,surrogate,CPWA CUDA B32,cpwa-cuda,1.20320003
5,10000,48,0.0012100200205791961,559,120,46.53604385964912,16.054696116504857,1.83039997,cpwa-cuda,1.83039997,25.42397542743028,8.771140941673451,1.0,GPU fixed-composition resident,cuda_fixed_resident,33.694916666666664,18.408499354743032,surrogate,CPWA CUDA B48,cpwa-cuda,1.83039997
5,10000,64,0.0008505023632200023,864,173,67.95529189189189,18.809844,2.92799994,cpwa-cuda,2.92799994,23.20877502883142,6.424127180822278,1.0,GPU fixed-composition resident,cuda_fixed_resident,33.694916666666664,11.50782696623507,surrogate,CPWA CUDA B64,cpwa-cuda,2.92799994
5,10000,96,0.000591866530543988,1390,319,107.84087916666667,29.981044943820226,4.88959998,cpwa-cuda,4.88959998,22.05515371559427,6.131594622556471,1.0,GPU fixed-composition resident,cuda_fixed_resident,33.694916666666664,6.8911397260490554,surrogate,CPWA CUDA B96,cpwa-cuda,4.88959998
5,10000,128,0.00035934251615852214,2193,500,177.01103,46.10284561403509,15.8559993,cpwa-cuda,15.8559993,11.163662828870079,2.9075963451912545,1.0,GPU fixed-composition resident,cuda_fixed_resident,33.694916666666664,2.1250579057900603,surrogate,CPWA CUDA B128,cpwa-cuda,15.8559993
5,100000,16,0.0077713676770929385,82,20,6.731646842105263,1.82493615,0.249920003,cpwa-cuda,0.249920003,26.935206311218167,7.302081178352099,1.0,GPU generic resident,cuda_generic_resident,28.621366285714288,114.52211084406191,surrogate,CPWA CUDA B16,cpwa-cuda,0.249920003
5,100000,24,0.0029718217173072673,165,39,12.149033333333334,3.2945287692307694,0.438719988,cpwa-cuda,0.438719988,27.691998690821748,7.50941114912405,1.0,GPU generic resident,cuda_generic_resident,28.621366285714288,65.23834579817296,surrogate,CPWA CUDA B24,cpwa-cuda,0.438719988
5,100000,32,0.0021009749152809407,264,59,20.20172,7.500913414634146,0.64447999,cpwa-cuda,0.64447999,31.345767616462386,11.638706447091005,1.0,GPU generic resident,cuda_generic_resident,28.621366285714288,44.41001540748269,surrogate,CPWA CUDA B32,cpwa-cuda,0.64447999
5,100000,48,0.0012100200205791961,559,120,43.950745,14.7840005,1.36160001,cpwa-cuda,1.36160001,32.27874902850507,10.857814623547188,1.0,GPU generic resident,cuda_generic_resident,28.621366285714288,21.02039224112101,surrogate,CPWA CUDA B48,cpwa-cuda,1.36160001
5,100000,64,0.0008505023632200023,864,173,68.1922975,18.1339685,2.31135994,cpwa-cuda,2.31135994,29.50310608048351,7.845583972524851,1.0,GPU generic resident,cuda_generic_resident,28.621366285714288,12.382911804603781,surrogate,CPWA CUDA B64,cpwa-cuda,2.31135994
5,100000,96,0.000591866530543988,1390,319,107.52215,29.061766,4.07775998,cpwa-cuda,4.07775998,26.367944785215144,7.126894702615626,1.0,GPU generic resident,cuda_generic_resident,28.621366285714288,7.018894301305662,surrogate,CPWA CUDA B96,cpwa-cuda,4.07775998
5,100000,128,0.00035934251615852214,2193,500,167.45450499999998,45.61368,14.9264002,cpwa-cuda,14.9264002,11.218679839496732,3.0559062726992945,1.0,GPU generic resident,cuda_generic_resident,28.621366285714288,1.9174995914764692,surrogate,CPWA CUDA B128,cpwa-cuda,14.9264002
5,1000000,16,0.0077713676770929385,82,20,6.8410385,2.49006475,0.206303999,cpwa-cuda,0.206303999,33.1599897876919,12.069881156302745,1.0,GPU fixed-composition resident,cuda_fixed_resident,28.07033575,136.06297447486708,surrogate,CPWA CUDA B16,cpwa-cuda,0.206303999
5,1000000,24,0.0029718217173072673,165,39,12.322068333333334,3.379868125,0.393631995,cpwa-cuda,0.393631995,31.303523315815152,8.586365356301892,1.0,GPU fixed-composition resident,cuda_fixed_resident,28.07033575,71.3111131883474,surrogate,CPWA CUDA B24,cpwa-cuda,0.393631995
5,1000000,32,0.0021009749152809407,264,59,20.493209,6.40811225,0.599936008,cpwa-cuda,0.599936008,34.1589915036405,10.68132628238577,1.0,GPU fixed-composition resident,cuda_fixed_resident,28.07033575,46.78888310701297,surrogate,CPWA CUDA B32,cpwa-cuda,0.599936008
5,1000000,48,0.0012100200205791961,559,120,44.239464,14.00859,1.31516802,cpwa-cuda,1.31516802,33.637879972172676,10.651559182529393,1.0,GPU fixed-composition resident,cuda_fixed_resident,28.07033575,21.343535824418847,surrogate,CPWA CUDA B48,cpwa-cuda,1.31516802
5,1000000,64,0.0008505023632200023,864,173,68.069133,18.154291,2.32672,cpwa-cuda,2.32672,29.255403744326777,7.802525013753267,1.0,GPU fixed-composition resident,cuda_fixed_resident,28.07033575,12.06433767277541,surrogate,CPWA CUDA B64,cpwa-cuda,2.32672
5,1000000,96,0.000591866530543988,1390,319,109.519067,28.774792,4.07615995,cpwa-cuda,4.07615995,26.868196622166412,7.059289221464432,1.0,GPU fixed-composition resident,cuda_fixed_resident,28.07033575,6.886465716341676,surrogate,CPWA CUDA B96,cpwa-cuda,4.07615995
5,1000000,128,0.00035934251615852214,2193,500,168.704682,44.728767,13.6969919,cpwa-cuda,13.6969919,12.31691478185075,3.265590527216417,1.0,GPU fixed-composition resident,cuda_fixed_resident,28.07033575,2.049379597720285,surrogate,CPWA CUDA B128,cpwa-cuda,13.6969919
