components,rmse_target,selected_budget,actual_rmse,largest_measured_cpu_win_batch,smallest_measured_cuda_win_batch,crossover_bracket
1,0.001,48,0.0007703086845547998,100,1000,100..1000
1,0.00075,64,0.000539661254588657,100,1000,100..1000
1,0.0005,96,0.00034104209185099004,100,1000,100..1000
1,0.0004,96,0.00034104209185099004,100,1000,100..1000
2,0.001,64,0.0007187326587790541,100,1000,100..1000
2,0.00075,64,0.0007187326587790541,100,1000,100..1000
2,0.0005,96,0.00046562592472402674,100,1000,100..1000
2,0.0004,128,0.0003133773291002309,100,1000,100..1000
3,0.001,64,0.0009020488444937802,100,1000,100..1000
3,0.00075,96,0.0005609796870602037,100,1000,100..1000
3,0.0005,128,0.00038870413960664154,100,1000,100..1000
3,0.0004,128,0.00038870413960664154,100,1000,100..1000
4,0.001,64,0.0007649175998639279,100,1000,100..1000
4,0.00075,96,0.0005388511769559827,100,1000,100..1000
4,0.0005,128,0.00035473724273915217,100,1000,100..1000
4,0.0004,128,0.00035473724273915217,100,1000,100..1000
5,0.001,64,0.0008505023632200023,100,1000,100..1000
5,0.00075,96,0.000591866530543988,100,1000,100..1000
5,0.0005,128,0.00035934251615852214,100,1000,100..1000
5,0.0004,128,0.00035934251615852214,100,1000,100..1000
