components,batch,candidate_type,method,backend,budget,threads,rmse,p99_abs,max_abs,ns_per_eval,evaluations_per_second,dag_nodes,live_slots,registers,spill_store_bytes,spill_load_bytes,stack_frame_bytes,pareto
1,100,exact,CPU OpenMP 4,openmp,,4,0.0,0.0,0.0,134.91197893997892,7412240.246248932,,,,,,,True
1,100,surrogate,CPWA AVX2+OMP4 B128,avx2-omp4,128,4,0.0002582874077028154,0.0007570681322109597,0.0010272705488628686,104.35508,9582667.178253325,2031,444,,,,,True
1,100,surrogate,CPWA AVX2+OMP4 B96,avx2-omp4,96,4,0.00034104209185099004,0.0009612977226246969,0.001474863704864382,74.13529779630733,13488851.191339113,1345,297,,,,,True
1,100,surrogate,CPWA AVX2+OMP4 B64,avx2-omp4,64,4,0.000539661254588657,0.001540795951388282,0.002152390914877955,54.01702787184163,18512680.89707851,794,164,,,,,True
1,100,surrogate,CPWA AVX2 B48,avx2,48,0,0.0007703086845547998,0.0020563112070939808,0.002773954971125203,46.16188075082812,21662895.526241325,527,120,,,,,True
1,100,surrogate,CPWA AVX2 B32,avx2,32,0,0.0012877636231141984,0.003569945842691297,0.006192332666692835,22.5707365,44305155.926125854,254,52,,,,,True
1,100,surrogate,CPWA AVX2 B24,avx2,24,0,0.0021142784556413435,0.00654996588890694,0.01665701079230575,13.491884,74118633.09823892,152,35,,,,,True
1,100,surrogate,CPWA AVX2 B16,avx2,16,0,0.005035772712008456,0.024678766431902692,0.04334175307754584,6.27576595299715,159343099.7091956,72,17,,,,,True
1,1000,exact,GPU fixed-composition resident,cuda_fixed_resident,,0,0.0,0.0,0.0,20.881733096457314,47888745.41115818,,,,,,,True
1,1000,surrogate,CPWA CUDA B96,cpwa-cuda,96,0,0.00034104209185099004,0.0009612977226246969,0.001474863704864382,11.7119998,85382515.11923695,1345,297,255,8,8,8,True
1,1000,surrogate,CPWA CUDA B64,cpwa-cuda,64,0,0.000539661254588657,0.001540795951388282,0.002152390914877955,8.96000024,111607139.8676659,794,164,167,0,0,0,True
1,1000,surrogate,CPWA CUDA B48,cpwa-cuda,48,0,0.0007703086845547998,0.0020563112070939808,0.002773954971125203,7.77600007,128600821.88759547,527,120,125,0,0,0,True
1,1000,surrogate,CPWA CUDA B32,cpwa-cuda,32,0,0.0012877636231141984,0.003569945842691297,0.006192332666692835,6.11199997,163612566.2480983,254,52,48,0,0,0,True
1,1000,surrogate,CPWA CUDA B24,cpwa-cuda,24,0,0.0021142784556413435,0.00654996588890694,0.01665701079230575,5.5999998,178571434.94897982,152,35,31,0,0,0,True
1,1000,surrogate,CPWA AVX2+OMP4 B16,avx2-omp4,16,4,0.005035772712008456,0.024678766431902692,0.04334175307754584,4.159212933247754,240430104.45708108,72,17,,,,,True
1,10000,exact,GPU generic resident,cuda_generic_resident,,0,0.0,0.0,0.0,10.66219420751114,93789325.21183448,,,,,,,True
1,10000,surrogate,CPWA CUDA B128,cpwa-cuda,128,0,0.0002582874077028154,0.0007570681322109597,0.0010272705488628686,9.98400003,100160256.1092941,2031,444,255,676,676,680,True
1,10000,surrogate,CPWA CUDA B96,cpwa-cuda,96,0,0.00034104209185099004,0.0009612977226246969,0.001474863704864382,4.0736001,245483104.73578393,1345,297,255,8,8,8,True
1,10000,surrogate,CPWA CUDA B64,cpwa-cuda,64,0,0.000539661254588657,0.001540795951388282,0.002152390914877955,2.7392,365070093.4579439,794,164,167,0,0,0,True
1,10000,surrogate,CPWA CUDA B48,cpwa-cuda,48,0,0.0007703086845547998,0.0020563112070939808,0.002773954971125203,1.74720008,572344296.1380817,527,120,125,0,0,0,True
1,10000,surrogate,CPWA CUDA B32,cpwa-cuda,32,0,0.0012877636231141984,0.003569945842691297,0.006192332666692835,1.0272,973520249.2211839,254,52,48,0,0,0,True
1,10000,surrogate,CPWA CUDA B24,cpwa-cuda,24,0,0.0021142784556413435,0.00654996588890694,0.01665701079230575,0.940799993,1062925177.9766967,152,35,31,0,0,0,True
1,10000,surrogate,CPWA CUDA B16,cpwa-cuda,16,0,0.005035772712008456,0.024678766431902692,0.04334175307754584,0.668800017,1495215272.9984155,72,17,26,0,0,0,True
1,100000,exact,GPU fixed-composition resident,cuda_fixed_resident,,0,0.0,0.0,0.0,8.580488461538462,116543481.70065627,,,,,,,True
1,100000,surrogate,CPWA CUDA B96,cpwa-cuda,96,0,0.00034104209185099004,0.0009612977226246969,0.001474863704864382,3.29984009,303044987.85576,1345,297,255,8,8,8,True
1,100000,surrogate,CPWA CUDA B64,cpwa-cuda,64,0,0.000539661254588657,0.001540795951388282,0.002152390914877955,2.11648002,472482608.1750585,794,164,167,0,0,0,True
1,100000,surrogate,CPWA CUDA B48,cpwa-cuda,48,0,0.0007703086845547998,0.0020563112070939808,0.002773954971125203,1.30175993,768190798.4370052,527,120,125,0,0,0,True
1,100000,surrogate,CPWA CUDA B32,cpwa-cuda,32,0,0.0012877636231141984,0.003569945842691297,0.006192332666692835,0.595199987,1680107563.5776181,254,52,48,0,0,0,True
1,100000,surrogate,CPWA CUDA B24,cpwa-cuda,24,0,0.0021142784556413435,0.00654996588890694,0.01665701079230575,0.388480015,2574134991.216987,152,35,31,0,0,0,True
1,100000,surrogate,CPWA CUDA B16,cpwa-cuda,16,0,0.005035772712008456,0.024678766431902692,0.04334175307754584,0.224319994,4457917380.293796,72,17,26,0,0,0,True
1,1000000,exact,GPU fixed-composition resident,cuda_fixed_resident,,0,0.0,0.0,0.0,8.348875833333333,119776604.6546586,,,,,,,True
1,1000000,surrogate,CPWA CUDA B96,cpwa-cuda,96,0,0.00034104209185099004,0.0009612977226246969,0.001474863704864382,3.31689596,301486694.807274,1345,297,255,8,8,8,True
1,1000000,surrogate,CPWA CUDA B64,cpwa-cuda,64,0,0.000539661254588657,0.001540795951388282,0.002152390914877955,2.14374399,466473610.96508545,794,164,167,0,0,0,True
1,1000000,surrogate,CPWA CUDA B48,cpwa-cuda,48,0,0.0007703086845547998,0.0020563112070939808,0.002773954971125203,1.23913598,807013932.401511,527,120,125,0,0,0,True
1,1000000,surrogate,CPWA CUDA B32,cpwa-cuda,32,0,0.0012877636231141984,0.003569945842691297,0.006192332666692835,0.550400019,1816860402.397624,254,52,48,0,0,0,True
1,1000000,surrogate,CPWA CUDA B24,cpwa-cuda,24,0,0.0021142784556413435,0.00654996588890694,0.01665701079230575,0.343456,2911581105.003261,152,35,31,0,0,0,True
1,1000000,surrogate,CPWA CUDA B16,cpwa-cuda,16,0,0.005035772712008456,0.024678766431902692,0.04334175307754584,0.184095994,5431948725.619743,72,17,26,0,0,0,True
2,100,exact,CPU OpenMP 4,openmp,,4,0.0,0.0,0.0,160.260567358956,6239838.1366027035,,,,,,,True
2,100,surrogate,CPWA AVX2+OMP4 B128,avx2-omp4,128,4,0.0003133773291002309,0.0009112645405843172,0.001249187176580624,98.515515,10150685.402192742,1999,382,,,,,True
2,100,surrogate,CPWA AVX2+OMP4 B96,avx2-omp4,96,4,0.00046562592472402674,0.0014374456737755777,0.0021070759680840156,70.1581484176064,14253511.852217682,1287,269,,,,,True
2,100,surrogate,CPWA AVX2+OMP4 B64,avx2-omp4,64,4,0.0007187326587790541,0.001847299899487981,0.0027077352973755575,56.350777716492004,17745984.004535455,881,190,,,,,True
2,100,surrogate,CPWA AVX2 B48,avx2,48,0,0.001005929224902897,0.002794632838111624,0.004354302246139419,42.5614039870506,23495465.523276724,489,103,,,,,True
2,100,surrogate,CPWA AVX2 B32,avx2,32,0,0.002115247256413587,0.006653867225672598,0.009364929798562738,19.8118635,50474807.68278057,228,48,,,,,True
2,100,surrogate,CPWA AVX2 B24,avx2,24,0,0.0026733982984239774,0.00831947416001643,0.02164582196696907,12.061088628280304,82911255.42807508,133,33,,,,,True
2,100,surrogate,CPWA AVX2 B16,avx2,16,0,0.0064544384954823295,0.03154561472283422,0.055608752448372156,6.63309757832881,150759126.9676372,77,19,,,,,True
2,1000,exact,GPU fixed-composition resident,cuda_fixed_resident,,0,0.0,0.0,0.0,27.667807756003313,36143087.62077551,,,,,,,True
2,1000,surrogate,CPWA CUDA B128,cpwa-cuda,128,0,0.0003133773291002309,0.0009112645405843172,0.001249187176580624,23.3600009,42808217.52879299,1999,382,255,564,564,568,True
2,1000,surrogate,CPWA CUDA B96,cpwa-cuda,96,0,0.00046562592472402674,0.0014374456737755777,0.0021070759680840156,11.2319998,89031340.61665492,1287,269,255,0,0,0,True
2,1000,surrogate,CPWA CUDA B64,cpwa-cuda,64,0,0.0007187326587790541,0.001847299899487981,0.0027077352973755575,9.44000017,105932201.48215316,881,190,202,0,0,0,True
2,1000,surrogate,CPWA CUDA B48,cpwa-cuda,48,0,0.001005929224902897,0.002794632838111624,0.004354302246139419,7.42400018,134698272.59621644,489,103,95,0,0,0,True
2,1000,surrogate,CPWA CUDA B32,cpwa-cuda,32,0,0.002115247256413587,0.006653867225672598,0.009364929798562738,5.91999991,168918921.48694307,228,48,48,0,0,0,True
2,1000,surrogate,CPWA CUDA B24,cpwa-cuda,24,0,0.0026733982984239774,0.00831947416001643,0.02164582196696907,5.34400018,187125742.200106,133,33,31,0,0,0,True
2,1000,surrogate,CPWA AVX2+OMP4 B16,avx2-omp4,16,4,0.0064544384954823295,0.03154561472283422,0.055608752448372156,4.159038993501083,240440159.7490672,77,19,,,,,True
2,10000,exact,GPU fixed-composition resident,cuda_fixed_resident,,0,0.0,0.0,0.0,15.590730852713177,64140674.95918416,,,,,,,True
2,10000,surrogate,CPWA CUDA B128,cpwa-cuda,128,0,0.0003133773291002309,0.0009112645405843172,0.001249187176580624,9.67999995,103305785.65757121,1999,382,255,564,564,568,True
2,10000,surrogate,CPWA CUDA B96,cpwa-cuda,96,0,0.00046562592472402674,0.0014374456737755777,0.0021070759680840156,3.8656,258692052.98013243,1287,269,255,0,0,0,True
2,10000,surrogate,CPWA CUDA B64,cpwa-cuda,64,0,0.0007187326587790541,0.001847299899487981,0.0027077352973755575,2.97599994,336021512.15097135,881,190,202,0,0,0,True
2,10000,surrogate,CPWA CUDA B48,cpwa-cuda,48,0,0.001005929224902897,0.002794632838111624,0.004354302246139419,1.664,600961538.4615384,489,103,95,0,0,0,True
2,10000,surrogate,CPWA CUDA B32,cpwa-cuda,32,0,0.002115247256413587,0.006653867225672598,0.009364929798562738,1.0272,973520249.2211839,228,48,48,0,0,0,True
2,10000,surrogate,CPWA CUDA B24,cpwa-cuda,24,0,0.0026733982984239774,0.00831947416001643,0.02164582196696907,0.787200034,1270325148.3853467,133,33,31,0,0,0,True
2,10000,surrogate,CPWA CUDA B16,cpwa-cuda,16,0,0.0064544384954823295,0.03154561472283422,0.055608752448372156,0.611199997,1636125662.4809833,77,19,22,0,0,0,True
2,100000,exact,GPU fixed-composition resident,cuda_fixed_resident,,0,0.0,0.0,0.0,12.4937300621118,80040147.74039157,,,,,,,True
2,100000,surrogate,CPWA CUDA B128,cpwa-cuda,128,0,0.0003133773291002309,0.0009112645405843172,0.001249187176580624,8.92895997,111995126.34840494,1999,382,255,564,564,568,True
2,100000,surrogate,CPWA CUDA B96,cpwa-cuda,96,0,0.00046562592472402674,0.0014374456737755777,0.0021070759680840156,3.11423987,321105644.3124916,1287,269,255,0,0,0,True
2,100000,surrogate,CPWA CUDA B64,cpwa-cuda,64,0,0.0007187326587790541,0.001847299899487981,0.0027077352973755575,2.35839993,424016294.81052434,881,190,202,0,0,0,True
2,100000,surrogate,CPWA CUDA B48,cpwa-cuda,48,0,0.001005929224902897,0.002794632838111624,0.004354302246139419,1.22111998,818920348.8423798,489,103,95,0,0,0,True
2,100000,surrogate,CPWA CUDA B32,cpwa-cuda,32,0,0.002115247256413587,0.006653867225672598,0.009364929798562738,0.563200004,1775568169.2076123,228,48,48,0,0,0,True
2,100000,surrogate,CPWA CUDA B24,cpwa-cuda,24,0,0.0026733982984239774,0.00831947416001643,0.02164582196696907,0.35360001,2828054218.663625,133,33,31,0,0,0,True
2,100000,surrogate,CPWA CUDA B16,cpwa-cuda,16,0,0.0064544384954823295,0.03154561472283422,0.055608752448372156,0.208000001,4807692284.5784025,77,19,22,0,0,0,True
2,1000000,exact,GPU fixed-composition resident,cuda_fixed_resident,,0,0.0,0.0,0.0,12.098191470588235,82656982.44494541,,,,,,,True
2,1000000,surrogate,CPWA CUDA B128,cpwa-cuda,128,0,0.0003133773291002309,0.0009112645405843172,0.001249187176580624,7.9242239,126195323.68337043,1999,382,255,564,564,568,True
2,1000000,surrogate,CPWA CUDA B96,cpwa-cuda,96,0,0.00046562592472402674,0.0014374456737755777,0.0021070759680840156,3.1288321,319608073.56840914,1287,269,255,0,0,0,True
2,1000000,surrogate,CPWA CUDA B64,cpwa-cuda,64,0,0.0007187326587790541,0.001847299899487981,0.0027077352973755575,2.38425589,419418068.4188223,881,190,202,0,0,0,True
2,1000000,surrogate,CPWA CUDA B48,cpwa-cuda,48,0,0.001005929224902897,0.002794632838111624,0.004354302246139419,1.17174399,853428742.5702947,489,103,95,0,0,0,True
2,1000000,surrogate,CPWA CUDA B32,cpwa-cuda,32,0,0.002115247256413587,0.006653867225672598,0.009364929798562738,0.517343998,1932949843.5584443,228,48,48,0,0,0,True
2,1000000,surrogate,CPWA CUDA B24,cpwa-cuda,24,0,0.0026733982984239774,0.00831947416001643,0.02164582196696907,0.309087992,3235324651.4992404,133,33,31,0,0,0,True
2,1000000,surrogate,CPWA CUDA B16,cpwa-cuda,16,0,0.0064544384954823295,0.03154561472283422,0.055608752448372156,0.173184007,5774205235.937288,77,19,22,0,0,0,True
3,100,exact,CPU OpenMP 8,openmp,,8,0.0,0.0,0.0,151.68650000000002,6592544.4914346365,,,,,,,True
3,100,surrogate,CPWA AVX2+OMP4 B128,avx2-omp4,128,4,0.00038870413960664154,0.0011107809381621404,0.001770982503845997,106.5354,9386551.324723989,2130,439,,,,,True
3,100,surrogate,CPWA AVX2+OMP4 B96,avx2-omp4,96,4,0.0005609796870602037,0.0016765256045591659,0.0024356871959627657,73.68894472361809,13570556.665598297,1412,291,,,,,True
3,100,surrogate,CPWA AVX2+OMP4 B64,avx2-omp4,64,4,0.0009020488444937802,0.0024526480627163057,0.0033413081456192817,58.77849421887604,17013025.142771713,835,158,,,,,True
3,100,surrogate,CPWA AVX2 B48,avx2,48,0,0.0012150993217043922,0.003394472031917318,0.004658448052157871,47.03671144278607,21259989.68308759,533,102,,,,,True
3,100,surrogate,CPWA AVX2 B32,avx2,32,0,0.0021040622195891844,0.006271356861770966,0.009118294668629012,22.583536,44280045.427784204,265,57,,,,,True
3,100,surrogate,CPWA AVX2 B24,avx2,24,0,0.002967495238361881,0.00862680894592261,0.024713578259689006,14.634653,68330967.60135002,164,37,,,,,True
3,100,surrogate,CPWA AVX2 B16,avx2,16,0,0.007666704070839694,0.0370324574065091,0.06578338250529137,7.1348595505617975,140156928.51602948,79,19,,,,,True
3,1000,exact,GPU fixed-composition resident,cuda_fixed_resident,,0,0.0,0.0,0.0,36.19602893832519,27627340.051692154,,,,,,,True
3,1000,surrogate,CPWA CUDA B128,cpwa-cuda,128,0,0.00038870413960664154,0.0011107809381621404,0.001770982503845997,24.6079993,40637192.313314155,2130,439,255,420,420,424,True
3,1000,surrogate,CPWA CUDA B96,cpwa-cuda,96,0,0.0005609796870602037,0.0016765256045591659,0.0024356871959627657,10.4,96153846.15384614,1412,291,255,48,48,48,True
3,1000,surrogate,CPWA CUDA B64,cpwa-cuda,64,0,0.0009020488444937802,0.0024526480627163057,0.0033413081456192817,7.74399983,129132234.23973139,835,158,166,0,0,0,True
3,1000,surrogate,CPWA CUDA B48,cpwa-cuda,48,0,0.0012150993217043922,0.003394472031917318,0.004658448052157871,6.5919999,151699031.42747316,533,102,96,0,0,0,True
3,1000,surrogate,CPWA CUDA B32,cpwa-cuda,32,0,0.0021040622195891844,0.006271356861770966,0.009118294668629012,5.43999998,183823530.08758652,265,57,62,0,0,0,True
3,1000,surrogate,CPWA CUDA B24,cpwa-cuda,24,0,0.002967495238361881,0.00862680894592261,0.024713578259689006,4.83200001,206953641.95580786,164,37,38,0,0,0,True
3,1000,surrogate,CPWA AVX2+OMP4 B16,avx2-omp4,16,4,0.007666704070839694,0.0370324574065091,0.06578338250529137,4.275455553794961,233893204.45920303,79,19,,,,,True
3,10000,exact,GPU fixed-composition resident,cuda_fixed_resident,,0,0.0,0.0,0.0,20.482484387755104,48822202.47646437,,,,,,,True
3,10000,surrogate,CPWA CUDA B128,cpwa-cuda,128,0,0.00038870413960664154,0.0011107809381621404,0.001770982503845997,9.46239978,105681436.34277941,2130,439,255,420,420,424,True
3,10000,surrogate,CPWA CUDA B96,cpwa-cuda,96,0,0.0005609796870602037,0.0016765256045591659,0.0024356871959627657,3.65119986,273882569.660265,1412,291,255,48,48,48,True
3,10000,surrogate,CPWA CUDA B64,cpwa-cuda,64,0,0.0009020488444937802,0.0024526480627163057,0.0033413081456192817,2.38719992,418900818.3277754,835,158,166,0,0,0,True
3,10000,surrogate,CPWA CUDA B48,cpwa-cuda,48,0,0.0012150993217043922,0.003394472031917318,0.004658448052157871,1.43680004,695991071.9378877,533,102,96,0,0,0,True
3,10000,surrogate,CPWA CUDA B32,cpwa-cuda,32,0,0.0021040622195891844,0.006271356861770966,0.009118294668629012,1.01760002,982704383.2015649,265,57,62,0,0,0,True
3,10000,surrogate,CPWA CUDA B24,cpwa-cuda,24,0,0.002967495238361881,0.00862680894592261,0.024713578259689006,0.719999988,1388888912.0370374,164,37,38,0,0,0,True
3,10000,surrogate,CPWA CUDA B16,cpwa-cuda,16,0,0.007666704070839694,0.0370324574065091,0.06578338250529137,0.566399982,1765536779.2720022,79,19,25,0,0,0,True
3,100000,exact,GPU fixed-composition resident,cuda_fixed_resident,,0,0.0,0.0,0.0,17.11730752136752,58420402.785408914,,,,,,,True
3,100000,surrogate,CPWA CUDA B128,cpwa-cuda,128,0,0.00038870413960664154,0.0011107809381621404,0.001770982503845997,8.6374402,115775041.77684495,2130,439,255,420,420,424,True
3,100000,surrogate,CPWA CUDA B96,cpwa-cuda,96,0,0.0005609796870602037,0.0016765256045591659,0.0024356871959627657,2.97120005,336564345.440153,1412,291,255,48,48,48,True
3,100000,surrogate,CPWA CUDA B64,cpwa-cuda,64,0,0.0009020488444937802,0.0024526480627163057,0.0033413081456192817,1.81311995,551535489.9713061,835,158,166,0,0,0,True
3,100000,surrogate,CPWA CUDA B48,cpwa-cuda,48,0,0.0012150993217043922,0.003394472031917318,0.004658448052157871,1.04479998,957120998.4134953,533,102,96,0,0,0,True
3,100000,surrogate,CPWA CUDA B32,cpwa-cuda,32,0,0.0021040622195891844,0.006271356861770966,0.009118294668629012,0.523840003,1908979830.2402651,265,57,62,0,0,0,True
3,100000,surrogate,CPWA CUDA B24,cpwa-cuda,24,0,0.002967495238361881,0.00862680894592261,0.024713578259689006,0.339840017,2942561058.0757475,164,37,38,0,0,0,True
3,100000,surrogate,CPWA CUDA B16,cpwa-cuda,16,0,0.007666704070839694,0.0370324574065091,0.06578338250529137,0.200960003,4976114575.3963785,79,19,25,0,0,0,True
3,1000000,exact,GPU fixed-composition resident,cuda_fixed_resident,,0,0.0,0.0,0.0,16.66444807692308,60007987.986400805,,,,,,,True
3,1000000,surrogate,CPWA CUDA B128,cpwa-cuda,128,0,0.00038870413960664154,0.0011107809381621404,0.001770982503845997,8.47721577,117963259.06188416,2130,439,255,420,420,424,True
3,1000000,surrogate,CPWA CUDA B96,cpwa-cuda,96,0,0.0005609796870602037,0.0016765256045591659,0.0024356871959627657,2.99219203,334203149.38810927,1412,291,255,48,48,48,True
3,1000000,surrogate,CPWA CUDA B64,cpwa-cuda,64,0,0.0009020488444937802,0.0024526480627163057,0.0033413081456192817,1.848032,541116171.1485516,835,158,166,0,0,0,True
3,1000000,surrogate,CPWA CUDA B48,cpwa-cuda,48,0,0.0012150993217043922,0.003394472031917318,0.004658448052157871,1.01087999,989237110.1341119,533,102,96,0,0,0,True
3,1000000,surrogate,CPWA CUDA B32,cpwa-cuda,32,0,0.0021040622195891844,0.006271356861770966,0.009118294668629012,0.486176014,2056868235.3794608,265,57,62,0,0,0,True
3,1000000,surrogate,CPWA CUDA B24,cpwa-cuda,24,0,0.002967495238361881,0.00862680894592261,0.024713578259689006,0.301503986,3316705736.686347,164,37,38,0,0,0,True
3,1000000,surrogate,CPWA CUDA B16,cpwa-cuda,16,0,0.007666704070839694,0.0370324574065091,0.06578338250529137,0.167584002,5967156697.9287195,79,19,25,0,0,0,True
4,100,exact,CPU OpenMP 4,openmp,,4,0.0,0.0,0.0,213.45141763204398,4684906.809679004,,,,,,,True
4,100,surrogate,CPWA AVX2+OMP4 B128,avx2-omp4,128,4,0.00035473724273915217,0.001069512982597059,0.00166397978946764,132.408235,7552400.347304683,2043,392,,,,,True
4,100,surrogate,CPWA AVX2+OMP4 B96,avx2-omp4,96,4,0.0005388511769559827,0.0016295048119610246,0.002170421542860068,70.40177674777907,14204186.970771963,1308,254,,,,,True
4,100,surrogate,CPWA AVX2+OMP4 B64,avx2-omp4,64,4,0.0007649175998639279,0.0019752490670838937,0.0028638087484608166,57.94162619372442,17258749.29116692,853,165,,,,,True
4,100,surrogate,CPWA AVX2+OMP4 B48,avx2-omp4,48,4,0.0011209815186800625,0.0031491536764224532,0.004336624835432179,46.22222894168466,21634612.239527214,544,109,,,,,True
4,100,surrogate,CPWA AVX2 B32,avx2,32,0,0.0019262178000697635,0.0056113026288327475,0.008520364643262557,22.7102645,44032952.588465005,253,58,,,,,True
4,100,surrogate,CPWA AVX2 B24,avx2,24,0,0.0027697242968022133,0.008327052664090779,0.023487052580999257,13.14247,76089197.84484956,159,35,,,,,True
4,100,surrogate,CPWA AVX2 B16,avx2,16,0,0.00715352067918386,0.034937061629210425,0.06151785896120354,6.589271907386409,151761835.6102478,78,19,,,,,True
4,1000,exact,GPU fixed-composition resident,cuda_fixed_resident,,0,0.0,0.0,0.0,42.76690762026394,23382565.063604858,,,,,,,True
4,1000,surrogate,CPWA CUDA B128,cpwa-cuda,128,0,0.00035473724273915217,0.001069512982597059,0.00166397978946764,15.04,66489361.702127665,2043,392,255,124,124,128,True
4,1000,surrogate,CPWA CUDA B96,cpwa-cuda,96,0,0.0005388511769559827,0.0016295048119610246,0.002170421542860068,11.4240004,87535010.94065087,1308,254,255,0,0,0,True
4,1000,surrogate,CPWA CUDA B64,cpwa-cuda,64,0,0.0007649175998639279,0.0019752490670838937,0.0028638087484608166,9.18400008,108885016.47312702,853,165,166,0,0,0,True
4,1000,surrogate,CPWA CUDA B48,cpwa-cuda,48,0,0.0011209815186800625,0.0031491536764224532,0.004336624835432179,7.48800021,133547004.80169992,544,109,122,0,0,0,True
4,1000,surrogate,CPWA CUDA B32,cpwa-cuda,32,0,0.0019262178000697635,0.0056113026288327475,0.008520364643262557,6.01600017,166223399.55818185,253,58,63,0,0,0,True
4,1000,surrogate,CPWA CUDA B24,cpwa-cuda,24,0,0.0027697242968022133,0.008327052664090779,0.023487052580999257,5.56800002,179597700.5043186,159,35,39,0,0,0,True
4,1000,surrogate,CPWA AVX2+OMP4 B16,avx2-omp4,16,4,0.00715352067918386,0.034937061629210425,0.06151785896120354,4.170125804811928,239800918.91858402,78,19,,,,,True
4,10000,exact,GPU fixed-composition resident,cuda_fixed_resident,,0,0.0,0.0,0.0,26.436196452036793,37826924.22543843,,,,,,,True
4,10000,surrogate,CPWA CUDA B128,cpwa-cuda,128,0,0.00035473724273915217,0.001069512982597059,0.00166397978946764,5.10400012,195924760.28390062,2043,392,255,124,124,128,True
4,10000,surrogate,CPWA CUDA B96,cpwa-cuda,96,0,0.0005388511769559827,0.0016295048119610246,0.002170421542860068,3.99039984,250601453.51248813,1308,254,255,0,0,0,True
4,10000,surrogate,CPWA CUDA B64,cpwa-cuda,64,0,0.0007649175998639279,0.0019752490670838937,0.0028638087484608166,2.88319997,346836851.55559987,853,165,166,0,0,0,True
4,10000,surrogate,CPWA CUDA B48,cpwa-cuda,48,0,0.0011209815186800625,0.0031491536764224532,0.004336624835432179,1.75999999,568181821.410124,544,109,122,0,0,0,True
4,10000,surrogate,CPWA CUDA B32,cpwa-cuda,32,0,0.0019262178000697635,0.0056113026288327475,0.008520364643262557,1.18079996,846883497.5231537,253,58,63,0,0,0,True
4,10000,surrogate,CPWA CUDA B24,cpwa-cuda,24,0,0.0027697242968022133,0.008327052664090779,0.023487052580999257,0.848000031,1179245239.909667,159,35,39,0,0,0,True
4,10000,surrogate,CPWA CUDA B16,cpwa-cuda,16,0,0.00715352067918386,0.034937061629210425,0.06151785896120354,0.630400004,1586294406.1783352,78,19,26,0,0,0,True
4,100000,exact,GPU generic resident,cuda_generic_resident,,0,0.0,0.0,0.0,22.360148666666667,44722421.791888505,,,,,,,True
4,100000,surrogate,CPWA CUDA B128,cpwa-cuda,128,0,0.00035473724273915217,0.001069512982597059,0.00166397978946764,4.20704007,237696809.00614765,2043,392,255,124,124,128,True
4,100000,surrogate,CPWA CUDA B96,cpwa-cuda,96,0,0.0005388511769559827,0.0016295048119610246,0.002170421542860068,3.20255995,312250204.71513736,1308,254,255,0,0,0,True
4,100000,surrogate,CPWA CUDA B64,cpwa-cuda,64,0,0.0007649175998639279,0.0019752490670838937,0.0028638087484608166,2.26815999,440886006.4584774,853,165,166,0,0,0,True
4,100000,surrogate,CPWA CUDA B48,cpwa-cuda,48,0,0.0011209815186800625,0.0031491536764224532,0.004336624835432179,1.30592003,765743672.6810906,544,109,122,0,0,0,True
4,100000,surrogate,CPWA CUDA B32,cpwa-cuda,32,0,0.0019262178000697635,0.0056113026288327475,0.008520364643262557,0.622400008,1606683783.975787,253,58,63,0,0,0,True
4,100000,surrogate,CPWA CUDA B24,cpwa-cuda,24,0,0.0027697242968022133,0.008327052664090779,0.023487052580999257,0.413120016,2420604089.0548377,159,35,39,0,0,0,True
4,100000,surrogate,CPWA CUDA B16,cpwa-cuda,16,0,0.00715352067918386,0.034937061629210425,0.06151785896120354,0.218880009,4568713262.434122,78,19,26,0,0,0,True
4,1000000,exact,GPU fixed-composition resident,cuda_fixed_resident,,0,0.0,0.0,0.0,21.9412993,45576152.365780815,,,,,,,True
4,1000000,surrogate,CPWA CUDA B128,cpwa-cuda,128,0,0.00035473724273915217,0.001069512982597059,0.00166397978946764,4.19184017,238558713.9406606,2043,392,255,124,124,128,True
4,1000000,surrogate,CPWA CUDA B96,cpwa-cuda,96,0,0.0005388511769559827,0.0016295048119610246,0.002170421542860068,3.21366405,311171293.71379066,1308,254,255,0,0,0,True
4,1000000,surrogate,CPWA CUDA B64,cpwa-cuda,64,0,0.0007649175998639279,0.0019752490670838937,0.0028638087484608166,2.2934401,436026212.32619065,853,165,166,0,0,0,True
4,1000000,surrogate,CPWA CUDA B48,cpwa-cuda,48,0,0.0011209815186800625,0.0031491536764224532,0.004336624835432179,1.26489604,790578805.1957219,544,109,122,0,0,0,True
4,1000000,surrogate,CPWA CUDA B32,cpwa-cuda,32,0,0.0019262178000697635,0.0056113026288327475,0.008520364643262557,0.588927984,1698000480.8194,253,58,63,0,0,0,True
4,1000000,surrogate,CPWA CUDA B24,cpwa-cuda,24,0,0.0027697242968022133,0.008327052664090779,0.023487052580999257,0.369055986,2709615987.640423,159,35,39,0,0,0,True
4,1000000,surrogate,CPWA CUDA B16,cpwa-cuda,16,0,0.00715352067918386,0.034937061629210425,0.06151785896120354,0.184896007,5408445624.247581,78,19,26,0,0,0,True
5,100,exact,CPU OpenMP 4,openmp,,4,0.0,0.0,0.0,246.35144572526417,4059241.450992819,,,,,,,True
5,100,surrogate,CPWA AVX2+OMP4 B128,avx2-omp4,128,4,0.00035934251615852214,0.0010121813938903498,0.0018352479098073804,105.93964862681744,9439336.574756783,2193,500,,,,,True
5,100,surrogate,CPWA AVX2+OMP4 B96,avx2-omp4,96,4,0.000591866530543988,0.0017202803445622822,0.002427864920033551,74.26887437572033,13464590.764377005,1390,319,,,,,True
5,100,surrogate,CPWA AVX2+OMP4 B64,avx2-omp4,64,4,0.0008505023632200023,0.0022289569339455743,0.0031782146168994885,56.4611494510419,17711293.689957753,864,173,,,,,True
5,100,surrogate,CPWA AVX2+OMP4 B48,avx2-omp4,48,4,0.0012100200205791961,0.003385956509791243,0.004627670339193868,48.277272302662304,20713680.626584485,559,120,,,,,True
5,100,surrogate,CPWA AVX2 B32,avx2,32,0,0.0021009749152809407,0.006262980916710393,0.009118224686061605,22.623123,44202562.13078981,264,59,,,,,True
5,100,surrogate,CPWA AVX2 B24,avx2,24,0,0.0029718217173072673,0.008577599747621302,0.025477907083690132,13.555414,73771262.16875412,165,39,,,,,True
5,100,surrogate,CPWA AVX2 B16,avx2,16,0,0.0077713676770929385,0.03788567286468034,0.06679920348434609,7.344445259759319,136157322.25265035,82,20,,,,,True
5,1000,exact,GPU fixed-composition resident,cuda_fixed_resident,,0,0.0,0.0,0.0,54.899499026425595,18215102.464207463,,,,,,,True
5,1000,surrogate,CPWA CUDA B128,cpwa-cuda,128,0,0.00035934251615852214,0.0010121813938903498,0.0018352479098073804,33.7279998,29648956.532548368,2193,500,255,724,724,728,True
5,1000,surrogate,CPWA CUDA B96,cpwa-cuda,96,0,0.000591866530543988,0.0017202803445622822,0.002427864920033551,13.3760003,74760763.87348765,1390,319,255,156,156,160,True
5,1000,surrogate,CPWA CUDA B64,cpwa-cuda,64,0,0.0008505023632200023,0.0022289569339455743,0.0031782146168994885,9.21600033,108506940.55910477,864,173,165,0,0,0,True
5,1000,surrogate,CPWA CUDA B48,cpwa-cuda,48,0,0.0012100200205791961,0.003385956509791243,0.004627670339193868,7.58400001,131856539.91052672,559,120,126,0,0,0,True
5,1000,surrogate,CPWA CUDA B32,cpwa-cuda,32,0,0.0021009749152809407,0.006262980916710393,0.009118224686061605,6.20799977,161082480.19474396,264,59,62,0,0,0,True
5,1000,surrogate,CPWA CUDA B24,cpwa-cuda,24,0,0.0029718217173072673,0.008577599747621302,0.025477907083690132,5.72799984,174581010.46315673,165,39,40,0,0,0,True
5,1000,surrogate,CPWA AVX2+OMP4 B16,avx2-omp4,16,4,0.0077713676770929385,0.03788567286468034,0.06679920348434609,4.36156014842941,229275755.91502464,82,20,,,,,True
5,10000,exact,GPU fixed-composition resident,cuda_fixed_resident,,0,0.0,0.0,0.0,33.694916666666664,29678067.166412342,,,,,,,True
5,10000,surrogate,CPWA CUDA B128,cpwa-cuda,128,0,0.00035934251615852214,0.0010121813938903498,0.0018352479098073804,15.8559993,63067611.260552965,2193,500,255,724,724,728,True
5,10000,surrogate,CPWA CUDA B96,cpwa-cuda,96,0,0.000591866530543988,0.0017202803445622822,0.002427864920033551,4.88959998,204515707.64281622,1390,319,255,156,156,160,True
5,10000,surrogate,CPWA CUDA B64,cpwa-cuda,64,0,0.0008505023632200023,0.0022289569339455743,0.0031782146168994885,2.92799994,341530061.6433756,864,173,165,0,0,0,True
5,10000,surrogate,CPWA CUDA B48,cpwa-cuda,48,0,0.0012100200205791961,0.003385956509791243,0.004627670339193868,1.83039997,546328680.282922,559,120,126,0,0,0,True
5,10000,surrogate,CPWA CUDA B32,cpwa-cuda,32,0,0.0021009749152809407,0.006262980916710393,0.009118224686061605,1.20320003,831117000.5539311,264,59,62,0,0,0,True
5,10000,surrogate,CPWA CUDA B24,cpwa-cuda,24,0,0.0029718217173072673,0.008577599747621302,0.025477907083690132,0.899199955,1112099699.7825694,165,39,40,0,0,0,True
5,10000,surrogate,CPWA CUDA B16,cpwa-cuda,16,0,0.0077713676770929385,0.03788567286468034,0.06679920348434609,0.675200019,1481042612.3521776,82,20,26,0,0,0,True
5,100000,exact,GPU generic resident,cuda_generic_resident,,0,0.0,0.0,0.0,28.621366285714288,34938933.0340644,,,,,,,True
5,100000,surrogate,CPWA CUDA B128,cpwa-cuda,128,0,0.00035934251615852214,0.0010121813938903498,0.0018352479098073804,14.9264002,66995389.8194422,2193,500,255,724,724,728,True
5,100000,surrogate,CPWA CUDA B96,cpwa-cuda,96,0,0.000591866530543988,0.0017202803445622822,0.002427864920033551,4.07775998,245232677.96649474,1390,319,255,156,156,160,True
5,100000,surrogate,CPWA CUDA B64,cpwa-cuda,64,0,0.0008505023632200023,0.0022289569339455743,0.0031782146168994885,2.31135994,432645726.30777705,864,173,165,0,0,0,True
5,100000,surrogate,CPWA CUDA B48,cpwa-cuda,48,0,0.0012100200205791961,0.003385956509791243,0.004627670339193868,1.36160001,734430076.8622937,559,120,126,0,0,0,True
5,100000,surrogate,CPWA CUDA B32,cpwa-cuda,32,0,0.0021009749152809407,0.006262980916710393,0.009118224686061605,0.64447999,1551638554.3638058,264,59,62,0,0,0,True
5,100000,surrogate,CPWA CUDA B24,cpwa-cuda,24,0,0.0029718217173072673,0.008577599747621302,0.025477907083690132,0.438719988,2279358195.0955014,165,39,40,0,0,0,True
5,100000,surrogate,CPWA CUDA B16,cpwa-cuda,16,0,0.0077713676770929385,0.03788567286468034,0.06679920348434609,0.249920003,4001280361.70038,82,20,26,0,0,0,True
5,1000000,exact,GPU fixed-composition resident,cuda_fixed_resident,,0,0.0,0.0,0.0,28.07033575,35624796.543447115,,,,,,,True
5,1000000,surrogate,CPWA CUDA B128,cpwa-cuda,128,0,0.00035934251615852214,0.0010121813938903498,0.0018352479098073804,13.6969919,73008731.20907664,2193,500,255,724,724,728,True
5,1000000,surrogate,CPWA CUDA B96,cpwa-cuda,96,0,0.000591866530543988,0.0017202803445622822,0.002427864920033551,4.07615995,245328940.048096,1390,319,255,156,156,160,True
5,1000000,surrogate,CPWA CUDA B64,cpwa-cuda,64,0,0.0008505023632200023,0.0022289569339455743,0.0031782146168994885,2.32672,429789575.02406824,864,173,165,0,0,0,True
5,1000000,surrogate,CPWA CUDA B48,cpwa-cuda,48,0,0.0012100200205791961,0.003385956509791243,0.004627670339193868,1.31516802,760359121.2626961,559,120,126,0,0,0,True
5,1000000,surrogate,CPWA CUDA B32,cpwa-cuda,32,0,0.0021009749152809407,0.006262980916710393,0.009118224686061605,0.599936008,1666844441.1824667,264,59,62,0,0,0,True
5,1000000,surrogate,CPWA CUDA B24,cpwa-cuda,24,0,0.0029718217173072673,0.008577599747621302,0.025477907083690132,0.393631995,2540443898.6216044,165,39,40,0,0,0,True
5,1000000,surrogate,CPWA CUDA B16,cpwa-cuda,16,0,0.0077713676770929385,0.03788567286468034,0.06679920348434609,0.206303999,4847215782.763377,82,20,26,0,0,0,True
