components,rmse_target,selected_budget,actual_rmse,batch,exact_cpu_method,exact_cpu_ns,exact_cuda_method,exact_cuda_ns,cpwa_avx2_ns,cpwa_avx2_omp4_ns,cpwa_cuda_ns,winner,winner_method,winner_ns,speedup_vs_best_exact,cpu_cpwa_speedup_vs_exact_cpu,cpu_cpwa_speedup_vs_exact_cuda
1,0.001,48,0.0007703086845547998,100,CPU OpenMP 4,134.91197893997892,GPU generic resident,207.34904289405685,46.16188075082812,47.419440529575056,63.9999984,cpwa-cpu-avx2,CPWA AVX2,46.16188075082812,2.9225841050152335,2.9225841050152335,4.491780653680085
1,0.001,48,0.0007703086845547998,1000,CPU OpenMP 4,104.55490312815338,GPU fixed-composition resident,20.881733096457314,41.437952459016394,14.2892725,7.77600007,cpwa-cuda,CPWA fused CUDA,7.77600007,2.6854080386418144,7.3170207320319065,1.4613573291752477
1,0.001,48,0.0007703086845547998,10000,CPU OpenMP 4,97.79842878787879,GPU generic resident,10.66219420751114,41.456508,11.6085225,1.74720008,cpwa-cuda,CPWA fused CUDA,1.74720008,6.102446038985495,8.424709413956755,0.9184798674862491
1,0.001,48,0.0007703086845547998,100000,CPU OpenMP 8,106.10324949999999,GPU fixed-composition resident,8.580488461538462,41.28064142857143,11.361981304347825,1.30175993,cpwa-cuda,CPWA fused CUDA,1.30175993,6.591452282248741,9.338446056005925,0.7551929748603806
1,0.001,48,0.0007703086845547998,1000000,CPU OpenMP 8,102.43605,GPU fixed-composition resident,8.348875833333333,41.456076,11.152448666666666,1.23913598,cpwa-cuda,CPWA fused CUDA,1.23913598,6.737659117390275,9.185072539824288,0.7486136975718277
1,0.00075,64,0.000539661254588657,100,CPU OpenMP 4,134.91197893997892,GPU generic resident,207.34904289405685,68.71114503816794,54.01702787184163,89.28,cpwa-cpu-avx2-omp4,CPWA AVX2 + OpenMP 4,54.01702787184163,2.497582415309206,2.497582415309206,3.8385866654123193
1,0.00075,64,0.000539661254588657,1000,CPU OpenMP 4,104.55490312815338,GPU fixed-composition resident,20.881733096457314,61.269681818181816,19.5269965,8.96000024,cpwa-cuda,CPWA fused CUDA,8.96000024,2.33055050637558,5.35437711212543,1.069377622741793
1,0.00075,64,0.000539661254588657,10000,CPU OpenMP 4,97.79842878787879,GPU generic resident,10.66219420751114,61.21786904761905,24.6812925,2.7392,cpwa-cuda,CPWA fused CUDA,2.7392,3.8924482358028407,3.9624516741932694,0.4319949697736105
1,0.00075,64,0.000539661254588657,100000,CPU OpenMP 8,106.10324949999999,GPU fixed-composition resident,8.580488461538462,61.157005,16.753207999999997,2.11648002,cpwa-cuda,CPWA fused CUDA,2.11648002,4.0541315677236875,6.333309387670708,0.5121698758553265
1,0.00075,64,0.000539661254588657,1000000,CPU OpenMP 8,102.43605,GPU fixed-composition resident,8.348875833333333,61.387194,16.2827355,2.14374399,cpwa-cuda,CPWA fused CUDA,2.14374399,3.8945302574741367,6.291083583590729,0.5127440554035488
1,0.0005,96,0.00034104209185099004,100,CPU OpenMP 4,134.91197893997892,GPU generic resident,207.34904289405685,122.46142926829268,74.13529779630733,118.079996,cpwa-cpu-avx2-omp4,CPWA AVX2 + OpenMP 4,74.13529779630733,1.819807607850452,1.819807607850452,2.7969003842645237
1,0.0005,96,0.00034104209185099004,1000,CPU OpenMP 4,104.55490312815338,GPU fixed-composition resident,20.881733096457314,106.88408085106383,44.1899962264151,11.7119998,cpwa-cuda,CPWA fused CUDA,11.7119998,1.782934891824137,2.3660310490285683,0.4725443512026147
1,0.0005,96,0.00034104209185099004,10000,CPU OpenMP 4,97.79842878787879,GPU generic resident,10.66219420751114,106.61164166666667,29.260625806451614,4.0736001,cpwa-cuda,CPWA fused CUDA,4.0736001,2.617388537355726,3.342321843516943,0.36438708720851265
1,0.0005,96,0.00034104209185099004,100000,CPU OpenMP 8,106.10324949999999,GPU fixed-composition resident,8.580488461538462,107.32847666666667,28.732767,3.29984009,cpwa-cuda,CPWA fused CUDA,3.29984009,2.600274021623412,3.692761281919002,0.2986307744582505
1,0.0005,96,0.00034104209185099004,1000000,CPU OpenMP 8,102.43605,GPU fixed-composition resident,8.348875833333333,106.989429,28.225429,3.31689596,cpwa-cuda,CPWA fused CUDA,3.31689596,2.5170749803479917,3.629211446175008,0.2957926993185235
1,0.0004,96,0.00034104209185099004,100,CPU OpenMP 4,134.91197893997892,GPU generic resident,207.34904289405685,122.46142926829268,74.13529779630733,118.079996,cpwa-cpu-avx2-omp4,CPWA AVX2 + OpenMP 4,74.13529779630733,1.819807607850452,1.819807607850452,2.7969003842645237
1,0.0004,96,0.00034104209185099004,1000,CPU OpenMP 4,104.55490312815338,GPU fixed-composition resident,20.881733096457314,106.88408085106383,44.1899962264151,11.7119998,cpwa-cuda,CPWA fused CUDA,11.7119998,1.782934891824137,2.3660310490285683,0.4725443512026147
1,0.0004,96,0.00034104209185099004,10000,CPU OpenMP 4,97.79842878787879,GPU generic resident,10.66219420751114,106.61164166666667,29.260625806451614,4.0736001,cpwa-cuda,CPWA fused CUDA,4.0736001,2.617388537355726,3.342321843516943,0.36438708720851265
1,0.0004,96,0.00034104209185099004,100000,CPU OpenMP 8,106.10324949999999,GPU fixed-composition resident,8.580488461538462,107.32847666666667,28.732767,3.29984009,cpwa-cuda,CPWA fused CUDA,3.29984009,2.600274021623412,3.692761281919002,0.2986307744582505
1,0.0004,96,0.00034104209185099004,1000000,CPU OpenMP 8,102.43605,GPU fixed-composition resident,8.348875833333333,106.989429,28.225429,3.31689596,cpwa-cuda,CPWA fused CUDA,3.31689596,2.5170749803479917,3.629211446175008,0.2957926993185235
2,0.001,64,0.0007187326587790541,100,CPU OpenMP 4,160.260567358956,GPU fixed-composition resident,274.9067257863378,75.79949713941583,56.350777716492004,95.3599997,cpwa-cpu-avx2-omp4,CPWA AVX2 + OpenMP 4,56.350777716492004,2.8439814649098096,2.8439814649098096,4.878490358543565
2,0.001,64,0.0007187326587790541,1000,CPU OpenMP 4,118.7188311076198,GPU fixed-composition resident,27.667807756003313,66.97265733333333,21.395513,9.44000017,cpwa-cuda,CPWA fused CUDA,9.44000017,2.930911785778423,5.548772357438674,1.2931593533655077
2,0.001,64,0.0007187326587790541,10000,CPU OpenMP 4,115.93661581920902,GPU fixed-composition resident,15.590730852713177,66.60510789473685,18.4402515,2.97599994,cpwa-cuda,CPWA fused CUDA,2.97599994,5.238820956667485,6.287149381840536,0.8454727883029783
2,0.001,64,0.0007187326587790541,100000,CPU OpenMP 4,125.87581214285714,GPU fixed-composition resident,12.4937300621118,66.7198875,18.2786685,2.35839993,cpwa-cuda,CPWA fused CUDA,2.35839993,5.2975451292995075,6.886486952966905,0.6835142320192414
2,0.001,64,0.0007187326587790541,1000000,CPU OpenMP 8,132.4955125,GPU fixed-composition resident,12.098191470588235,66.934223,18.003093,2.38425589,cpwa-cuda,CPWA fused CUDA,2.38425589,5.074200097955188,7.359597181439877,0.6720062752877095
2,0.00075,64,0.0007187326587790541,100,CPU OpenMP 4,160.260567358956,GPU fixed-composition resident,274.9067257863378,75.79949713941583,56.350777716492004,95.3599997,cpwa-cpu-avx2-omp4,CPWA AVX2 + OpenMP 4,56.350777716492004,2.8439814649098096,2.8439814649098096,4.878490358543565
2,0.00075,64,0.0007187326587790541,1000,CPU OpenMP 4,118.7188311076198,GPU fixed-composition resident,27.667807756003313,66.97265733333333,21.395513,9.44000017,cpwa-cuda,CPWA fused CUDA,9.44000017,2.930911785778423,5.548772357438674,1.2931593533655077
2,0.00075,64,0.0007187326587790541,10000,CPU OpenMP 4,115.93661581920902,GPU fixed-composition resident,15.590730852713177,66.60510789473685,18.4402515,2.97599994,cpwa-cuda,CPWA fused CUDA,2.97599994,5.238820956667485,6.287149381840536,0.8454727883029783
2,0.00075,64,0.0007187326587790541,100000,CPU OpenMP 4,125.87581214285714,GPU fixed-composition resident,12.4937300621118,66.7198875,18.2786685,2.35839993,cpwa-cuda,CPWA fused CUDA,2.35839993,5.2975451292995075,6.886486952966905,0.6835142320192414
2,0.00075,64,0.0007187326587790541,1000000,CPU OpenMP 8,132.4955125,GPU fixed-composition resident,12.098191470588235,66.934223,18.003093,2.38425589,cpwa-cuda,CPWA fused CUDA,2.38425589,5.074200097955188,7.359597181439877,0.6720062752877095
2,0.0005,96,0.00046562592472402674,100,CPU OpenMP 4,160.260567358956,GPU fixed-composition resident,274.9067257863378,117.12552029864676,70.1581484176064,112.960003,cpwa-cpu-avx2-omp4,CPWA AVX2 + OpenMP 4,70.1581484176064,2.2842758962940093,2.2842758962940093,3.9183862742499223
2,0.0005,96,0.00046562592472402674,1000,CPU OpenMP 4,118.7188311076198,GPU fixed-composition resident,27.667807756003313,102.66859128630705,29.816023913043477,11.2319998,cpwa-cuda,CPWA fused CUDA,11.2319998,2.4633020164408577,3.9817123656009827,0.9279509513640954
2,0.0005,96,0.00046562592472402674,10000,CPU OpenMP 4,115.93661581920902,GPU fixed-composition resident,15.590730852713177,103.365016,27.268298214285714,3.8656,cpwa-cuda,CPWA fused CUDA,3.8656,4.033198171749063,4.251699717676934,0.5717529832699746
2,0.0005,96,0.00046562592472402674,100000,CPU OpenMP 4,125.87581214285714,GPU fixed-composition resident,12.4937300621118,102.55531333333333,27.546326,3.11423987,cpwa-cuda,CPWA fused CUDA,3.11423987,4.011807241460755,4.569604387273175,0.45355340897772717
2,0.0005,96,0.00046562592472402674,1000000,CPU OpenMP 8,132.4955125,GPU fixed-composition resident,12.098191470588235,103.010053,26.823692,3.1288321,cpwa-cuda,CPWA fused CUDA,3.1288321,3.8666796695764645,4.939495745030176,0.4510263341298519
2,0.0004,128,0.0003133773291002309,100,CPU OpenMP 4,160.260567358956,GPU fixed-composition resident,274.9067257863378,184.008865,98.515515,236.159991,cpwa-cpu-avx2-omp4,CPWA AVX2 + OpenMP 4,98.515515,1.6267546016376813,1.6267546016376813,2.790491688403982
2,0.0004,128,0.0003133773291002309,1000,CPU OpenMP 4,118.7188311076198,GPU fixed-composition resident,27.667807756003313,159.03684,46.504314150943394,23.3600009,cpwa-cuda,CPWA fused CUDA,23.3600009,1.1844095329638156,2.5528562946285587,0.5949514203391825
2,0.0004,128,0.0003133773291002309,10000,CPU OpenMP 4,115.93661581920902,GPU fixed-composition resident,15.590730852713177,159.17756500000002,43.10245288461538,9.67999995,cpwa-cuda,CPWA fused CUDA,9.67999995,1.61061269971527,2.689791602570035,0.3617133088562113
2,0.0004,128,0.0003133773291002309,100000,CPU OpenMP 4,125.87581214285714,GPU fixed-composition resident,12.4937300621118,169.39347,44.13771285714286,8.92895997,cpwa-cuda,CPWA fused CUDA,8.92895997,1.3992368768690762,2.8518879659729923,0.2830624709202603
2,0.0004,128,0.0003133773291002309,1000000,CPU OpenMP 8,132.4955125,GPU fixed-composition resident,12.098191470588235,158.329101,42.237025,7.9242239,cpwa-cuda,CPWA fused CUDA,7.9242239,1.5267351886142735,3.1369518212989664,0.28643569168491945
3,0.001,64,0.0009020488444937802,100,CPU OpenMP 8,151.68650000000002,GPU generic resident,361.9002233520973,73.7821982885807,58.77849421887604,77.7600007,cpwa-cpu-avx2-omp4,CPWA AVX2 + OpenMP 4,58.77849421887604,2.580646238319042,2.580646238319042,6.1570175990639315
3,0.001,64,0.0009020488444937802,1000,CPU OpenMP 4,145.13985798381162,GPU fixed-composition resident,36.19602893832519,66.17774738219896,21.0304975,7.74399983,cpwa-cuda,CPWA fused CUDA,7.74399983,4.674074087411904,6.901399169649298,1.7211209073073612
3,0.001,64,0.0009020488444937802,10000,CPU OpenMP 8,151.91924896551726,GPU fixed-composition resident,20.482484387755104,65.48629487179487,18.0418775,2.38719992,cpwa-cuda,CPWA fused CUDA,2.38719992,8.580129471416496,8.420368055681415,1.1352745515401657
3,0.001,64,0.0009020488444937802,100000,CPU OpenMP 4,138.843358,GPU fixed-composition resident,17.11730752136752,66.616535,17.653903,1.81311995,cpwa-cuda,CPWA fused CUDA,1.81311995,9.440802590786957,7.86474005210066,0.9696047112849503
3,0.001,64,0.0009020488444937802,1000000,CPU OpenMP 8,150.860403,GPU fixed-composition resident,16.66444807692308,65.90283900000001,17.4246655,1.848032,cpwa-cuda,CPWA fused CUDA,1.848032,9.017402337688461,8.657865082115924,0.956371189847121
3,0.00075,96,0.0005609796870602037,100,CPU OpenMP 8,151.68650000000002,GPU generic resident,361.9002233520973,124.96678,73.68894472361809,126.719996,cpwa-cpu-avx2-omp4,CPWA AVX2 + OpenMP 4,73.68894472361809,2.0584702436562763,2.0584702436562763,4.911187488292317
3,0.00075,96,0.0005609796870602037,1000,CPU OpenMP 4,145.13985798381162,GPU fixed-composition resident,36.19602893832519,109.62697391304347,33.19100758533502,10.4,cpwa-cuda,CPWA fused CUDA,10.4,3.4803873979158837,4.372866886027878,1.090537213890364
3,0.00075,96,0.0005609796870602037,10000,CPU OpenMP 8,151.91924896551726,GPU fixed-composition resident,20.482484387755104,110.0053,29.814900574712645,3.65119986,cpwa-cuda,CPWA fused CUDA,3.65119986,5.609795457144628,5.095413569628563,0.6869881835234835
3,0.00075,96,0.0005609796870602037,100000,CPU OpenMP 4,138.843358,GPU fixed-composition resident,17.11730752136752,109.78718,44.70621,2.97120005,cpwa-cuda,CPWA fused CUDA,2.97120005,5.761075401626867,3.105683930711192,0.3828843357861809
3,0.00075,96,0.0005609796870602037,1000000,CPU OpenMP 8,150.860403,GPU fixed-composition resident,16.66444807692308,110.638183,29.383615,2.99219203,cpwa-cuda,CPWA fused CUDA,2.99219203,5.569311030122314,5.134167562432328,0.5671340329269587
3,0.0005,128,0.00038870413960664154,100,CPU OpenMP 8,151.68650000000002,GPU generic resident,361.9002233520973,190.247645,106.5354,247.04,cpwa-cpu-avx2-omp4,CPWA AVX2 + OpenMP 4,106.5354,1.4238131175177455,1.4238131175177455,3.3969950209235367
3,0.0005,128,0.00038870413960664154,1000,CPU OpenMP 4,145.13985798381162,GPU fixed-composition resident,36.19602893832519,166.129985,50.407229357798165,24.6079993,cpwa-cuda,CPWA fused CUDA,24.6079993,1.470904988945005,2.8793460746193147,0.7180721773339352
3,0.0005,128,0.00038870413960664154,10000,CPU OpenMP 8,151.91924896551726,GPU fixed-composition resident,20.482484387755104,166.391235,47.23725675675676,9.46239978,cpwa-cuda,CPWA fused CUDA,9.46239978,2.1646183699665142,3.216089574121743,0.43360867658398294
3,0.0005,128,0.00038870413960664154,100000,CPU OpenMP 4,138.843358,GPU fixed-composition resident,17.11730752136752,166.33714,44.911672857142854,8.6374402,cpwa-cuda,CPWA fused CUDA,8.6374402,1.9817569933934267,3.091475983128917,0.3811327085458395
3,0.0005,128,0.00038870413960664154,1000000,CPU OpenMP 8,150.860403,GPU fixed-composition resident,16.66444807692308,167.999219,44.536735,8.47721577,cpwa-cuda,CPWA fused CUDA,8.47721577,1.9657926056213948,3.387325159781021,0.3741730972628119
3,0.0004,128,0.00038870413960664154,100,CPU OpenMP 8,151.68650000000002,GPU generic resident,361.9002233520973,190.247645,106.5354,247.04,cpwa-cpu-avx2-omp4,CPWA AVX2 + OpenMP 4,106.5354,1.4238131175177455,1.4238131175177455,3.3969950209235367
3,0.0004,128,0.00038870413960664154,1000,CPU OpenMP 4,145.13985798381162,GPU fixed-composition resident,36.19602893832519,166.129985,50.407229357798165,24.6079993,cpwa-cuda,CPWA fused CUDA,24.6079993,1.470904988945005,2.8793460746193147,0.7180721773339352
3,0.0004,128,0.00038870413960664154,10000,CPU OpenMP 8,151.91924896551726,GPU fixed-composition resident,20.482484387755104,166.391235,47.23725675675676,9.46239978,cpwa-cuda,CPWA fused CUDA,9.46239978,2.1646183699665142,3.216089574121743,0.43360867658398294
3,0.0004,128,0.00038870413960664154,100000,CPU OpenMP 4,138.843358,GPU fixed-composition resident,17.11730752136752,166.33714,44.911672857142854,8.6374402,cpwa-cuda,CPWA fused CUDA,8.6374402,1.9817569933934267,3.091475983128917,0.3811327085458395
3,0.0004,128,0.00038870413960664154,1000000,CPU OpenMP 8,150.860403,GPU fixed-composition resident,16.66444807692308,167.999219,44.536735,8.47721577,cpwa-cuda,CPWA fused CUDA,8.47721577,1.9657926056213948,3.387325159781021,0.3741730972628119
4,0.001,64,0.0007649175998639279,100,CPU OpenMP 4,213.45141763204398,GPU fixed-composition resident,422.28046345060034,73.56697267920094,57.94162619372442,91.5199984,cpwa-cpu-avx2-omp4,CPWA AVX2 + OpenMP 4,57.94162619372442,3.6839045027556137,3.6839045027556137,7.288032649251687
4,0.001,64,0.0007649175998639279,1000,CPU OpenMP 4,159.04592163009403,GPU fixed-composition resident,42.76690762026394,65.02852590673575,20.8587595,9.18400008,cpwa-cuda,CPWA fused CUDA,9.18400008,4.656675440737141,7.624898385260831,2.050309253542328
4,0.001,64,0.0007649175998639279,10000,CPU OpenMP 4,152.68243787878788,GPU fixed-composition resident,26.436196452036793,64.99898717948717,18.310039,2.88319997,cpwa-cuda,CPWA fused CUDA,2.88319997,9.16904714452976,8.338728163210787,1.4438088554610284
4,0.001,64,0.0007649175998639279,100000,CPU OpenMP 4,156.875015,GPU generic resident,22.360148666666667,65.154205,25.944311,2.26815999,cpwa-cuda,CPWA fused CUDA,2.26815999,9.858276649464514,6.046605554489383,0.8618517048560923
4,0.001,64,0.0007649175998639279,1000000,CPU OpenMP 4,146.6155045,GPU fixed-composition resident,21.9412993,65.46699,17.43858,2.2934401,cpwa-cuda,CPWA fused CUDA,2.2934401,9.566981627294298,8.407536880869886,1.2582044696299812
4,0.00075,96,0.0005388511769559827,100,CPU OpenMP 4,213.45141763204398,GPU fixed-composition resident,422.28046345060034,122.34692234848485,70.40177674777907,127.999997,cpwa-cpu-avx2-omp4,CPWA AVX2 + OpenMP 4,70.40177674777907,3.0319038452218843,3.0319038452218843,5.998150656956564
4,0.00075,96,0.0005388511769559827,1000,CPU OpenMP 4,159.04592163009403,GPU fixed-composition resident,42.76690762026394,104.50342916666666,30.861426886792454,11.4240004,cpwa-cuda,CPWA fused CUDA,11.4240004,3.7436017264376096,5.153550489208254,1.3857722060986943
4,0.00075,96,0.0005388511769559827,10000,CPU OpenMP 4,152.68243787878788,GPU fixed-composition resident,26.436196452036793,105.140184,28.247906603773586,3.99039984,cpwa-cuda,CPWA fused CUDA,3.99039984,6.624949256222102,5.405088597198608,0.9358639145495202
4,0.00075,96,0.0005388511769559827,100000,CPU OpenMP 4,156.875015,GPU generic resident,22.360148666666667,104.59603333333334,28.320912,3.20255995,cpwa-cuda,CPWA fused CUDA,3.20255995,6.981960998627573,5.53919361777615,0.7895278466550324
4,0.00075,96,0.0005388511769559827,1000000,CPU OpenMP 4,146.6155045,GPU fixed-composition resident,21.9412993,104.370627,28.698978,3.21366405,cpwa-cuda,CPWA fused CUDA,3.21366405,6.827502488942489,5.1087360846090055,0.764532426903843
4,0.0005,128,0.00035473724273915217,100,CPU OpenMP 4,213.45141763204398,GPU fixed-composition resident,422.28046345060034,184.061895,132.408235,140.479999,cpwa-cpu-avx2-omp4,CPWA AVX2 + OpenMP 4,132.408235,1.6120705606569259,1.6120705606569259,3.1892311188242966
4,0.0005,128,0.00035473724273915217,1000,CPU OpenMP 4,159.04592163009403,GPU fixed-composition resident,42.76690762026394,160.48603500000002,47.369097077244255,15.04,cpwa-cuda,CPWA fused CUDA,15.04,2.843544389645209,3.3575882050430397,0.9028440535930932
4,0.0005,128,0.00035473724273915217,10000,CPU OpenMP 4,152.68243787878788,GPU fixed-composition resident,26.436196452036793,160.6937,43.82196,5.10400012,cpwa-cuda,CPWA fused CUDA,5.10400012,5.179505452683412,3.484153558599111,0.6032636708179369
4,0.0005,128,0.00035473724273915217,100000,CPU OpenMP 4,156.875015,GPU generic resident,22.360148666666667,159.86464499999997,43.6853575,4.20704007,cpwa-cuda,CPWA fused CUDA,4.20704007,5.314935986969734,3.591020515283639,0.5118453858748132
4,0.0005,128,0.00035473724273915217,1000000,CPU OpenMP 4,146.6155045,GPU fixed-composition resident,21.9412993,160.628399,42.938911,4.19184017,cpwa-cuda,CPWA fused CUDA,4.19184017,5.2342881431951165,3.414513807767505,0.5109887230256026
4,0.0004,128,0.00035473724273915217,100,CPU OpenMP 4,213.45141763204398,GPU fixed-composition resident,422.28046345060034,184.061895,132.408235,140.479999,cpwa-cpu-avx2-omp4,CPWA AVX2 + OpenMP 4,132.408235,1.6120705606569259,1.6120705606569259,3.1892311188242966
4,0.0004,128,0.00035473724273915217,1000,CPU OpenMP 4,159.04592163009403,GPU fixed-composition resident,42.76690762026394,160.48603500000002,47.369097077244255,15.04,cpwa-cuda,CPWA fused CUDA,15.04,2.843544389645209,3.3575882050430397,0.9028440535930932
4,0.0004,128,0.00035473724273915217,10000,CPU OpenMP 4,152.68243787878788,GPU fixed-composition resident,26.436196452036793,160.6937,43.82196,5.10400012,cpwa-cuda,CPWA fused CUDA,5.10400012,5.179505452683412,3.484153558599111,0.6032636708179369
4,0.0004,128,0.00035473724273915217,100000,CPU OpenMP 4,156.875015,GPU generic resident,22.360148666666667,159.86464499999997,43.6853575,4.20704007,cpwa-cuda,CPWA fused CUDA,4.20704007,5.314935986969734,3.591020515283639,0.5118453858748132
4,0.0004,128,0.00035473724273915217,1000000,CPU OpenMP 4,146.6155045,GPU fixed-composition resident,21.9412993,160.628399,42.938911,4.19184017,cpwa-cuda,CPWA fused CUDA,4.19184017,5.2342881431951165,3.414513807767505,0.5109887230256026
5,0.001,64,0.0008505023632200023,100,CPU OpenMP 4,246.35144572526417,GPU fixed-composition resident,537.8950856072767,82.01359651849549,56.4611494510419,94.4000017,cpwa-cpu-avx2-omp4,CPWA AVX2 + OpenMP 4,56.4611494510419,4.363202806185841,4.363202806185841,9.526817835575445
5,0.001,64,0.0008505023632200023,1000,CPU OpenMP 4,286.14220625889044,GPU fixed-composition resident,54.899499026425595,68.20106887052341,21.316678,9.21600033,cpwa-cuda,CPWA fused CUDA,9.21600033,5.956976677584993,13.423395815187078,2.5754246992155907
5,0.001,64,0.0008505023632200023,10000,CPU OpenMP 4,292.2316436619719,GPU fixed-composition resident,33.694916666666664,67.95529189189189,18.809844,2.92799994,cpwa-cuda,CPWA fused CUDA,2.92799994,11.50782696623507,15.536101397862305,1.7913448227782574
5,0.001,64,0.0008505023632200023,100000,CPU OpenMP 4,303.47161800000003,GPU generic resident,28.621366285714288,68.1922975,18.1339685,2.31135994,cpwa-cuda,CPWA fused CUDA,2.31135994,12.382911804603781,16.73498098334074,1.5783288851369894
5,0.001,64,0.0008505023632200023,1000000,CPU OpenMP 8,207.661374,GPU fixed-composition resident,28.07033575,68.069133,18.154291,2.32672,cpwa-cuda,CPWA fused CUDA,2.32672,12.06433767277541,11.438693695060852,1.5462094195801974
5,0.00075,96,0.000591866530543988,100,CPU OpenMP 4,246.35144572526417,GPU fixed-composition resident,537.8950856072767,123.92396049382717,74.26887437572033,134.079996,cpwa-cpu-avx2-omp4,CPWA AVX2 + OpenMP 4,74.26887437572033,3.317021400903315,3.317021400903315,7.242537201871516
5,0.00075,96,0.000591866530543988,1000,CPU OpenMP 4,286.14220625889044,GPU fixed-composition resident,54.899499026425595,108.13548927038627,32.475035953177255,13.3760003,cpwa-cuda,CPWA fused CUDA,13.3760003,4.104328483487369,8.811143632649165,1.6905138798177188
5,0.00075,96,0.000591866530543988,10000,CPU OpenMP 4,292.2316436619719,GPU fixed-composition resident,33.694916666666664,107.84087916666667,29.981044943820226,4.88959998,cpwa-cuda,CPWA fused CUDA,4.88959998,6.8911397260490554,9.747213421332315,1.1238739920441616
5,0.00075,96,0.000591866530543988,100000,CPU OpenMP 4,303.47161800000003,GPU generic resident,28.621366285714288,107.52215,29.061766,4.07775998,cpwa-cuda,CPWA fused CUDA,4.07775998,7.018894301305662,10.442297897519374,0.9848460787178002
5,0.00075,96,0.000591866530543988,1000000,CPU OpenMP 8,207.661374,GPU fixed-composition resident,28.07033575,109.519067,28.774792,4.07615995,cpwa-cuda,CPWA fused CUDA,4.07615995,6.886465716341676,7.216781063091611,0.975518285240776
5,0.0005,128,0.00035934251615852214,100,CPU OpenMP 4,246.35144572526417,GPU fixed-composition resident,537.8950856072767,194.231525,105.93964862681744,334.080011,cpwa-cpu-avx2-omp4,CPWA AVX2 + OpenMP 4,105.93964862681744,2.3253942118786965,2.3253942118786965,5.0773727549546965
5,0.0005,128,0.00035934251615852214,1000,CPU OpenMP 4,286.14220625889044,GPU fixed-composition resident,54.899499026425595,168.33099,50.54151802656546,33.7279998,cpwa-cuda,CPWA fused CUDA,33.7279998,1.6277128602931739,5.661527738610648,1.0862257638872166
5,0.0005,128,0.00035934251615852214,10000,CPU OpenMP 4,292.2316436619719,GPU fixed-composition resident,33.694916666666664,177.01103,46.10284561403509,15.8559993,cpwa-cuda,CPWA fused CUDA,15.8559993,2.1250579057900603,6.338689939195593,0.7308641412019244
5,0.0005,128,0.00035934251615852214,100000,CPU OpenMP 4,303.47161800000003,GPU generic resident,28.621366285714288,167.45450499999998,45.61368,14.9264002,cpwa-cuda,CPWA fused CUDA,14.9264002,1.9174995914764692,6.65308341708014,0.6274732993635744
5,0.0005,128,0.00035934251615852214,1000000,CPU OpenMP 8,207.661374,GPU fixed-composition resident,28.07033575,168.704682,44.728767,13.6969919,cpwa-cuda,CPWA fused CUDA,13.6969919,2.049379597720285,4.642680492399891,0.6275678412955136
5,0.0004,128,0.00035934251615852214,100,CPU OpenMP 4,246.35144572526417,GPU fixed-composition resident,537.8950856072767,194.231525,105.93964862681744,334.080011,cpwa-cpu-avx2-omp4,CPWA AVX2 + OpenMP 4,105.93964862681744,2.3253942118786965,2.3253942118786965,5.0773727549546965
5,0.0004,128,0.00035934251615852214,1000,CPU OpenMP 4,286.14220625889044,GPU fixed-composition resident,54.899499026425595,168.33099,50.54151802656546,33.7279998,cpwa-cuda,CPWA fused CUDA,33.7279998,1.6277128602931739,5.661527738610648,1.0862257638872166
5,0.0004,128,0.00035934251615852214,10000,CPU OpenMP 4,292.2316436619719,GPU fixed-composition resident,33.694916666666664,177.01103,46.10284561403509,15.8559993,cpwa-cuda,CPWA fused CUDA,15.8559993,2.1250579057900603,6.338689939195593,0.7308641412019244
5,0.0004,128,0.00035934251615852214,100000,CPU OpenMP 4,303.47161800000003,GPU generic resident,28.621366285714288,167.45450499999998,45.61368,14.9264002,cpwa-cuda,CPWA fused CUDA,14.9264002,1.9174995914764692,6.65308341708014,0.6274732993635744
5,0.0004,128,0.00035934251615852214,1000000,CPU OpenMP 8,207.661374,GPU fixed-composition resident,28.07033575,168.704682,44.728767,13.6969919,cpwa-cuda,CPWA fused CUDA,13.6969919,2.049379597720285,4.642680492399891,0.6275678412955136
