components,rmse_target,selected_budget,actual_rmse,winner,winner_ns,speedup_vs_best_exact,exact_cpu_ns,exact_cuda_ns,cpwa_avx2_ns,cpwa_avx2_omp4_ns,cpwa_cuda_ns,cpu_cpwa_speedup_vs_exact_cpu,cpu_cpwa_speedup_vs_exact_cuda
1,0.001,48,0.0007703086845547998,cpwa-cuda,1.23913598,6.737659117390275,102.43605,8.348875833333333,41.456076,11.152448666666666,1.23913598,9.185072539824288,0.7486136975718277
1,0.00075,64,0.000539661254588657,cpwa-cuda,2.14374399,3.8945302574741367,102.43605,8.348875833333333,61.387194,16.2827355,2.14374399,6.291083583590729,0.5127440554035488
1,0.0005,96,0.00034104209185099004,cpwa-cuda,3.31689596,2.5170749803479917,102.43605,8.348875833333333,106.989429,28.225429,3.31689596,3.629211446175008,0.2957926993185235
1,0.0004,96,0.00034104209185099004,cpwa-cuda,3.31689596,2.5170749803479917,102.43605,8.348875833333333,106.989429,28.225429,3.31689596,3.629211446175008,0.2957926993185235
2,0.001,64,0.0007187326587790541,cpwa-cuda,2.38425589,5.074200097955188,132.4955125,12.098191470588235,66.934223,18.003093,2.38425589,7.359597181439877,0.6720062752877095
2,0.00075,64,0.0007187326587790541,cpwa-cuda,2.38425589,5.074200097955188,132.4955125,12.098191470588235,66.934223,18.003093,2.38425589,7.359597181439877,0.6720062752877095
2,0.0005,96,0.00046562592472402674,cpwa-cuda,3.1288321,3.8666796695764645,132.4955125,12.098191470588235,103.010053,26.823692,3.1288321,4.939495745030176,0.4510263341298519
2,0.0004,128,0.0003133773291002309,cpwa-cuda,7.9242239,1.5267351886142735,132.4955125,12.098191470588235,158.329101,42.237025,7.9242239,3.1369518212989664,0.28643569168491945
3,0.001,64,0.0009020488444937802,cpwa-cuda,1.848032,9.017402337688461,150.860403,16.66444807692308,65.90283900000001,17.4246655,1.848032,8.657865082115924,0.956371189847121
3,0.00075,96,0.0005609796870602037,cpwa-cuda,2.99219203,5.569311030122314,150.860403,16.66444807692308,110.638183,29.383615,2.99219203,5.134167562432328,0.5671340329269587
3,0.0005,128,0.00038870413960664154,cpwa-cuda,8.47721577,1.9657926056213948,150.860403,16.66444807692308,167.999219,44.536735,8.47721577,3.387325159781021,0.3741730972628119
3,0.0004,128,0.00038870413960664154,cpwa-cuda,8.47721577,1.9657926056213948,150.860403,16.66444807692308,167.999219,44.536735,8.47721577,3.387325159781021,0.3741730972628119
4,0.001,64,0.0007649175998639279,cpwa-cuda,2.2934401,9.566981627294298,146.6155045,21.9412993,65.46699,17.43858,2.2934401,8.407536880869886,1.2582044696299812
4,0.00075,96,0.0005388511769559827,cpwa-cuda,3.21366405,6.827502488942489,146.6155045,21.9412993,104.370627,28.698978,3.21366405,5.1087360846090055,0.764532426903843
4,0.0005,128,0.00035473724273915217,cpwa-cuda,4.19184017,5.2342881431951165,146.6155045,21.9412993,160.628399,42.938911,4.19184017,3.414513807767505,0.5109887230256026
4,0.0004,128,0.00035473724273915217,cpwa-cuda,4.19184017,5.2342881431951165,146.6155045,21.9412993,160.628399,42.938911,4.19184017,3.414513807767505,0.5109887230256026
5,0.001,64,0.0008505023632200023,cpwa-cuda,2.32672,12.06433767277541,207.661374,28.07033575,68.069133,18.154291,2.32672,11.438693695060852,1.5462094195801974
5,0.00075,96,0.000591866530543988,cpwa-cuda,4.07615995,6.886465716341676,207.661374,28.07033575,109.519067,28.774792,4.07615995,7.216781063091611,0.975518285240776
5,0.0005,128,0.00035934251615852214,cpwa-cuda,13.6969919,2.049379597720285,207.661374,28.07033575,168.704682,44.728767,13.6969919,4.642680492399891,0.6275678412955136
5,0.0004,128,0.00035934251615852214,cpwa-cuda,13.6969919,2.049379597720285,207.661374,28.07033575,168.704682,44.728767,13.6969919,4.642680492399891,0.6275678412955136
