components,batch,candidate_type,method,backend,budget,threads,rmse,p99_abs,max_abs,ns_per_eval,evaluations_per_second,is_best_exact,best_exact_ns_per_eval,speedup_vs_best_exact,cost_ratio_vs_best_exact,pareto,surrogate_pareto,registers,spill_store_bytes,spill_load_bytes,stack_frame_bytes,live_slots,executed_ops
1,1,exact,CPU scalar,scalar,,1,0.0,0.0,0.0,584.3273098996742,1711369.60922072,True,584.3273098996742,,,True,False,,,,,,
1,10,exact,CPU scalar,scalar,,1,0.0,0.0,0.0,319.7111104102936,3127823.7366123246,True,319.7111104102936,,,True,False,,,,,,
1,100,exact,CPU OpenMP 4,openmp,,4,0.0,0.0,0.0,134.91197893997892,7412240.246248932,True,134.91197893997892,,,True,False,,,,,,
1,100,surrogate,GPU surrogate B96,gpu_surrogate,96,0,0.00034104209185099004,0.0009612977226246969,0.001474863704864382,118.079996,8468834.975231538,False,134.91197893997892,1.1425472858245942,0.8752372986281127,True,True,255,8,8,8,297,1345
1,100,surrogate,GPU surrogate B64,gpu_surrogate,64,0,0.000539661254588657,0.001540795951388282,0.002152390914877955,89.28,11200716.845878135,False,134.91197893997892,1.5111108752237783,0.6617648091851046,True,True,167,0,0,0,164,794
1,100,surrogate,GPU surrogate B48,gpu_surrogate,48,0,0.0007703086845547998,0.0020563112070939808,0.002773954971125203,63.9999984,15625000.39062501,False,134.91197893997892,2.1079997236371635,0.47438336390034724,True,True,125,0,0,0,120,527
1,100,surrogate,GPU surrogate B32,gpu_surrogate,32,0,0.0012877636231141984,0.003569945842691297,0.006192332666692835,55.6800002,17959770.05043186,False,134.91197893997892,2.422988118810727,0.41271353839358854,True,True,48,0,0,0,52,254
1,100,surrogate,GPU surrogate B24,gpu_surrogate,24,0,0.0021142784556413435,0.00654996588890694,0.01665701079230575,52.8000016,18939393.365472928,False,134.91197893997892,2.5551510388586602,0.39136629686152796,True,True,31,0,0,0,35,152
1,100,surrogate,GPU surrogate B16,gpu_surrogate,16,0,0.005035772712008456,0.024678766431902692,0.04334175307754584,49.2799981,20292208.574577846,False,134.91197893997892,2.7376620158591063,0.36527518525189084,True,True,26,0,0,0,17,72
1,1000,exact,GPU fixed-composition resident,cuda_fixed_resident,,0,0.0,0.0,0.0,20.881733096457314,47888745.41115818,True,20.881733096457314,,,True,False,,,,,,
1,1000,surrogate,GPU surrogate B96,gpu_surrogate,96,0,0.00034104209185099004,0.0009612977226246969,0.001474863704864382,11.7119998,85382515.11923695,False,20.881733096457314,1.782934891824137,0.5608729766777354,True,True,255,8,8,8,297,1345
1,1000,surrogate,GPU surrogate B64,gpu_surrogate,64,0,0.000539661254588657,0.001540795951388282,0.002152390914877955,8.96000024,111607139.8676659,False,20.881733096457314,2.33055050637558,0.4290831703772761,True,True,167,0,0,0,164,794
1,1000,surrogate,GPU surrogate B48,gpu_surrogate,48,0,0.0007703086845547998,0.0020563112070939808,0.002773954971125203,7.77600007,128600821.88759547,False,20.881733096457314,2.6854080386418144,0.37238288766937816,True,True,125,0,0,0,120,527
1,1000,surrogate,GPU surrogate B32,gpu_surrogate,32,0,0.0012877636231141984,0.003569945842691297,0.006192332666692835,6.11199997,163612566.2480983,False,20.881733096457314,3.4165139396192297,0.2926960105163364,True,True,48,0,0,0,52,254
1,1000,surrogate,GPU surrogate B24,gpu_surrogate,24,0,0.0021142784556413435,0.00654996588890694,0.01665701079230575,5.5999998,178571434.94897982,False,20.881733096457314,3.7288810432559862,0.2681769647247367,True,True,31,0,0,0,35,152
1,1000,surrogate,GPU surrogate B16,gpu_surrogate,16,0,0.005035772712008456,0.024678766431902692,0.04334175307754584,5.11999987,195312504.95910656,False,20.881733096457314,4.078463598956559,0.24519037027959295,True,True,26,0,0,0,17,72
1,10000,exact,GPU generic resident,cuda_generic_resident,,0,0.0,0.0,0.0,10.66219420751114,93789325.21183448,True,10.66219420751114,,,True,False,,,,,,
1,10000,surrogate,GPU surrogate B128,gpu_surrogate,128,0,0.0002582874077028154,0.0007570681322109597,0.0010272705488628686,9.98400003,100160256.1092941,False,10.66219420751114,1.0679281025113478,0.9363926257286351,True,True,255,676,676,680,444,2031
1,10000,surrogate,GPU surrogate B96,gpu_surrogate,96,0,0.00034104209185099004,0.0009612977226246969,0.001474863704864382,4.0736001,245483104.73578393,False,10.66219420751114,2.617388537355726,0.3820602045618614,True,True,255,8,8,8,297,1345
1,10000,surrogate,GPU surrogate B64,gpu_surrogate,64,0,0.000539661254588657,0.001540795951388282,0.002152390914877955,2.7392,365070093.4579439,False,10.66219420751114,3.8924482358028407,0.25690771962025694,True,True,167,0,0,0,164,794
1,10000,surrogate,GPU surrogate B48,gpu_surrogate,48,0,0.0007703086845547998,0.0020563112070939808,0.002773954971125203,1.74720008,572344296.1380817,False,10.66219420751114,6.102446038985495,0.1638687165132632,True,True,125,0,0,0,120,527
1,10000,surrogate,GPU surrogate B32,gpu_surrogate,32,0,0.0012877636231141984,0.003569945842691297,0.006192332666692835,1.0272,973520249.2211839,False,10.66219420751114,10.37986196214091,0.09634039485759635,True,True,48,0,0,0,52,254
1,10000,surrogate,GPU surrogate B24,gpu_surrogate,24,0,0.0021142784556413435,0.00654996588890694,0.01665701079230575,0.940799993,1062925177.9766967,False,10.66219420751114,11.333114675640884,0.08823699650276859,True,True,31,0,0,0,35,152
1,10000,surrogate,GPU surrogate B16,gpu_surrogate,16,0,0.005035772712008456,0.024678766431902692,0.04334175307754584,0.668800017,1495215272.9984155,False,10.66219420751114,15.942275622745894,0.06272630229609343,True,True,26,0,0,0,17,72
1,100000,exact,GPU fixed-composition resident,cuda_fixed_resident,,0,0.0,0.0,0.0,8.580488461538462,116543481.70065627,True,8.580488461538462,,,True,False,,,,,,
1,100000,surrogate,GPU surrogate B96,gpu_surrogate,96,0,0.00034104209185099004,0.0009612977226246969,0.001474863704864382,3.29984009,303044987.85576,False,8.580488461538462,2.600274021623412,0.38457485314400697,True,True,255,8,8,8,297,1345
1,100000,surrogate,GPU surrogate B64,gpu_surrogate,64,0,0.000539661254588657,0.001540795951388282,0.002152390914877955,2.11648002,472482608.1750585,False,8.580488461538462,4.0541315677236875,0.24666195048067463,True,True,167,0,0,0,164,794
1,100000,surrogate,GPU surrogate B48,gpu_surrogate,48,0,0.0007703086845547998,0.0020563112070939808,0.002773954971125203,1.30175993,768190798.4370052,False,8.580488461538462,6.591452282248741,0.1517116345806026,True,True,125,0,0,0,120,527
1,100000,surrogate,GPU surrogate B32,gpu_surrogate,32,0,0.0012877636231141984,0.003569945842691297,0.006192332666692835,0.595199987,1680107563.5776181,False,8.580488461538462,14.416143563421251,0.06936667879316535,True,True,48,0,0,0,52,254
1,100000,surrogate,GPU surrogate B24,gpu_surrogate,24,0,0.0021142784556413435,0.00654996588890694,0.01665701079230575,0.388480015,2574134991.216987,False,8.580488461538462,22.087335590579766,0.045274813519223175,True,True,31,0,0,0,35,152
1,100000,surrogate,GPU surrogate B16,gpu_surrogate,16,0,0.005035772712008456,0.024678766431902692,0.04334175307754584,0.224319994,4457917380.293796,False,8.580488461538462,38.25110864410268,0.026143033115830324,True,True,26,0,0,0,17,72
1,1000000,exact,GPU fixed-composition resident,cuda_fixed_resident,,0,0.0,0.0,0.0,8.348875833333333,119776604.6546586,True,8.348875833333333,,,True,False,,,,,,
1,1000000,surrogate,GPU surrogate B96,gpu_surrogate,96,0,0.00034104209185099004,0.0009612977226246969,0.001474863704864382,3.31689596,301486694.807274,False,8.348875833333333,2.5170749803479917,0.39728653608155434,True,True,255,8,8,8,297,1345
1,1000000,surrogate,GPU surrogate B64,gpu_surrogate,64,0,0.000539661254588657,0.001540795951388282,0.002152390914877955,2.14374399,466473610.96508545,False,8.348875833333333,3.8945302574741367,0.2567703763710304,True,True,167,0,0,0,164,794
1,1000000,surrogate,GPU surrogate B48,gpu_surrogate,48,0,0.0007703086845547998,0.0020563112070939808,0.002773954971125203,1.23913598,807013932.401511,False,8.348875833333333,6.737659117390275,0.14841950038982293,True,True,125,0,0,0,120,527
1,1000000,surrogate,GPU surrogate B32,gpu_surrogate,32,0,0.0012877636231141984,0.003569945842691297,0.006192332666692835,0.550400019,1816860402.397624,False,8.348875833333333,15.168741906117798,0.06592504547767959,True,True,48,0,0,0,52,254
1,1000000,surrogate,GPU surrogate B24,gpu_surrogate,24,0,0.0021142784556413435,0.00654996588890694,0.01665701079230575,0.343456,2911581105.003261,False,8.348875833333333,24.308429124351687,0.041137993528270425,True,True,31,0,0,0,35,152
1,1000000,surrogate,GPU surrogate B16,gpu_surrogate,16,0,0.005035772712008456,0.024678766431902692,0.04334175307754584,0.184095994,5431948725.619743,False,8.348875833333333,45.35066544323247,0.022050393091844405,True,True,26,0,0,0,17,72
2,1,exact,CPU scalar,scalar,,1,0.0,0.0,0.0,590.4806152128566,1693535.696577473,True,590.4806152128566,,,True,False,,,,,,
2,10,exact,CPU scalar,scalar,,1,0.0,0.0,0.0,362.85344424085196,2755933.6031442713,True,362.85344424085196,,,True,False,,,,,,
2,100,exact,CPU OpenMP 4,openmp,,4,0.0,0.0,0.0,160.260567358956,6239838.1366027035,True,160.260567358956,,,True,False,,,,,,
2,100,surrogate,GPU surrogate B96,gpu_surrogate,96,0,0.00046562592472402674,0.0014374456737755777,0.0021070759680840156,112.960003,8852690.983019892,False,160.260567358956,1.418737279592282,0.7048521346301558,True,True,255,0,0,0,269,1287
2,100,surrogate,GPU surrogate B64,gpu_surrogate,64,0,0.0007187326587790541,0.001847299899487981,0.0027077352973755575,95.3599997,10486577.214198545,False,160.260567358956,1.680584814000959,0.5950309628344823,True,True,202,0,0,0,190,881
2,100,surrogate,GPU surrogate B48,gpu_surrogate,48,0,0.001005929224902897,0.002794632838111624,0.004354302246139419,65.2799988,15318627.732572813,False,160.260567358956,2.454971971582757,0.40733662606961873,True,True,95,0,0,0,103,489
2,100,surrogate,GPU surrogate B32,gpu_surrogate,32,0,0.002115247256413587,0.006653867225672598,0.009364929798562738,55.999998,17857143.494897984,False,160.260567358956,2.861795947902641,0.3494309231700751,True,True,48,0,0,0,48,228
2,100,surrogate,GPU surrogate B24,gpu_surrogate,24,0,0.0026733982984239774,0.00831947416001643,0.02164582196696907,50.8800009,19654087.702659614,False,160.260567358956,3.1497752461509094,0.31748297000619985,True,True,31,0,0,0,33,133
2,100,surrogate,GPU surrogate B16,gpu_surrogate,16,0,0.0064544384954823295,0.03154561472283422,0.055608752448372156,47.0399996,21258503.58213013,False,160.260567358956,3.406899845274573,0.2935219834498559,True,True,22,0,0,0,19,77
2,1000,exact,GPU fixed-composition resident,cuda_fixed_resident,,0,0.0,0.0,0.0,27.667807756003313,36143087.62077551,True,27.667807756003313,,,True,False,,,,,,
2,1000,surrogate,GPU surrogate B128,gpu_surrogate,128,0,0.0003133773291002309,0.0009112645405843172,0.001249187176580624,23.3600009,42808217.52879299,False,27.667807756003313,1.1844095329638156,0.8443025593500948,True,True,255,564,564,568,382,1999
2,1000,surrogate,GPU surrogate B96,gpu_surrogate,96,0,0.00046562592472402674,0.0014374456737755777,0.0021070759680840156,11.2319998,89031340.61665492,False,27.667807756003313,2.4633020164408577,0.40595915292793305,True,True,255,0,0,0,269,1287
2,1000,surrogate,GPU surrogate B64,gpu_surrogate,64,0,0.0007187326587790541,0.001847299899487981,0.0027077352973755575,9.44000017,105932201.48215316,False,27.667807756003313,2.930911785778423,0.3411907532844457,True,True,202,0,0,0,190,881
2,1000,surrogate,GPU surrogate B48,gpu_surrogate,48,0,0.001005929224902897,0.002794632838111624,0.004354302246139419,7.42400018,134698272.59621644,False,27.667807756003313,3.7268059112578458,0.2683262890023932,True,True,95,0,0,0,103,489
2,1000,surrogate,GPU surrogate B32,gpu_surrogate,32,0,0.002115247256413587,0.006653867225672598,0.009364929798562738,5.91999991,168918921.48694307,False,27.667807756003313,4.673616246052158,0.21396707546211313,True,True,48,0,0,0,48,228
2,1000,surrogate,GPU surrogate B24,gpu_surrogate,24,0,0.0026733982984239774,0.00831947416001643,0.02164582196696907,5.34400018,187125742.200106,False,27.667807756003313,5.177359061391969,0.19314866675118011,True,True,31,0,0,0,33,133
2,1000,surrogate,GPU surrogate B16,gpu_surrogate,16,0,0.0064544384954823295,0.03154561472283422,0.055608752448372156,4.80000023,208333323.35069492,False,27.667807756003313,5.764126339636303,0.17348682889263262,True,True,22,0,0,0,19,77
2,10000,exact,GPU fixed-composition resident,cuda_fixed_resident,,0,0.0,0.0,0.0,15.590730852713177,64140674.95918416,True,15.590730852713177,,,True,False,,,,,,
2,10000,surrogate,GPU surrogate B128,gpu_surrogate,128,0,0.0003133773291002309,0.0009112645405843172,0.001249187176580624,9.67999995,103305785.65757121,False,15.590730852713177,1.61061269971527,0.6208817303978689,True,True,255,564,564,568,382,1999
2,10000,surrogate,GPU surrogate B96,gpu_surrogate,96,0,0.00046562592472402674,0.0014374456737755777,0.0021070759680840156,3.8656,258692052.98013243,False,15.590730852713177,4.033198171749063,0.2479421931222223,True,True,255,0,0,0,269,1287
2,10000,surrogate,GPU surrogate B64,gpu_surrogate,64,0,0.0007187326587790541,0.001847299899487981,0.0027077352973755575,2.97599994,336021512.15097135,False,15.590730852713177,5.238820956667485,0.19088264483009157,True,True,202,0,0,0,190,881
2,10000,surrogate,GPU surrogate B48,gpu_surrogate,48,0,0.001005929224902897,0.002794632838111624,0.004354302246139419,1.664,600961538.4615384,False,15.590730852713177,9.369429598986285,0.10673008313208243,True,True,95,0,0,0,103,489
2,10000,surrogate,GPU surrogate B32,gpu_surrogate,32,0,0.002115247256413587,0.006653867225672598,0.009364929798562738,1.0272,973520249.2211839,False,15.590730852713177,15.177892185273734,0.06588530131807396,True,True,48,0,0,0,48,228
2,10000,surrogate,GPU surrogate B24,gpu_surrogate,24,0,0.0026733982984239774,0.00831947416001643,0.02164582196696907,0.787200034,1270325148.3853467,False,15.590730852713177,19.80529748390887,0.050491541508652725,True,True,31,0,0,0,33,133
2,10000,surrogate,GPU surrogate B16,gpu_surrogate,16,0,0.0064544384954823295,0.03154561472283422,0.055608752448372156,0.611199997,1636125662.4809833,False,15.590730852713177,25.50839484495805,0.03920278034263134,True,True,22,0,0,0,19,77
2,100000,exact,GPU fixed-composition resident,cuda_fixed_resident,,0,0.0,0.0,0.0,12.4937300621118,80040147.74039157,True,12.4937300621118,,,True,False,,,,,,
2,100000,surrogate,GPU surrogate B128,gpu_surrogate,128,0,0.0003133773291002309,0.0009112645405843172,0.001249187176580624,8.92895997,111995126.34840494,False,12.4937300621118,1.3992368768690762,0.7146752751668423,True,True,255,564,564,568,382,1999
2,100000,surrogate,GPU surrogate B96,gpu_surrogate,96,0,0.00046562592472402674,0.0014374456737755777,0.0021070759680840156,3.11423987,321105644.3124916,False,12.4937300621118,4.011807241460755,0.24926421929381784,True,True,255,0,0,0,269,1287
2,100000,surrogate,GPU surrogate B64,gpu_surrogate,64,0,0.0007187326587790541,0.001847299899487981,0.0027077352973755575,2.35839993,424016294.81052434,False,12.4937300621118,5.2975451292995075,0.18876667882812914,True,True,202,0,0,0,190,881
2,100000,surrogate,GPU surrogate B48,gpu_surrogate,48,0,0.001005929224902897,0.002794632838111624,0.004354302246139419,1.22111998,818920348.8423798,False,12.4937300621118,10.231369780807123,0.09773862360794401,True,True,95,0,0,0,103,489
2,100000,surrogate,GPU surrogate B32,gpu_surrogate,32,0,0.002115247256413587,0.006653867225672598,0.009364929798562738,0.563200004,1775568169.2076123,False,12.4937300621118,22.183469412957958,0.04507861152754913,True,True,48,0,0,0,48,228
2,100000,surrogate,GPU surrogate B24,gpu_surrogate,24,0,0.0026733982984239774,0.00831947416001643,0.02164582196696907,0.35360001,2828054218.663625,False,12.4937300621118,35.332946008999826,0.02830219704140394,True,True,31,0,0,0,33,133
2,100000,surrogate,GPU surrogate B16,gpu_surrogate,16,0,0.0064544384954823295,0.03154561472283422,0.055608752448372156,0.208000001,4807692284.5784025,False,12.4937300621118,60.06600962522015,0.016648350810041596,True,True,22,0,0,0,19,77
2,1000000,exact,GPU fixed-composition resident,cuda_fixed_resident,,0,0.0,0.0,0.0,12.098191470588235,82656982.44494541,True,12.098191470588235,,,True,False,,,,,,
2,1000000,surrogate,GPU surrogate B128,gpu_surrogate,128,0,0.0003133773291002309,0.0009112645405843172,0.001249187176580624,7.9242239,126195323.68337043,False,12.098191470588235,1.5267351886142735,0.6549924357921169,True,True,255,564,564,568,382,1999
2,1000000,surrogate,GPU surrogate B96,gpu_surrogate,96,0,0.00046562592472402674,0.0014374456737755777,0.0021070759680840156,3.1288321,319608073.56840914,False,12.098191470588235,3.8666796695764645,0.2586198199628817,True,True,255,0,0,0,269,1287
2,1000000,surrogate,GPU surrogate B64,gpu_surrogate,64,0,0.0007187326587790541,0.001847299899487981,0.0027077352973755575,2.38425589,419418068.4188223,False,12.098191470588235,5.074200097955188,0.19707539724398768,True,True,202,0,0,0,190,881
2,1000000,surrogate,GPU surrogate B48,gpu_surrogate,48,0,0.001005929224902897,0.002794632838111624,0.004354302246139419,1.17174399,853428742.5702947,False,12.098191470588235,10.324944334118783,0.09685282241140028,True,True,95,0,0,0,103,489
2,1000000,surrogate,GPU surrogate B32,gpu_surrogate,32,0,0.002115247256413587,0.006653867225672598,0.009364929798562738,0.517343998,1932949843.5584443,False,12.098191470588235,23.385197310413634,0.04276209376068387,True,True,48,0,0,0,48,228
2,1000000,surrogate,GPU surrogate B24,gpu_surrogate,24,0,0.0026733982984239774,0.00831947416001643,0.02164582196696907,0.309087992,3235324651.4992404,False,12.098191470588235,39.14157710335196,0.025548280728687426,True,True,31,0,0,0,33,133
2,1000000,surrogate,GPU surrogate B16,gpu_surrogate,16,0,0.0064544384954823295,0.03154561472283422,0.055608752448372156,0.173184007,5774205235.937288,False,12.098191470588235,69.85744053484242,0.014314867426344302,True,True,22,0,0,0,19,77
3,1,exact,CPU scalar,scalar,,1,0.0,0.0,0.0,656.9855885098369,1522103.4030109888,True,656.9855885098369,,,True,False,,,,,,
3,10,exact,CPU scalar,scalar,,1,0.0,0.0,0.0,413.2705469530979,2419722.4006710793,True,413.2705469530979,,,True,False,,,,,,
3,100,exact,CPU OpenMP 8,openmp,,8,0.0,0.0,0.0,151.68650000000002,6592544.4914346365,True,151.68650000000002,,,True,False,,,,,,
3,100,surrogate,GPU surrogate B96,gpu_surrogate,96,0,0.0005609796870602037,0.0016765256045591659,0.0024356871959627657,126.719996,7891414.390511818,False,151.68650000000002,1.1970210289463712,0.835407211584419,True,True,255,48,48,48,291,1412
3,100,surrogate,GPU surrogate B64,gpu_surrogate,64,0,0.0009020488444937802,0.0024526480627163057,0.0033413081456192817,77.7600007,12860082.188759547,False,151.68650000000002,1.9507008569252753,0.5126362642687384,True,True,166,0,0,0,158,835
3,100,surrogate,GPU surrogate B48,gpu_surrogate,48,0,0.0012150993217043922,0.003394472031917318,0.004658448052157871,55.6800002,17959770.05043186,False,151.68650000000002,2.7242546597548327,0.36707287860158944,True,True,96,0,0,0,102,533
3,100,surrogate,GPU surrogate B32,gpu_surrogate,32,0,0.0021040622195891844,0.006271356861770966,0.009118294668629012,48.9600003,20424836.476155005,False,151.68650000000002,3.098171958140287,0.32277098027840306,True,True,62,0,0,0,57,265
3,100,surrogate,GPU surrogate B24,gpu_surrogate,24,0,0.002967495238361881,0.00862680894592261,0.024713578259689006,46.7200018,21404108.764396496,False,151.68650000000002,3.2467143440906296,0.30800369050640625,True,True,38,0,0,0,37,164
3,100,surrogate,GPU surrogate B16,gpu_surrogate,16,0,0.007666704070839694,0.0370324574065091,0.06578338250529137,45.119999,22163121.05857981,False,151.68650000000002,3.361846262452267,0.29745560086098627,True,True,25,0,0,0,19,79
3,1000,exact,GPU fixed-composition resident,cuda_fixed_resident,,0,0.0,0.0,0.0,36.19602893832519,27627340.051692154,True,36.19602893832519,,,True,False,,,,,,
3,1000,surrogate,GPU surrogate B128,gpu_surrogate,128,0,0.00038870413960664154,0.0011107809381621404,0.001770982503845997,24.6079993,40637192.313314155,False,36.19602893832519,1.470904988945005,0.6798535646529026,True,True,255,420,420,424,439,2130
3,1000,surrogate,GPU surrogate B96,gpu_surrogate,96,0,0.0005609796870602037,0.0016765256045591659,0.0024356871959627657,10.4,96153846.15384614,False,36.19602893832519,3.4803873979158837,0.2873243365375985,True,True,255,48,48,48,291,1412
3,1000,surrogate,GPU surrogate B64,gpu_surrogate,64,0,0.0009020488444937802,0.0024526480627163057,0.0033413081456192817,7.74399983,129132234.23973139,False,36.19602893832519,4.674074087411904,0.21394611666365626,True,True,166,0,0,0,158,835
3,1000,surrogate,GPU surrogate B48,gpu_surrogate,48,0,0.0012150993217043922,0.003394472031917318,0.004658448052157871,6.5919999,151699031.42747316,False,36.19602893832519,5.490902531464721,0.1821194228580207,True,True,96,0,0,0,102,533
3,1000,surrogate,GPU surrogate B32,gpu_surrogate,32,0,0.0021040622195891844,0.006271356861770966,0.009118294668629012,5.43999998,183823530.08758652,False,36.19602893832519,6.653681814595373,0.15029272932865853,True,True,62,0,0,0,57,265
3,1000,surrogate,GPU surrogate B24,gpu_surrogate,24,0,0.002967495238361881,0.00862680894592261,0.024713578259689006,4.83200001,206953641.95580786,False,36.19602893832519,7.490900013124212,0.1334953074060499,True,True,38,0,0,0,37,164
3,1000,surrogate,GPU surrogate B16,gpu_surrogate,16,0,0.007666704070839694,0.0370324574065091,0.06578338250529137,4.57599992,218531472.3519488,False,36.19602893832519,7.909971497185951,0.12642270586635612,True,True,25,0,0,0,19,79
3,10000,exact,GPU fixed-composition resident,cuda_fixed_resident,,0,0.0,0.0,0.0,20.482484387755104,48822202.47646437,True,20.482484387755104,,,True,False,,,,,,
3,10000,surrogate,GPU surrogate B128,gpu_surrogate,128,0,0.00038870413960664154,0.0011107809381621404,0.001770982503845997,9.46239978,105681436.34277941,False,20.482484387755104,2.1646183699665142,0.4619751979724119,True,True,255,420,420,424,439,2130
3,10000,surrogate,GPU surrogate B96,gpu_surrogate,96,0,0.0005609796870602037,0.0016765256045591659,0.0024356871959627657,3.65119986,273882569.660265,False,20.482484387755104,5.609795457144628,0.17825961884695837,True,True,255,48,48,48,291,1412
3,10000,surrogate,GPU surrogate B64,gpu_surrogate,64,0,0.0009020488444937802,0.0024526480627163057,0.0033413081456192817,2.38719992,418900818.3277754,False,20.482484387755104,8.580129471416496,0.11654835784603955,True,True,166,0,0,0,158,835
3,10000,surrogate,GPU surrogate B48,gpu_surrogate,48,0,0.0012150993217043922,0.003394472031917318,0.004658448052157871,1.43680004,695991071.9378877,False,20.482484387755104,14.255626264984725,0.07014774247107211,True,True,96,0,0,0,102,533
3,10000,surrogate,GPU surrogate B32,gpu_surrogate,32,0,0.0021040622195891844,0.006271356861770966,0.009118294668629012,1.01760002,982704383.2015649,False,20.482484387755104,20.12822718670456,0.04968147421649419,True,True,62,0,0,0,57,265
3,10000,surrogate,GPU surrogate B24,gpu_surrogate,24,0,0.002967495238361881,0.00862680894592261,0.024713578259689006,0.719999988,1388888912.0370374,False,20.482484387755104,28.44789545712479,0.035151985197187915,True,True,38,0,0,0,37,164
3,10000,surrogate,GPU surrogate B16,gpu_surrogate,16,0,0.007666704070839694,0.0370324574065091,0.06578338250529137,0.566399982,1765536779.2720022,False,20.482484387755104,36.16257951744622,0.02765289460386977,True,True,25,0,0,0,19,79
3,100000,exact,GPU fixed-composition resident,cuda_fixed_resident,,0,0.0,0.0,0.0,17.11730752136752,58420402.785408914,True,17.11730752136752,,,True,False,,,,,,
3,100000,surrogate,GPU surrogate B128,gpu_surrogate,128,0,0.00038870413960664154,0.0011107809381621404,0.001770982503845997,8.6374402,115775041.77684495,False,17.11730752136752,1.9817569933934267,0.504602735518883,True,True,255,420,420,424,439,2130
3,100000,surrogate,GPU surrogate B96,gpu_surrogate,96,0,0.0005609796870602037,0.0016765256045591659,0.0024356871959627657,2.97120005,336564345.440153,False,17.11730752136752,5.761075401626867,0.17357870367702713,True,True,255,48,48,48,291,1412
3,100000,surrogate,GPU surrogate B64,gpu_surrogate,64,0,0.0009020488444937802,0.0024526480627163057,0.0033413081456192817,1.81311995,551535489.9713061,False,17.11730752136752,9.440802590786957,0.10592319777726047,True,True,166,0,0,0,158,835
3,100000,surrogate,GPU surrogate B48,gpu_surrogate,48,0,0.0012150993217043922,0.003394472031917318,0.004658448052157871,1.04479998,957120998.4134953,False,17.11730752136752,16.38333446500211,0.06103763566178719,True,True,96,0,0,0,102,533
3,100000,surrogate,GPU surrogate B32,gpu_surrogate,32,0,0.0021040622195891844,0.006271356861770966,0.009118294668629012,0.523840003,1908979830.2402651,False,17.11730752136752,32.67659480631058,0.030602943970369816,True,True,62,0,0,0,57,265
3,100000,surrogate,GPU surrogate B24,gpu_surrogate,24,0,0.002967495238361881,0.00862680894592261,0.024713578259689006,0.339840017,2942561058.0757475,False,17.11730752136752,50.36872253148316,0.019853590675740215,True,True,38,0,0,0,37,164
3,100000,surrogate,GPU surrogate B16,gpu_surrogate,16,0,0.007666704070839694,0.0370324574065091,0.06578338250529137,0.200960003,4976114575.3963785,False,17.11730752136752,85.17768344861896,0.011740164319016984,True,True,25,0,0,0,19,79
3,1000000,exact,GPU fixed-composition resident,cuda_fixed_resident,,0,0.0,0.0,0.0,16.66444807692308,60007987.986400805,True,16.66444807692308,,,True,False,,,,,,
3,1000000,surrogate,GPU surrogate B128,gpu_surrogate,128,0,0.00038870413960664154,0.0011107809381621404,0.001770982503845997,8.47721577,117963259.06188416,False,16.66444807692308,1.9657926056213948,0.5087006620842874,True,True,255,420,420,424,439,2130
3,1000000,surrogate,GPU surrogate B96,gpu_surrogate,96,0,0.0005609796870602037,0.0016765256045591659,0.0024356871959627657,2.99219203,334203149.38810927,False,16.66444807692308,5.569311030122314,0.1795554233892442,True,True,255,48,48,48,291,1412
3,1000000,surrogate,GPU surrogate B64,gpu_surrogate,64,0,0.0009020488444937802,0.0024526480627163057,0.0033413081456192817,1.848032,541116171.1485516,False,16.66444807692308,9.017402337688461,0.11089668205448423,True,True,166,0,0,0,158,835
3,1000000,surrogate,GPU surrogate B48,gpu_surrogate,48,0,0.0012150993217043922,0.003394472031917318,0.004658448052157871,1.01087999,989237110.1341119,False,16.66444807692308,16.485090457595344,0.06066087429561296,True,True,96,0,0,0,102,533
3,1000000,surrogate,GPU surrogate B32,gpu_surrogate,32,0,0.0021040622195891844,0.006271356861770966,0.009118294668629012,0.486176014,2056868235.3794608,False,16.66444807692308,34.27657390955342,0.029174444407388225,True,True,62,0,0,0,57,265
3,1000000,surrogate,GPU surrogate B24,gpu_surrogate,24,0,0.002967495238361881,0.00862680894592261,0.024713578259689006,0.301503986,3316705736.686347,False,16.66444807692308,55.27107053544254,0.018092647569739953,True,True,38,0,0,0,37,164
3,1000000,surrogate,GPU surrogate B16,gpu_surrogate,16,0,0.007666704070839694,0.0370324574065091,0.06578338250529137,0.167584002,5967156697.9287195,False,16.66444807692308,99.43937295949692,0.010056378778728968,True,True,25,0,0,0,19,79
4,1,exact,CPU scalar,scalar,,1,0.0,0.0,0.0,900.9293539021537,1109964.944164319,True,900.9293539021537,,,True,False,,,,,,
4,10,exact,CPU scalar,scalar,,1,0.0,0.0,0.0,465.8139915287951,2146779.654939118,True,465.8139915287951,,,True,False,,,,,,
4,10,surrogate,GPU surrogate B16,gpu_surrogate,16,0,0.00715352067918386,0.034937061629210425,0.06151785896120354,454.400014,2200704.1575487275,False,465.8139915287951,1.0251187878017871,0.9754967052592504,True,True,26,0,0,0,19,78
4,100,exact,CPU OpenMP 4,openmp,,4,0.0,0.0,0.0,213.45141763204398,4684906.809679004,True,213.45141763204398,,,True,False,,,,,,
4,100,surrogate,GPU surrogate B128,gpu_surrogate,128,0,0.00035473724273915217,0.001069512982597059,0.00166397978946764,140.479999,7118451.075729294,False,213.45141763204398,1.519443473458766,0.6581357039387997,True,True,255,124,124,128,392,2043
4,100,surrogate,GPU surrogate B96,gpu_surrogate,96,0,0.0005388511769559827,0.0016295048119610246,0.002170421542860068,127.999997,7812500.183105473,False,213.45141763204398,1.6675892393344665,0.5996680575841922,True,True,255,0,0,0,254,1308
4,100,surrogate,GPU surrogate B64,gpu_surrogate,64,0,0.0007649175998639279,0.0019752490670838937,0.0028638087484608166,91.5199984,10926573.61759744,False,213.45141763204398,2.332292628537065,0.4287626637259716,True,True,166,0,0,0,165,853
4,100,surrogate,GPU surrogate B48,gpu_surrogate,48,0,0.0011209815186800625,0.0031491536764224532,0.004336624835432179,65.2799988,15318627.732572813,False,213.45141763204398,3.2697828056952107,0.30583071091395725,True,True,122,0,0,0,109,544
4,100,surrogate,GPU surrogate B32,gpu_surrogate,32,0,0.0019262178000697635,0.0056113026288327475,0.008520364643262557,55.6800002,17959770.05043186,False,213.45141763204398,3.8335383776102065,0.2608556120999083,True,True,63,0,0,0,58,253
4,100,surrogate,GPU surrogate B24,gpu_surrogate,24,0,0.0027697242968022133,0.008327052664090779,0.023487052580999257,52.4799991,19054878.375560034,False,213.45141763204398,4.0672908020694685,0.24586390515553802,True,True,39,0,0,0,35,159
4,100,surrogate,GPU surrogate B16,gpu_surrogate,16,0,0.00715352067918386,0.034937061629210425,0.06151785896120354,48.9600003,20424836.476155005,False,213.45141763204398,4.359710300737968,0.2293730388073561,True,True,26,0,0,0,19,78
4,1000,exact,GPU fixed-composition resident,cuda_fixed_resident,,0,0.0,0.0,0.0,42.76690762026394,23382565.063604858,True,42.76690762026394,,,True,False,,,,,,
4,1000,surrogate,GPU surrogate B128,gpu_surrogate,128,0,0.00035473724273915217,0.001069512982597059,0.00166397978946764,15.04,66489361.702127665,False,42.76690762026394,2.843544389645209,0.351673778556617,True,True,255,124,124,128,392,2043
4,1000,surrogate,GPU surrogate B96,gpu_surrogate,96,0,0.0005388511769559827,0.0016295048119610246,0.002170421542860068,11.4240004,87535010.94065087,False,42.76690762026394,3.7436017264376096,0.2671224326396479,True,True,255,0,0,0,254,1308
4,1000,surrogate,GPU surrogate B64,gpu_surrogate,64,0,0.0007649175998639279,0.0019752490670838937,0.0028638087484608166,9.18400008,108885016.47312702,False,42.76690762026394,4.656675440737141,0.21474547941475222,True,True,166,0,0,0,165,853
4,1000,surrogate,GPU surrogate B48,gpu_surrogate,48,0,0.0011209815186800625,0.0031491536764224532,0.004336624835432179,7.48800021,133547004.80169992,False,42.76690762026394,5.711392417317246,0.17508865210661184,True,True,122,0,0,0,109,544
4,1000,surrogate,GPU surrogate B32,gpu_surrogate,32,0,0.0019262178000697635,0.0056113026288327475,0.008520364643262557,6.01600017,166223399.55818185,False,42.76690762026394,7.108860773230986,0.14066951539768288,True,True,63,0,0,0,58,253
4,1000,surrogate,GPU surrogate B24,gpu_surrogate,24,0,0.0027697242968022133,0.008327052664090779,0.023487052580999257,5.56800002,179597700.5043186,False,42.76690762026394,7.680838266280024,0.13019412274180314,True,True,39,0,0,0,35,159
4,1000,surrogate,GPU surrogate B16,gpu_surrogate,16,0,0.00715352067918386,0.034937061629210425,0.06151785896120354,4.89600003,204248364.76155007,False,42.76690762026394,8.735070947347184,0.11448103925288633,True,True,26,0,0,0,19,78
4,10000,exact,GPU fixed-composition resident,cuda_fixed_resident,,0,0.0,0.0,0.0,26.436196452036793,37826924.22543843,True,26.436196452036793,,,True,False,,,,,,
4,10000,surrogate,GPU surrogate B128,gpu_surrogate,128,0,0.00035473724273915217,0.001069512982597059,0.00166397978946764,5.10400012,195924760.28390062,False,26.436196452036793,5.179505452683412,0.19306862578586867,True,True,255,124,124,128,392,2043
4,10000,surrogate,GPU surrogate B96,gpu_surrogate,96,0,0.0005388511769559827,0.0016295048119610246,0.002170421542860068,3.99039984,250601453.51248813,False,26.436196452036793,6.624949256222102,0.15094455237688162,True,True,255,0,0,0,254,1308
4,10000,surrogate,GPU surrogate B64,gpu_surrogate,64,0,0.0007649175998639279,0.0019752490670838937,0.0028638087484608166,2.88319997,346836851.55559987,False,26.436196452036793,9.16904714452976,0.10906258679197636,True,True,166,0,0,0,165,853
4,10000,surrogate,GPU surrogate B48,gpu_surrogate,48,0,0.0011209815186800625,0.0031491536764224532,0.004336624835432179,1.75999999,568181821.410124,False,26.436196452036793,15.020566251274122,0.0665753862585024,True,True,122,0,0,0,109,544
4,10000,surrogate,GPU surrogate B32,gpu_surrogate,32,0,0.0019262178000697635,0.0056113026288327475,0.008520364643262557,1.18079996,846883497.5231537,False,26.436196452036793,22.388378512510105,0.04466603061232073,True,True,63,0,0,0,58,253
4,10000,surrogate,GPU surrogate B24,gpu_surrogate,24,0,0.0027697242968022133,0.008327052664090779,0.023487052580999257,0.848000031,1179245239.909667,False,26.436196452036793,31.174758827381215,0.03207723291580644,True,True,39,0,0,0,35,159
4,10000,surrogate,GPU surrogate B16,gpu_surrogate,16,0,0.00715352067918386,0.034937061629210425,0.06151785896120354,0.630400004,1586294406.1783352,False,26.436196452036793,41.935590552497516,0.02384609318302408,True,True,26,0,0,0,19,78
4,100000,exact,GPU generic resident,cuda_generic_resident,,0,0.0,0.0,0.0,22.360148666666667,44722421.791888505,True,22.360148666666667,,,True,False,,,,,,
4,100000,surrogate,GPU surrogate B128,gpu_surrogate,128,0,0.00035473724273915217,0.001069512982597059,0.00166397978946764,4.20704007,237696809.00614765,False,22.360148666666667,5.314935986969734,0.18814902050591611,True,True,255,124,124,128,392,2043
4,100000,surrogate,GPU surrogate B96,gpu_surrogate,96,0,0.0005388511769559827,0.0016295048119610246,0.002170421542860068,3.20255995,312250204.71513736,False,22.360148666666667,6.981960998627573,0.14322623689770936,True,True,255,0,0,0,254,1308
4,100000,surrogate,GPU surrogate B64,gpu_surrogate,64,0,0.0007649175998639279,0.0019752490670838937,0.0028638087484608166,2.26815999,440886006.4584774,False,22.360148666666667,9.858276649464514,0.10143760776426561,True,True,166,0,0,0,165,853
4,100000,surrogate,GPU surrogate B48,gpu_surrogate,48,0,0.0011209815186800625,0.0031491536764224532,0.004336624835432179,1.30592003,765743672.6810906,False,22.360148666666667,17.122142361708523,0.05840390640813569,True,True,122,0,0,0,109,544
4,100000,surrogate,GPU surrogate B32,gpu_surrogate,32,0,0.0019262178000697635,0.0056113026288327475,0.008520364643262557,0.622400008,1606683783.975787,False,22.360148666666667,35.92568827002115,0.027835235681050775,True,True,63,0,0,0,58,253
4,100000,surrogate,GPU surrogate B24,gpu_surrogate,24,0,0.0027697242968022133,0.008327052664090779,0.023487052580999257,0.413120016,2420604089.0548377,False,22.360148666666667,54.125067294407415,0.018475727606223725,True,True,39,0,0,0,35,159
4,100000,surrogate,GPU surrogate B16,gpu_surrogate,16,0,0.00715352067918386,0.034937061629210425,0.06151785896120354,0.218880009,4568713262.434122,False,22.360148666666667,102.15710776339866,0.00978884408431035,True,True,26,0,0,0,19,78
4,1000000,exact,GPU fixed-composition resident,cuda_fixed_resident,,0,0.0,0.0,0.0,21.9412993,45576152.365780815,True,21.9412993,,,True,False,,,,,,
4,1000000,surrogate,GPU surrogate B128,gpu_surrogate,128,0,0.00035473724273915217,0.001069512982597059,0.00166397978946764,4.19184017,238558713.9406606,False,21.9412993,5.2342881431951165,0.19104794628092056,True,True,255,124,124,128,392,2043
4,1000000,surrogate,GPU surrogate B96,gpu_surrogate,96,0,0.0005388511769559827,0.0016295048119610246,0.002170421542860068,3.21366405,311171293.71379066,False,21.9412993,6.827502488942489,0.14646644239523227,True,True,255,0,0,0,254,1308
4,1000000,surrogate,GPU surrogate B64,gpu_surrogate,64,0,0.0007649175998639279,0.0019752490670838937,0.0028638087484608166,2.2934401,436026212.32619065,False,21.9412993,9.566981627294298,0.1045261754393916,True,True,166,0,0,0,165,853
4,1000000,surrogate,GPU surrogate B48,gpu_surrogate,48,0,0.0011209815186800625,0.0031491536764224532,0.004336624835432179,1.26489604,790578805.1957219,False,21.9412993,17.34632618503573,0.057649094645912786,True,True,122,0,0,0,109,544
4,1000000,surrogate,GPU surrogate B32,gpu_surrogate,32,0,0.0019262178000697635,0.0056113026288327475,0.008520364643262557,0.588927984,1698000480.8194,False,21.9412993,37.25633676120237,0.026841071531256127,True,True,63,0,0,0,58,253
4,1000000,surrogate,GPU surrogate B24,gpu_surrogate,24,0,0.0027697242968022133,0.008327052664090779,0.023487052580999257,0.369055986,2709615987.640423,False,21.9412993,59.45249537288362,0.016820151849439472,True,True,39,0,0,0,35,159
4,1000000,surrogate,GPU surrogate B16,gpu_surrogate,16,0,0.00715352067918386,0.034937061629210425,0.06151785896120354,0.184896007,5408445624.247581,False,21.9412993,118.6683241893915,0.008426848586856476,True,True,26,0,0,0,19,78
5,1,exact,CPU scalar,scalar,,1,0.0,0.0,0.0,828.736171926349,1206656.6343732267,True,828.736171926349,,,True,False,,,,,,
5,10,exact,CPU scalar,scalar,,1,0.0,0.0,0.0,532.8454427565765,1876716.8108385922,True,532.8454427565765,,,True,False,,,,,,
5,10,surrogate,GPU surrogate B24,gpu_surrogate,24,0,0.0029718217173072673,0.008577599747621302,0.025477907083690132,521.600014,1917177.8626524347,False,532.8454427565765,1.0215594870681437,0.9788955148074451,True,True,40,0,0,0,39,165
5,10,surrogate,GPU surrogate B16,gpu_surrogate,16,0,0.0077713676770929385,0.03788567286468034,0.06679920348434609,496.000005,2016129.0119341833,False,532.8454427565765,1.074285156018449,0.9308515475595258,True,True,26,0,0,0,20,82
5,100,exact,CPU OpenMP 4,openmp,,4,0.0,0.0,0.0,246.35144572526417,4059241.450992819,True,246.35144572526417,,,True,False,,,,,,
5,100,surrogate,GPU surrogate B96,gpu_surrogate,96,0,0.000591866530543988,0.0017202803445622822,0.002427864920033551,134.079996,7458234.112715815,False,246.35144572526417,1.8373467562250239,0.5442630775121513,True,True,255,156,156,160,319,1390
5,100,surrogate,GPU surrogate B64,gpu_surrogate,64,0,0.0008505023632200023,0.0022289569339455743,0.0031782146168994885,94.4000017,10593220.148215314,False,246.35144572526417,2.60965509839884,0.3831923998744326,True,True,165,0,0,0,173,864
5,100,surrogate,GPU surrogate B48,gpu_surrogate,48,0,0.0012100200205791961,0.003385956509791243,0.004627670339193868,65.6000013,15243902.136934865,False,246.35144572526417,3.7553573299283483,0.26628624446214283,True,True,126,0,0,0,120,559
5,100,surrogate,GPU surrogate B32,gpu_surrogate,32,0,0.0021009749152809407,0.006262980916710393,0.009118224686061605,59.8399993,16711230.14200971,False,246.35144572526417,4.116835705331704,0.24290500558594127,True,True,62,0,0,0,59,264
5,100,surrogate,GPU surrogate B24,gpu_surrogate,24,0,0.0029718217173072673,0.008577599747621302,0.025477907083690132,53.4400018,18712574.2200106,False,246.35144572526417,4.6098697123409185,0.21692587044769085,True,True,40,0,0,0,39,165
5,100,surrogate,GPU surrogate B16,gpu_surrogate,16,0,0.0077713676770929385,0.03788567286468034,0.06679920348434609,50.2400007,19904458.321394887,False,246.35144572526417,4.903492083853895,0.20393629333934826,True,True,26,0,0,0,20,82
5,1000,exact,GPU fixed-composition resident,cuda_fixed_resident,,0,0.0,0.0,0.0,54.899499026425595,18215102.464207463,True,54.899499026425595,,,True,False,,,,,,
5,1000,surrogate,GPU surrogate B128,gpu_surrogate,128,0,0.00035934251615852214,0.0010121813938903498,0.0018352479098073804,33.7279998,29648956.532548368,False,54.899499026425595,1.6277128602931739,0.6143589722697688,True,True,255,724,724,728,500,2193
5,1000,surrogate,GPU surrogate B96,gpu_surrogate,96,0,0.000591866530543988,0.0017202803445622822,0.002427864920033551,13.3760003,74760763.87348765,False,54.899499026425595,4.104328483487369,0.24364521602576975,True,True,255,156,156,160,319,1390
5,1000,surrogate,GPU surrogate B64,gpu_surrogate,64,0,0.0008505023632200023,0.0022289569339455743,0.0031782146168994885,9.21600033,108506940.55910477,False,54.899499026425595,5.956976677584993,0.16787039032111978,True,True,165,0,0,0,173,864
5,1000,surrogate,GPU surrogate B48,gpu_surrogate,48,0,0.0012100200205791961,0.003385956509791243,0.004627670339193868,7.58400001,131856539.91052672,False,54.899499026425595,7.23885798444581,0.1381433372707004,True,True,126,0,0,0,120,559
5,1000,surrogate,GPU surrogate B32,gpu_surrogate,32,0,0.0021009749152809407,0.006262980916710393,0.009118224686061605,6.20799977,161082480.19474396,False,54.899499026425595,8.843347464625566,0.11307935190832635,True,True,62,0,0,0,59,264
5,1000,surrogate,GPU surrogate B24,gpu_surrogate,24,0,0.0029718217173072673,0.008577599747621302,0.025477907083690132,5.72799984,174581010.46315673,False,54.899499026425595,9.58441001395447,0.10433610400056395,True,True,40,0,0,0,39,165
5,1000,surrogate,GPU surrogate B16,gpu_surrogate,16,0,0.0077713676770929385,0.03788567286468034,0.06679920348434609,5.15200011,194099374.73778507,False,54.899499026425595,10.655958434446848,0.09384420989925812,True,True,26,0,0,0,20,82
5,10000,exact,GPU fixed-composition resident,cuda_fixed_resident,,0,0.0,0.0,0.0,33.694916666666664,29678067.166412342,True,33.694916666666664,,,True,False,,,,,,
5,10000,surrogate,GPU surrogate B128,gpu_surrogate,128,0,0.00035934251615852214,0.0010121813938903498,0.0018352479098073804,15.8559993,63067611.260552965,False,33.694916666666664,2.1250579057900603,0.47057541221598714,True,True,255,724,724,728,500,2193
5,10000,surrogate,GPU surrogate B96,gpu_surrogate,96,0,0.000591866530543988,0.0017202803445622822,0.002427864920033551,4.88959998,204515707.64281622,False,33.694916666666664,6.8911397260490554,0.14511387662332845,True,True,255,156,156,160,319,1390
5,10000,surrogate,GPU surrogate B64,gpu_surrogate,64,0,0.0008505023632200023,0.0022289569339455743,0.0031782146168994885,2.92799994,341530061.6433756,False,33.694916666666664,11.50782696623507,0.0868973788825713,True,True,165,0,0,0,173,864
5,10000,surrogate,GPU surrogate B48,gpu_surrogate,48,0,0.0012100200205791961,0.003385956509791243,0.004627670339193868,1.83039997,546328680.282922,False,33.694916666666664,18.408499354743032,0.05432273325105914,True,True,126,0,0,0,120,559
5,10000,surrogate,GPU surrogate B32,gpu_surrogate,32,0,0.0021009749152809407,0.006262980916710393,0.009118224686061605,1.20320003,831117000.5539311,False,33.694916666666664,28.00441807391466,0.03570865130496935,True,True,62,0,0,0,59,264
5,10000,surrogate,GPU surrogate B24,gpu_surrogate,24,0,0.0029718217173072673,0.008577599747621302,0.025477907083690132,0.899199955,1112099699.7825694,False,33.694916666666664,37.47210670919869,0.026686516660524958,True,True,40,0,0,0,39,165
5,10000,surrogate,GPU surrogate B16,gpu_surrogate,16,0,0.0077713676770929385,0.03788567286468034,0.06679920348434609,0.675200019,1481042612.3521776,False,33.694916666666664,49.903607402988925,0.020038631514644894,True,True,26,0,0,0,20,82
5,100000,exact,GPU generic resident,cuda_generic_resident,,0,0.0,0.0,0.0,28.621366285714288,34938933.0340644,True,28.621366285714288,,,True,False,,,,,,
5,100000,surrogate,GPU surrogate B128,gpu_surrogate,128,0,0.00035934251615852214,0.0010121813938903498,0.0018352479098073804,14.9264002,66995389.8194422,False,28.621366285714288,1.9174995914764692,0.5215124970274454,True,True,255,724,724,728,500,2193
5,100000,surrogate,GPU surrogate B96,gpu_surrogate,96,0,0.000591866530543988,0.0017202803445622822,0.002427864920033551,4.07775998,245232677.96649474,False,28.621366285714288,7.018894301305662,0.14247258287020778,True,True,255,156,156,160,319,1390
5,100000,surrogate,GPU surrogate B64,gpu_surrogate,64,0,0.0008505023632200023,0.0022289569339455743,0.0031782146168994885,2.31135994,432645726.30777705,False,28.621366285714288,12.382911804603781,0.08075645016127911,True,True,165,0,0,0,173,864
5,100000,surrogate,GPU surrogate B48,gpu_surrogate,48,0,0.0012100200205791961,0.003385956509791243,0.004627670339193868,1.36160001,734430076.8622937,False,28.621366285714288,21.02039224112101,0.04757285156857142,True,True,126,0,0,0,120,559
5,100000,surrogate,GPU surrogate B32,gpu_surrogate,32,0,0.0021009749152809407,0.006262980916710393,0.009118224686061605,0.64447999,1551638554.3638058,False,28.621366285714288,44.41001540748269,0.022517443212404495,True,True,62,0,0,0,59,264
5,100000,surrogate,GPU surrogate B24,gpu_surrogate,24,0,0.0029718217173072673,0.008577599747621302,0.025477907083690132,0.438719988,2279358195.0955014,False,28.621366285714288,65.23834579817296,0.015328408281437536,True,True,40,0,0,0,39,165
5,100000,surrogate,GPU surrogate B16,gpu_surrogate,16,0,0.0077713676770929385,0.03788567286468034,0.06679920348434609,0.249920003,4001280361.70038,False,28.621366285714288,114.52211084406191,0.008731938248690174,True,True,26,0,0,0,20,82
5,1000000,exact,GPU fixed-composition resident,cuda_fixed_resident,,0,0.0,0.0,0.0,28.07033575,35624796.543447115,True,28.07033575,,,True,False,,,,,,
5,1000000,surrogate,GPU surrogate B128,gpu_surrogate,128,0,0.00035934251615852214,0.0010121813938903498,0.0018352479098073804,13.6969919,73008731.20907664,False,28.07033575,2.049379597720285,0.4879525496947431,True,True,255,724,724,728,500,2193
5,1000000,surrogate,GPU surrogate B96,gpu_surrogate,96,0,0.000591866530543988,0.0017202803445622822,0.002427864920033551,4.07615995,245328940.048096,False,28.07033575,6.886465716341676,0.14521236889729755,True,True,255,156,156,160,319,1390
5,1000000,surrogate,GPU surrogate B64,gpu_surrogate,64,0,0.0008505023632200023,0.0022289569339455743,0.0031782146168994885,2.32672,429789575.02406824,False,28.07033575,12.06433767277541,0.08288892661356927,True,True,165,0,0,0,173,864
5,1000000,surrogate,GPU surrogate B48,gpu_surrogate,48,0,0.0012100200205791961,0.003385956509791243,0.004627670339193868,1.31516802,760359121.2626961,False,28.07033575,21.343535824418847,0.046852593132948185,True,True,126,0,0,0,120,559
5,1000000,surrogate,GPU surrogate B32,gpu_surrogate,32,0,0.0021009749152809407,0.006262980916710393,0.009118224686061605,0.599936008,1666844441.1824667,False,28.07033575,46.78888310701297,0.02137259822408786,True,True,62,0,0,0,59,264
5,1000000,surrogate,GPU surrogate B24,gpu_surrogate,24,0,0.0029718217173072673,0.008577599747621302,0.025477907083690132,0.393631995,2540443898.6216044,False,28.07033575,71.3111131883474,0.014023059734866191,True,True,40,0,0,0,39,165
5,1000000,surrogate,GPU surrogate B16,gpu_surrogate,16,0,0.0077713676770929385,0.03788567286468034,0.06679920348434609,0.206303999,4847215782.763377,False,28.07033575,136.06297447486708,0.007349537990474516,True,True,26,0,0,0,20,82
