components,budget,rmse,p99_abs,max_abs,points,simplices,dag_nodes,affine_nodes,min_nodes,max_nodes,executed_ops,live_slots,registers,spill_store_bytes,spill_load_bytes,stack_frame_bytes,has_spills,previous_budget,delta_rmse,rmse_ratio_vs_previous,delta_dag_nodes,delta_executed_ops,delta_live_slots,delta_registers,delta_spill_store_bytes,delta_spill_load_bytes,delta_stack_frame_bytes
1,16,0.005035772712008456,0.024678766431902692,0.04334175307754584,16,26,72,26,35,11,72,17,26,0,0,0,False,,,,,,,,,,
1,24,0.0021142784556413435,0.00654996588890694,0.01665701079230575,24,40,152,40,92,20,152,35,31,0,0,0,False,16,-0.002921494256367112,0.4198518433128587,80,80,18,5,0,0,0
1,32,0.0012877636231141984,0.003569945842691297,0.006192332666692835,32,52,254,52,167,35,254,52,48,0,0,0,False,24,-0.0008265148325271451,0.6090794803674852,102,102,17,17,0,0,0
1,48,0.0007703086845547998,0.0020563112070939808,0.002773954971125203,48,80,527,80,380,67,527,120,125,0,0,0,False,32,-0.0005174549385593986,0.5981755275024484,273,273,68,77,0,0,0
1,64,0.000539661254588657,0.001540795951388282,0.002152390914877955,64,108,794,108,591,95,794,164,167,0,0,0,False,48,-0.00023064742996614282,0.700577918189452,267,267,44,42,0,0,0
1,96,0.00034104209185099004,0.0009612977226246969,0.001474863704864382,96,164,1345,164,1014,167,1345,297,255,8,8,8,True,64,-0.00019861916273766696,0.6319558592564527,551,551,133,88,8,8,8
1,128,0.0002582874077028154,0.0007570681322109597,0.0010272705488628686,128,221,2031,221,1566,244,2031,444,255,676,676,680,True,96,-8.275468414817462e-05,0.7573475939611224,686,686,147,0,668,668,672
2,16,0.0064544384954823295,0.03154561472283422,0.055608752448372156,16,26,77,26,39,12,77,19,22,0,0,0,False,,,,,,,,,,
2,24,0.0026733982984239774,0.00831947416001643,0.02164582196696907,24,40,133,40,76,17,133,33,31,0,0,0,False,16,-0.003781040197058352,0.41419533245148676,56,56,14,9,0,0,0
2,32,0.002115247256413587,0.006653867225672598,0.009364929798562738,32,53,228,53,144,31,228,48,48,0,0,0,False,24,-0.0005581510420103902,0.7912203945295276,95,95,15,17,0,0,0
2,48,0.001005929224902897,0.002794632838111624,0.004354302246139419,48,82,489,82,344,63,489,103,95,0,0,0,False,32,-0.0011093180315106903,0.475561058809009,261,261,55,47,0,0,0
2,64,0.0007187326587790541,0.001847299899487981,0.0027077352973755575,64,110,881,110,658,113,881,190,202,0,0,0,False,48,-0.00028719656612384277,0.7144962498215855,392,392,87,107,0,0,0
2,96,0.00046562592472402674,0.0014374456737755777,0.0021070759680840156,96,166,1287,166,976,145,1287,269,255,0,0,0,False,64,-0.0002531067340550274,0.6478430039828829,406,406,79,53,0,0,0
2,128,0.0003133773291002309,0.0009112645405843172,0.001249187176580624,128,225,1999,225,1558,216,1999,382,255,564,564,568,True,96,-0.00015224859562379585,0.673023799707818,712,712,113,0,564,564,568
3,16,0.007666704070839694,0.0370324574065091,0.06578338250529137,16,26,79,26,42,11,79,19,25,0,0,0,False,,,,,,,,,,
3,24,0.002967495238361881,0.00862680894592261,0.024713578259689006,24,40,164,40,101,23,164,37,38,0,0,0,False,16,-0.004699208832477813,0.3870627079045281,85,85,18,13,0,0,0
3,32,0.0021040622195891844,0.006271356861770966,0.009118294668629012,32,52,265,52,174,39,265,57,62,0,0,0,False,24,-0.0008634330187726968,0.7090364265422276,101,101,20,24,0,0,0
3,48,0.0012150993217043922,0.003394472031917318,0.004658448052157871,48,81,533,81,376,76,533,102,96,0,0,0,False,32,-0.0008889628978847922,0.5775016111175832,268,268,45,34,0,0,0
3,64,0.0009020488444937802,0.0024526480627163057,0.0033413081456192817,64,109,835,109,620,106,835,158,166,0,0,0,False,48,-0.000313050477210612,0.7423663468336866,302,302,56,70,0,0,0
3,96,0.0005609796870602037,0.0016765256045591659,0.0024356871959627657,96,165,1412,165,1078,169,1412,291,255,48,48,48,True,64,-0.0003410691574335764,0.6218950231847138,577,577,133,89,48,48,48
3,128,0.00038870413960664154,0.0011107809381621404,0.001770982503845997,128,223,2130,223,1630,277,2130,439,255,420,420,424,True,96,-0.0001722755474535622,0.6929023431198253,718,718,148,0,372,372,376
4,16,0.00715352067918386,0.034937061629210425,0.06151785896120354,16,26,78,26,40,12,78,19,26,0,0,0,False,,,,,,,,,,
4,24,0.0027697242968022133,0.008327052664090779,0.023487052580999257,24,40,159,40,97,22,159,35,39,0,0,0,False,16,-0.004383796382381647,0.38718337739092257,81,81,16,13,0,0,0
4,32,0.0019262178000697635,0.0056113026288327475,0.008520364643262557,32,52,253,52,166,35,253,58,63,0,0,0,False,24,-0.0008435064967324498,0.695454707276706,94,94,23,24,0,0,0
4,48,0.0011209815186800625,0.0031491536764224532,0.004336624835432179,48,81,544,81,391,72,544,109,122,0,0,0,False,32,-0.000805236281389701,0.5819599001937699,291,291,51,59,0,0,0
4,64,0.0007649175998639279,0.0019752490670838937,0.0028638087484608166,64,110,853,110,635,108,853,165,166,0,0,0,False,48,-0.0003560639188161346,0.6823641488439577,309,309,56,44,0,0,0
4,96,0.0005388511769559827,0.0016295048119610246,0.002170421542860068,96,166,1308,166,986,156,1308,254,255,0,0,0,False,64,-0.00022606642290794524,0.7044565023106274,455,455,89,89,0,0,0
4,128,0.00035473724273915217,0.001069512982597059,0.00166397978946764,128,224,2043,224,1571,248,2043,392,255,124,124,128,True,96,-0.00018411393421683049,0.6583213657305044,735,735,138,0,124,124,128
5,16,0.0077713676770929385,0.03788567286468034,0.06679920348434609,16,26,82,26,44,12,82,20,26,0,0,0,False,,,,,,,,,,
5,24,0.0029718217173072673,0.008577599747621302,0.025477907083690132,24,40,165,40,102,23,165,39,40,0,0,0,False,16,-0.004799545959785672,0.38240652621121984,83,83,19,14,0,0,0
5,32,0.0021009749152809407,0.006262980916710393,0.009118224686061605,32,52,264,52,176,36,264,59,62,0,0,0,False,24,-0.0008708468020263266,0.7069653280495606,99,99,20,22,0,0,0
5,48,0.0012100200205791961,0.003385956509791243,0.004627670339193868,48,81,559,81,401,77,559,120,126,0,0,0,False,32,-0.0008909548947017446,0.5759326357389627,295,295,61,64,0,0,0
5,64,0.0008505023632200023,0.0022289569339455743,0.0031782146168994885,64,110,864,110,648,106,864,173,165,0,0,0,False,48,-0.00035951765735919383,0.7028828852045731,305,305,53,39,0,0,0
5,96,0.000591866530543988,0.0017202803445622822,0.002427864920033551,96,165,1390,165,1060,165,1390,319,255,156,156,160,True,64,-0.0002586358326760143,0.6959022762772593,526,526,146,90,156,156,160
5,128,0.00035934251615852214,0.0010121813938903498,0.0018352479098073804,128,225,2193,225,1697,271,2193,500,255,724,724,728,True,96,-0.00023252401438546587,0.6071343750900196,803,803,181,0,568,568,568
