components,batch,best_exact_method,best_exact_backend,best_exact_ns_per_eval,any_surrogate_faster,faster_surrogate_count,most_accurate_faster_budget,most_accurate_faster_rmse,most_accurate_faster_ns_per_eval,most_accurate_faster_speedup,fastest_surrogate_budget,fastest_surrogate_rmse,fastest_surrogate_ns_per_eval,max_speedup
1,1,CPU scalar,scalar,584.3273098996742,False,0,,,,,16,0.005035772712008456,5055.99985,0.11557106946901397
1,10,CPU scalar,scalar,319.7111104102936,False,0,,,,,16,0.005035772712008456,492.799981,0.6487644536055565
1,100,CPU OpenMP 4,openmp,134.91197893997892,True,6,96,0.00034104209185099004,118.079996,1.1425472858245942,16,0.005035772712008456,49.2799981,2.7376620158591063
1,1000,GPU fixed-composition resident,cuda_fixed_resident,20.881733096457314,True,6,96,0.00034104209185099004,11.7119998,1.782934891824137,16,0.005035772712008456,5.11999987,4.078463598956559
1,10000,GPU generic resident,cuda_generic_resident,10.66219420751114,True,7,128,0.0002582874077028154,9.98400003,1.0679281025113478,16,0.005035772712008456,0.668800017,15.942275622745894
1,100000,GPU fixed-composition resident,cuda_fixed_resident,8.580488461538462,True,6,96,0.00034104209185099004,3.29984009,2.600274021623412,16,0.005035772712008456,0.224319994,38.25110864410268
1,1000000,GPU fixed-composition resident,cuda_fixed_resident,8.348875833333333,True,6,96,0.00034104209185099004,3.31689596,2.5170749803479917,16,0.005035772712008456,0.184095994,45.35066544323247
2,1,CPU scalar,scalar,590.4806152128566,False,0,,,,,16,0.0064544384954823295,4672.00018,0.12638711311283737
2,10,CPU scalar,scalar,362.85344424085196,False,0,,,,,16,0.0064544384954823295,448.000012,0.8099407020570614
2,100,CPU OpenMP 4,openmp,160.260567358956,True,6,96,0.00046562592472402674,112.960003,1.418737279592282,16,0.0064544384954823295,47.0399996,3.406899845274573
2,1000,GPU fixed-composition resident,cuda_fixed_resident,27.667807756003313,True,7,128,0.0003133773291002309,23.3600009,1.1844095329638156,16,0.0064544384954823295,4.80000023,5.764126339636303
2,10000,GPU fixed-composition resident,cuda_fixed_resident,15.590730852713177,True,7,128,0.0003133773291002309,9.67999995,1.61061269971527,16,0.0064544384954823295,0.611199997,25.50839484495805
2,100000,GPU fixed-composition resident,cuda_fixed_resident,12.4937300621118,True,7,128,0.0003133773291002309,8.92895997,1.3992368768690762,16,0.0064544384954823295,0.208000001,60.06600962522015
2,1000000,GPU fixed-composition resident,cuda_fixed_resident,12.098191470588235,True,7,128,0.0003133773291002309,7.9242239,1.5267351886142735,16,0.0064544384954823295,0.173184007,69.85744053484242
3,1,CPU scalar,scalar,656.9855885098369,False,0,,,,,16,0.007666704070839694,4383.99985,0.1498598565211714
3,10,CPU scalar,scalar,413.2705469530979,False,0,,,,,16,0.007666704070839694,428.800005,0.9637839135591846
3,100,CPU OpenMP 8,openmp,151.68650000000002,True,6,96,0.0005609796870602037,126.719996,1.1970210289463712,16,0.007666704070839694,45.119999,3.361846262452267
3,1000,GPU fixed-composition resident,cuda_fixed_resident,36.19602893832519,True,7,128,0.00038870413960664154,24.6079993,1.470904988945005,16,0.007666704070839694,4.57599992,7.909971497185951
3,10000,GPU fixed-composition resident,cuda_fixed_resident,20.482484387755104,True,7,128,0.00038870413960664154,9.46239978,2.1646183699665142,16,0.007666704070839694,0.566399982,36.16257951744622
3,100000,GPU fixed-composition resident,cuda_fixed_resident,17.11730752136752,True,7,128,0.00038870413960664154,8.6374402,1.9817569933934267,16,0.007666704070839694,0.200960003,85.17768344861896
3,1000000,GPU fixed-composition resident,cuda_fixed_resident,16.66444807692308,True,7,128,0.00038870413960664154,8.47721577,1.9657926056213948,16,0.007666704070839694,0.167584002,99.43937295949692
4,1,CPU scalar,scalar,900.9293539021537,False,0,,,,,16,0.00715352067918386,4736.00021,0.19023000716931
4,10,CPU scalar,scalar,465.8139915287951,True,1,16,0.00715352067918386,454.400014,1.0251187878017871,16,0.00715352067918386,454.400014,1.0251187878017871
4,100,CPU OpenMP 4,openmp,213.45141763204398,True,7,128,0.00035473724273915217,140.479999,1.519443473458766,16,0.00715352067918386,48.9600003,4.359710300737968
4,1000,GPU fixed-composition resident,cuda_fixed_resident,42.76690762026394,True,7,128,0.00035473724273915217,15.04,2.843544389645209,16,0.00715352067918386,4.89600003,8.735070947347184
4,10000,GPU fixed-composition resident,cuda_fixed_resident,26.436196452036793,True,7,128,0.00035473724273915217,5.10400012,5.179505452683412,16,0.00715352067918386,0.630400004,41.935590552497516
4,100000,GPU generic resident,cuda_generic_resident,22.360148666666667,True,7,128,0.00035473724273915217,4.20704007,5.314935986969734,16,0.00715352067918386,0.218880009,102.15710776339866
4,1000000,GPU fixed-composition resident,cuda_fixed_resident,21.9412993,True,7,128,0.00035473724273915217,4.19184017,5.2342881431951165,16,0.00715352067918386,0.184896007,118.6683241893915
5,1,CPU scalar,scalar,828.736171926349,False,0,,,,,16,0.0077713676770929385,4991.99983,0.16601286060667775
5,10,CPU scalar,scalar,532.8454427565765,True,2,24,0.0029718217173072673,521.600014,1.0215594870681437,16,0.0077713676770929385,496.000005,1.074285156018449
5,100,CPU OpenMP 4,openmp,246.35144572526417,True,6,96,0.000591866530543988,134.079996,1.8373467562250239,16,0.0077713676770929385,50.2400007,4.903492083853895
5,1000,GPU fixed-composition resident,cuda_fixed_resident,54.899499026425595,True,7,128,0.00035934251615852214,33.7279998,1.6277128602931739,16,0.0077713676770929385,5.15200011,10.655958434446848
5,10000,GPU fixed-composition resident,cuda_fixed_resident,33.694916666666664,True,7,128,0.00035934251615852214,15.8559993,2.1250579057900603,16,0.0077713676770929385,0.675200019,49.903607402988925
5,100000,GPU generic resident,cuda_generic_resident,28.621366285714288,True,7,128,0.00035934251615852214,14.9264002,1.9174995914764692,16,0.0077713676770929385,0.249920003,114.52211084406191
5,1000000,GPU fixed-composition resident,cuda_fixed_resident,28.07033575,True,7,128,0.00035934251615852214,13.6969919,2.049379597720285,16,0.0077713676770929385,0.206303999,136.06297447486708
