components,budget,batch,rmse,p99_abs,max_abs,points,simplices,tdar_seconds,ns_per_eval,evaluations_per_second,dag_nodes,affine_nodes,min_nodes,max_nodes,executed_ops,live_slots,registers,spill_store_bytes,spill_load_bytes,stack_frame_bytes,max_delta_cpu,tdar_artifact,cpwa_artifact
1,16,1,0.005035772712008456,0.024678766431902692,0.04334175307754584,16,26,0.004687210079282522,5055.99985,197784.8159944071,72,26,35,11,72,17,26,0,0,0,0.0,/nvme/Sync/ThermoGPU/benchmarks/results-distinct-mixture-tdar/c1/artifacts/methane-z-b16.npz,/nvme/Sync/ThermoGPU/benchmarks/results-distinct-mixture-hardware-sweep/c1-b16/c1-b16-cpsat.cpwa
1,16,10,0.005035772712008456,0.024678766431902692,0.04334175307754584,16,26,0.004687210079282522,492.799981,2029220.8574577847,72,26,35,11,72,17,26,0,0,0,0.0,/nvme/Sync/ThermoGPU/benchmarks/results-distinct-mixture-tdar/c1/artifacts/methane-z-b16.npz,/nvme/Sync/ThermoGPU/benchmarks/results-distinct-mixture-hardware-sweep/c1-b16/c1-b16-cpsat.cpwa
1,16,100,0.005035772712008456,0.024678766431902692,0.04334175307754584,16,26,0.004687210079282522,49.2799981,20292208.574577846,72,26,35,11,72,17,26,0,0,0,0.0,/nvme/Sync/ThermoGPU/benchmarks/results-distinct-mixture-tdar/c1/artifacts/methane-z-b16.npz,/nvme/Sync/ThermoGPU/benchmarks/results-distinct-mixture-hardware-sweep/c1-b16/c1-b16-cpsat.cpwa
1,16,1000,0.005035772712008456,0.024678766431902692,0.04334175307754584,16,26,0.004687210079282522,5.11999987,195312504.95910656,72,26,35,11,72,17,26,0,0,0,0.0,/nvme/Sync/ThermoGPU/benchmarks/results-distinct-mixture-tdar/c1/artifacts/methane-z-b16.npz,/nvme/Sync/ThermoGPU/benchmarks/results-distinct-mixture-hardware-sweep/c1-b16/c1-b16-cpsat.cpwa
1,16,10000,0.005035772712008456,0.024678766431902692,0.04334175307754584,16,26,0.004687210079282522,0.668800017,1495215272.9984155,72,26,35,11,72,17,26,0,0,0,0.0,/nvme/Sync/ThermoGPU/benchmarks/results-distinct-mixture-tdar/c1/artifacts/methane-z-b16.npz,/nvme/Sync/ThermoGPU/benchmarks/results-distinct-mixture-hardware-sweep/c1-b16/c1-b16-cpsat.cpwa
1,16,100000,0.005035772712008456,0.024678766431902692,0.04334175307754584,16,26,0.004687210079282522,0.224319994,4457917380.293796,72,26,35,11,72,17,26,0,0,0,0.0,/nvme/Sync/ThermoGPU/benchmarks/results-distinct-mixture-tdar/c1/artifacts/methane-z-b16.npz,/nvme/Sync/ThermoGPU/benchmarks/results-distinct-mixture-hardware-sweep/c1-b16/c1-b16-cpsat.cpwa
1,16,1000000,0.005035772712008456,0.024678766431902692,0.04334175307754584,16,26,0.004687210079282522,0.184095994,5431948725.619743,72,26,35,11,72,17,26,0,0,0,0.0,/nvme/Sync/ThermoGPU/benchmarks/results-distinct-mixture-tdar/c1/artifacts/methane-z-b16.npz,/nvme/Sync/ThermoGPU/benchmarks/results-distinct-mixture-hardware-sweep/c1-b16/c1-b16-cpsat.cpwa
1,24,1,0.0021142784556413435,0.00654996588890694,0.01665701079230575,24,40,0.009474363992922008,5119.99987,195312.5049591066,152,40,92,20,152,35,31,0,0,0,0.0,/nvme/Sync/ThermoGPU/benchmarks/results-distinct-mixture-tdar/c1/artifacts/methane-z-b24.npz,/nvme/Sync/ThermoGPU/benchmarks/results-distinct-mixture-hardware-sweep/c1-b24/c1-b24-cpsat.cpwa
1,24,10,0.0021142784556413435,0.00654996588890694,0.01665701079230575,24,40,0.009474363992922008,508.800009,1965408.7702659613,152,40,92,20,152,35,31,0,0,0,0.0,/nvme/Sync/ThermoGPU/benchmarks/results-distinct-mixture-tdar/c1/artifacts/methane-z-b24.npz,/nvme/Sync/ThermoGPU/benchmarks/results-distinct-mixture-hardware-sweep/c1-b24/c1-b24-cpsat.cpwa
1,24,100,0.0021142784556413435,0.00654996588890694,0.01665701079230575,24,40,0.009474363992922008,52.8000016,18939393.365472928,152,40,92,20,152,35,31,0,0,0,0.0,/nvme/Sync/ThermoGPU/benchmarks/results-distinct-mixture-tdar/c1/artifacts/methane-z-b24.npz,/nvme/Sync/ThermoGPU/benchmarks/results-distinct-mixture-hardware-sweep/c1-b24/c1-b24-cpsat.cpwa
1,24,1000,0.0021142784556413435,0.00654996588890694,0.01665701079230575,24,40,0.009474363992922008,5.5999998,178571434.94897982,152,40,92,20,152,35,31,0,0,0,0.0,/nvme/Sync/ThermoGPU/benchmarks/results-distinct-mixture-tdar/c1/artifacts/methane-z-b24.npz,/nvme/Sync/ThermoGPU/benchmarks/results-distinct-mixture-hardware-sweep/c1-b24/c1-b24-cpsat.cpwa
1,24,10000,0.0021142784556413435,0.00654996588890694,0.01665701079230575,24,40,0.009474363992922008,0.940799993,1062925177.9766967,152,40,92,20,152,35,31,0,0,0,0.0,/nvme/Sync/ThermoGPU/benchmarks/results-distinct-mixture-tdar/c1/artifacts/methane-z-b24.npz,/nvme/Sync/ThermoGPU/benchmarks/results-distinct-mixture-hardware-sweep/c1-b24/c1-b24-cpsat.cpwa
1,24,100000,0.0021142784556413435,0.00654996588890694,0.01665701079230575,24,40,0.009474363992922008,0.388480015,2574134991.216987,152,40,92,20,152,35,31,0,0,0,0.0,/nvme/Sync/ThermoGPU/benchmarks/results-distinct-mixture-tdar/c1/artifacts/methane-z-b24.npz,/nvme/Sync/ThermoGPU/benchmarks/results-distinct-mixture-hardware-sweep/c1-b24/c1-b24-cpsat.cpwa
1,24,1000000,0.0021142784556413435,0.00654996588890694,0.01665701079230575,24,40,0.009474363992922008,0.343456,2911581105.003261,152,40,92,20,152,35,31,0,0,0,0.0,/nvme/Sync/ThermoGPU/benchmarks/results-distinct-mixture-tdar/c1/artifacts/methane-z-b24.npz,/nvme/Sync/ThermoGPU/benchmarks/results-distinct-mixture-hardware-sweep/c1-b24/c1-b24-cpsat.cpwa
1,32,1,0.0012877636231141984,0.003569945842691297,0.006192332666692835,32,52,0.012350459932349622,5632.00004,177556.81692076125,254,52,167,35,254,52,48,0,0,0,0.0,/nvme/Sync/ThermoGPU/benchmarks/results-distinct-mixture-tdar/c1/artifacts/methane-z-b32.npz,/nvme/Sync/ThermoGPU/benchmarks/results-distinct-mixture-hardware-sweep/c1-b32/c1-b32-cpsat.cpwa
1,32,10,0.0012877636231141984,0.003569945842691297,0.006192332666692835,32,52,0.012350459932349622,559.99998,1785714.349489798,254,52,167,35,254,52,48,0,0,0,0.0,/nvme/Sync/ThermoGPU/benchmarks/results-distinct-mixture-tdar/c1/artifacts/methane-z-b32.npz,/nvme/Sync/ThermoGPU/benchmarks/results-distinct-mixture-hardware-sweep/c1-b32/c1-b32-cpsat.cpwa
1,32,100,0.0012877636231141984,0.003569945842691297,0.006192332666692835,32,52,0.012350459932349622,55.6800002,17959770.05043186,254,52,167,35,254,52,48,0,0,0,0.0,/nvme/Sync/ThermoGPU/benchmarks/results-distinct-mixture-tdar/c1/artifacts/methane-z-b32.npz,/nvme/Sync/ThermoGPU/benchmarks/results-distinct-mixture-hardware-sweep/c1-b32/c1-b32-cpsat.cpwa
1,32,1000,0.0012877636231141984,0.003569945842691297,0.006192332666692835,32,52,0.012350459932349622,6.11199997,163612566.2480983,254,52,167,35,254,52,48,0,0,0,0.0,/nvme/Sync/ThermoGPU/benchmarks/results-distinct-mixture-tdar/c1/artifacts/methane-z-b32.npz,/nvme/Sync/ThermoGPU/benchmarks/results-distinct-mixture-hardware-sweep/c1-b32/c1-b32-cpsat.cpwa
1,32,10000,0.0012877636231141984,0.003569945842691297,0.006192332666692835,32,52,0.012350459932349622,1.0272,973520249.2211839,254,52,167,35,254,52,48,0,0,0,0.0,/nvme/Sync/ThermoGPU/benchmarks/results-distinct-mixture-tdar/c1/artifacts/methane-z-b32.npz,/nvme/Sync/ThermoGPU/benchmarks/results-distinct-mixture-hardware-sweep/c1-b32/c1-b32-cpsat.cpwa
1,32,100000,0.0012877636231141984,0.003569945842691297,0.006192332666692835,32,52,0.012350459932349622,0.595199987,1680107563.5776181,254,52,167,35,254,52,48,0,0,0,0.0,/nvme/Sync/ThermoGPU/benchmarks/results-distinct-mixture-tdar/c1/artifacts/methane-z-b32.npz,/nvme/Sync/ThermoGPU/benchmarks/results-distinct-mixture-hardware-sweep/c1-b32/c1-b32-cpsat.cpwa
1,32,1000000,0.0012877636231141984,0.003569945842691297,0.006192332666692835,32,52,0.012350459932349622,0.550400019,1816860402.397624,254,52,167,35,254,52,48,0,0,0,0.0,/nvme/Sync/ThermoGPU/benchmarks/results-distinct-mixture-tdar/c1/artifacts/methane-z-b32.npz,/nvme/Sync/ThermoGPU/benchmarks/results-distinct-mixture-hardware-sweep/c1-b32/c1-b32-cpsat.cpwa
1,48,1,0.0007703086845547998,0.0020563112070939808,0.002773954971125203,48,80,0.01994198001921177,6335.99982,157828.28731204098,527,80,380,67,527,120,125,0,0,0,0.0,/nvme/Sync/ThermoGPU/benchmarks/results-distinct-mixture-tdar/c1/artifacts/methane-z-b48.npz,/nvme/Sync/ThermoGPU/benchmarks/results-distinct-mixture-hardware-sweep/c1-b48/c1-b48-cpsat.cpwa
1,48,10,0.0007703086845547998,0.0020563112070939808,0.002773954971125203,48,80,0.01994198001921177,656.000013,1524390.2136934868,527,80,380,67,527,120,125,0,0,0,0.0,/nvme/Sync/ThermoGPU/benchmarks/results-distinct-mixture-tdar/c1/artifacts/methane-z-b48.npz,/nvme/Sync/ThermoGPU/benchmarks/results-distinct-mixture-hardware-sweep/c1-b48/c1-b48-cpsat.cpwa
1,48,100,0.0007703086845547998,0.0020563112070939808,0.002773954971125203,48,80,0.01994198001921177,63.9999984,15625000.39062501,527,80,380,67,527,120,125,0,0,0,0.0,/nvme/Sync/ThermoGPU/benchmarks/results-distinct-mixture-tdar/c1/artifacts/methane-z-b48.npz,/nvme/Sync/ThermoGPU/benchmarks/results-distinct-mixture-hardware-sweep/c1-b48/c1-b48-cpsat.cpwa
1,48,1000,0.0007703086845547998,0.0020563112070939808,0.002773954971125203,48,80,0.01994198001921177,7.77600007,128600821.88759547,527,80,380,67,527,120,125,0,0,0,0.0,/nvme/Sync/ThermoGPU/benchmarks/results-distinct-mixture-tdar/c1/artifacts/methane-z-b48.npz,/nvme/Sync/ThermoGPU/benchmarks/results-distinct-mixture-hardware-sweep/c1-b48/c1-b48-cpsat.cpwa
1,48,10000,0.0007703086845547998,0.0020563112070939808,0.002773954971125203,48,80,0.01994198001921177,1.74720008,572344296.1380817,527,80,380,67,527,120,125,0,0,0,0.0,/nvme/Sync/ThermoGPU/benchmarks/results-distinct-mixture-tdar/c1/artifacts/methane-z-b48.npz,/nvme/Sync/ThermoGPU/benchmarks/results-distinct-mixture-hardware-sweep/c1-b48/c1-b48-cpsat.cpwa
1,48,100000,0.0007703086845547998,0.0020563112070939808,0.002773954971125203,48,80,0.01994198001921177,1.30175993,768190798.4370052,527,80,380,67,527,120,125,0,0,0,0.0,/nvme/Sync/ThermoGPU/benchmarks/results-distinct-mixture-tdar/c1/artifacts/methane-z-b48.npz,/nvme/Sync/ThermoGPU/benchmarks/results-distinct-mixture-hardware-sweep/c1-b48/c1-b48-cpsat.cpwa
1,48,1000000,0.0007703086845547998,0.0020563112070939808,0.002773954971125203,48,80,0.01994198001921177,1.23913598,807013932.401511,527,80,380,67,527,120,125,0,0,0,0.0,/nvme/Sync/ThermoGPU/benchmarks/results-distinct-mixture-tdar/c1/artifacts/methane-z-b48.npz,/nvme/Sync/ThermoGPU/benchmarks/results-distinct-mixture-hardware-sweep/c1-b48/c1-b48-cpsat.cpwa
1,64,1,0.000539661254588657,0.001540795951388282,0.002152390914877955,64,108,0.02886393095832318,9631.99977,103820.60048574938,794,108,591,95,794,164,167,0,0,0,0.0,/nvme/Sync/ThermoGPU/benchmarks/results-distinct-mixture-tdar/c1/artifacts/methane-z-b64.npz,/nvme/Sync/ThermoGPU/benchmarks/results-distinct-mixture-hardware-sweep/c1-b64/c1-b64-cpsat.cpwa
1,64,10,0.000539661254588657,0.001540795951388282,0.002152390914877955,64,108,0.02886393095832318,953.599997,1048657.7214198543,794,108,591,95,794,164,167,0,0,0,0.0,/nvme/Sync/ThermoGPU/benchmarks/results-distinct-mixture-tdar/c1/artifacts/methane-z-b64.npz,/nvme/Sync/ThermoGPU/benchmarks/results-distinct-mixture-hardware-sweep/c1-b64/c1-b64-cpsat.cpwa
1,64,100,0.000539661254588657,0.001540795951388282,0.002152390914877955,64,108,0.02886393095832318,89.28,11200716.845878135,794,108,591,95,794,164,167,0,0,0,0.0,/nvme/Sync/ThermoGPU/benchmarks/results-distinct-mixture-tdar/c1/artifacts/methane-z-b64.npz,/nvme/Sync/ThermoGPU/benchmarks/results-distinct-mixture-hardware-sweep/c1-b64/c1-b64-cpsat.cpwa
1,64,1000,0.000539661254588657,0.001540795951388282,0.002152390914877955,64,108,0.02886393095832318,8.96000024,111607139.8676659,794,108,591,95,794,164,167,0,0,0,0.0,/nvme/Sync/ThermoGPU/benchmarks/results-distinct-mixture-tdar/c1/artifacts/methane-z-b64.npz,/nvme/Sync/ThermoGPU/benchmarks/results-distinct-mixture-hardware-sweep/c1-b64/c1-b64-cpsat.cpwa
1,64,10000,0.000539661254588657,0.001540795951388282,0.002152390914877955,64,108,0.02886393095832318,2.7392,365070093.4579439,794,108,591,95,794,164,167,0,0,0,0.0,/nvme/Sync/ThermoGPU/benchmarks/results-distinct-mixture-tdar/c1/artifacts/methane-z-b64.npz,/nvme/Sync/ThermoGPU/benchmarks/results-distinct-mixture-hardware-sweep/c1-b64/c1-b64-cpsat.cpwa
1,64,100000,0.000539661254588657,0.001540795951388282,0.002152390914877955,64,108,0.02886393095832318,2.11648002,472482608.1750585,794,108,591,95,794,164,167,0,0,0,0.0,/nvme/Sync/ThermoGPU/benchmarks/results-distinct-mixture-tdar/c1/artifacts/methane-z-b64.npz,/nvme/Sync/ThermoGPU/benchmarks/results-distinct-mixture-hardware-sweep/c1-b64/c1-b64-cpsat.cpwa
1,64,1000000,0.000539661254588657,0.001540795951388282,0.002152390914877955,64,108,0.02886393095832318,2.14374399,466473610.96508545,794,108,591,95,794,164,167,0,0,0,0.0,/nvme/Sync/ThermoGPU/benchmarks/results-distinct-mixture-tdar/c1/artifacts/methane-z-b64.npz,/nvme/Sync/ThermoGPU/benchmarks/results-distinct-mixture-hardware-sweep/c1-b64/c1-b64-cpsat.cpwa
1,96,1,0.00034104209185099004,0.0009612977226246969,0.001474863704864382,96,164,0.05053527804557234,12927.9997,77351.48694349057,1345,164,1014,167,1345,297,255,8,8,8,0.0,/nvme/Sync/ThermoGPU/benchmarks/results-distinct-mixture-tdar/c1/artifacts/methane-z-b96.npz,/nvme/Sync/ThermoGPU/benchmarks/results-distinct-mixture-hardware-sweep/c1-b96/c1-b96-cpsat.cpwa
1,96,10,0.00034104209185099004,0.0009612977226246969,0.001474863704864382,96,164,0.05053527804557234,1292.79997,773514.8694349057,1345,164,1014,167,1345,297,255,8,8,8,0.0,/nvme/Sync/ThermoGPU/benchmarks/results-distinct-mixture-tdar/c1/artifacts/methane-z-b96.npz,/nvme/Sync/ThermoGPU/benchmarks/results-distinct-mixture-hardware-sweep/c1-b96/c1-b96-cpsat.cpwa
1,96,100,0.00034104209185099004,0.0009612977226246969,0.001474863704864382,96,164,0.05053527804557234,118.079996,8468834.975231538,1345,164,1014,167,1345,297,255,8,8,8,0.0,/nvme/Sync/ThermoGPU/benchmarks/results-distinct-mixture-tdar/c1/artifacts/methane-z-b96.npz,/nvme/Sync/ThermoGPU/benchmarks/results-distinct-mixture-hardware-sweep/c1-b96/c1-b96-cpsat.cpwa
1,96,1000,0.00034104209185099004,0.0009612977226246969,0.001474863704864382,96,164,0.05053527804557234,11.7119998,85382515.11923695,1345,164,1014,167,1345,297,255,8,8,8,0.0,/nvme/Sync/ThermoGPU/benchmarks/results-distinct-mixture-tdar/c1/artifacts/methane-z-b96.npz,/nvme/Sync/ThermoGPU/benchmarks/results-distinct-mixture-hardware-sweep/c1-b96/c1-b96-cpsat.cpwa
1,96,10000,0.00034104209185099004,0.0009612977226246969,0.001474863704864382,96,164,0.05053527804557234,4.0736001,245483104.73578393,1345,164,1014,167,1345,297,255,8,8,8,0.0,/nvme/Sync/ThermoGPU/benchmarks/results-distinct-mixture-tdar/c1/artifacts/methane-z-b96.npz,/nvme/Sync/ThermoGPU/benchmarks/results-distinct-mixture-hardware-sweep/c1-b96/c1-b96-cpsat.cpwa
1,96,100000,0.00034104209185099004,0.0009612977226246969,0.001474863704864382,96,164,0.05053527804557234,3.29984009,303044987.85576,1345,164,1014,167,1345,297,255,8,8,8,0.0,/nvme/Sync/ThermoGPU/benchmarks/results-distinct-mixture-tdar/c1/artifacts/methane-z-b96.npz,/nvme/Sync/ThermoGPU/benchmarks/results-distinct-mixture-hardware-sweep/c1-b96/c1-b96-cpsat.cpwa
1,96,1000000,0.00034104209185099004,0.0009612977226246969,0.001474863704864382,96,164,0.05053527804557234,3.31689596,301486694.807274,1345,164,1014,167,1345,297,255,8,8,8,0.0,/nvme/Sync/ThermoGPU/benchmarks/results-distinct-mixture-tdar/c1/artifacts/methane-z-b96.npz,/nvme/Sync/ThermoGPU/benchmarks/results-distinct-mixture-hardware-sweep/c1-b96/c1-b96-cpsat.cpwa
1,128,1,0.0002582874077028154,0.0007570681322109597,0.0010272705488628686,128,221,0.08207124995533377,24032.0005,41611.184220805924,2031,221,1566,244,2031,444,255,676,676,680,0.0,/nvme/Sync/ThermoGPU/benchmarks/results-distinct-mixture-tdar/c1/artifacts/methane-z-b128.npz,/nvme/Sync/ThermoGPU/benchmarks/results-distinct-mixture-hardware-sweep/c1-b128/c1-b128-cpsat.cpwa
1,128,10,0.0002582874077028154,0.0007570681322109597,0.0010272705488628686,128,221,0.08207124995533377,2448.00001,408496.730357448,2031,221,1566,244,2031,444,255,676,676,680,0.0,/nvme/Sync/ThermoGPU/benchmarks/results-distinct-mixture-tdar/c1/artifacts/methane-z-b128.npz,/nvme/Sync/ThermoGPU/benchmarks/results-distinct-mixture-hardware-sweep/c1-b128/c1-b128-cpsat.cpwa
1,128,100,0.0002582874077028154,0.0007570681322109597,0.0010272705488628686,128,221,0.08207124995533377,223.040003,4483500.657054779,2031,221,1566,244,2031,444,255,676,676,680,0.0,/nvme/Sync/ThermoGPU/benchmarks/results-distinct-mixture-tdar/c1/artifacts/methane-z-b128.npz,/nvme/Sync/ThermoGPU/benchmarks/results-distinct-mixture-hardware-sweep/c1-b128/c1-b128-cpsat.cpwa
1,128,1000,0.0002582874077028154,0.0007570681322109597,0.0010272705488628686,128,221,0.08207124995533377,22.752,43952180.0281294,2031,221,1566,244,2031,444,255,676,676,680,0.0,/nvme/Sync/ThermoGPU/benchmarks/results-distinct-mixture-tdar/c1/artifacts/methane-z-b128.npz,/nvme/Sync/ThermoGPU/benchmarks/results-distinct-mixture-hardware-sweep/c1-b128/c1-b128-cpsat.cpwa
1,128,10000,0.0002582874077028154,0.0007570681322109597,0.0010272705488628686,128,221,0.08207124995533377,9.98400003,100160256.1092941,2031,221,1566,244,2031,444,255,676,676,680,0.0,/nvme/Sync/ThermoGPU/benchmarks/results-distinct-mixture-tdar/c1/artifacts/methane-z-b128.npz,/nvme/Sync/ThermoGPU/benchmarks/results-distinct-mixture-hardware-sweep/c1-b128/c1-b128-cpsat.cpwa
1,128,100000,0.0002582874077028154,0.0007570681322109597,0.0010272705488628686,128,221,0.08207124995533377,9.3513602,106936314.9972557,2031,221,1566,244,2031,444,255,676,676,680,0.0,/nvme/Sync/ThermoGPU/benchmarks/results-distinct-mixture-tdar/c1/artifacts/methane-z-b128.npz,/nvme/Sync/ThermoGPU/benchmarks/results-distinct-mixture-hardware-sweep/c1-b128/c1-b128-cpsat.cpwa
1,128,1000000,0.0002582874077028154,0.0007570681322109597,0.0010272705488628686,128,221,0.08207124995533377,9.25743961,108021228.56084177,2031,221,1566,244,2031,444,255,676,676,680,0.0,/nvme/Sync/ThermoGPU/benchmarks/results-distinct-mixture-tdar/c1/artifacts/methane-z-b128.npz,/nvme/Sync/ThermoGPU/benchmarks/results-distinct-mixture-hardware-sweep/c1-b128/c1-b128-cpsat.cpwa
2,16,1,0.0064544384954823295,0.03154561472283422,0.055608752448372156,16,26,0.005535340984351933,4672.00018,214041.08764396494,77,26,39,12,77,19,22,0,0,0,0.0,/nvme/Sync/ThermoGPU/benchmarks/results-distinct-mixture-tdar/c2/artifacts/methane-z-b16.npz,/nvme/Sync/ThermoGPU/benchmarks/results-distinct-mixture-hardware-sweep/c2-b16/c2-b16-cpsat.cpwa
2,16,10,0.0064544384954823295,0.03154561472283422,0.055608752448372156,16,26,0.005535340984351933,448.000012,2232142.797353318,77,26,39,12,77,19,22,0,0,0,0.0,/nvme/Sync/ThermoGPU/benchmarks/results-distinct-mixture-tdar/c2/artifacts/methane-z-b16.npz,/nvme/Sync/ThermoGPU/benchmarks/results-distinct-mixture-hardware-sweep/c2-b16/c2-b16-cpsat.cpwa
2,16,100,0.0064544384954823295,0.03154561472283422,0.055608752448372156,16,26,0.005535340984351933,47.0399996,21258503.58213013,77,26,39,12,77,19,22,0,0,0,0.0,/nvme/Sync/ThermoGPU/benchmarks/results-distinct-mixture-tdar/c2/artifacts/methane-z-b16.npz,/nvme/Sync/ThermoGPU/benchmarks/results-distinct-mixture-hardware-sweep/c2-b16/c2-b16-cpsat.cpwa
2,16,1000,0.0064544384954823295,0.03154561472283422,0.055608752448372156,16,26,0.005535340984351933,4.80000023,208333323.35069492,77,26,39,12,77,19,22,0,0,0,0.0,/nvme/Sync/ThermoGPU/benchmarks/results-distinct-mixture-tdar/c2/artifacts/methane-z-b16.npz,/nvme/Sync/ThermoGPU/benchmarks/results-distinct-mixture-hardware-sweep/c2-b16/c2-b16-cpsat.cpwa
2,16,10000,0.0064544384954823295,0.03154561472283422,0.055608752448372156,16,26,0.005535340984351933,0.611199997,1636125662.4809833,77,26,39,12,77,19,22,0,0,0,0.0,/nvme/Sync/ThermoGPU/benchmarks/results-distinct-mixture-tdar/c2/artifacts/methane-z-b16.npz,/nvme/Sync/ThermoGPU/benchmarks/results-distinct-mixture-hardware-sweep/c2-b16/c2-b16-cpsat.cpwa
2,16,100000,0.0064544384954823295,0.03154561472283422,0.055608752448372156,16,26,0.005535340984351933,0.208000001,4807692284.5784025,77,26,39,12,77,19,22,0,0,0,0.0,/nvme/Sync/ThermoGPU/benchmarks/results-distinct-mixture-tdar/c2/artifacts/methane-z-b16.npz,/nvme/Sync/ThermoGPU/benchmarks/results-distinct-mixture-hardware-sweep/c2-b16/c2-b16-cpsat.cpwa
2,16,1000000,0.0064544384954823295,0.03154561472283422,0.055608752448372156,16,26,0.005535340984351933,0.173184007,5774205235.937288,77,26,39,12,77,19,22,0,0,0,0.0,/nvme/Sync/ThermoGPU/benchmarks/results-distinct-mixture-tdar/c2/artifacts/methane-z-b16.npz,/nvme/Sync/ThermoGPU/benchmarks/results-distinct-mixture-hardware-sweep/c2-b16/c2-b16-cpsat.cpwa
2,24,1,0.0026733982984239774,0.00831947416001643,0.02164582196696907,24,40,0.013864201959222555,5247.99991,190548.7837556003,133,40,76,17,133,33,31,0,0,0,0.0,/nvme/Sync/ThermoGPU/benchmarks/results-distinct-mixture-tdar/c2/artifacts/methane-z-b24.npz,/nvme/Sync/ThermoGPU/benchmarks/results-distinct-mixture-hardware-sweep/c2-b24/c2-b24-cpsat.cpwa
2,24,10,0.0026733982984239774,0.00831947416001643,0.02164582196696907,24,40,0.013864201959222555,528.000016,1893939.336547293,133,40,76,17,133,33,31,0,0,0,0.0,/nvme/Sync/ThermoGPU/benchmarks/results-distinct-mixture-tdar/c2/artifacts/methane-z-b24.npz,/nvme/Sync/ThermoGPU/benchmarks/results-distinct-mixture-hardware-sweep/c2-b24/c2-b24-cpsat.cpwa
2,24,100,0.0026733982984239774,0.00831947416001643,0.02164582196696907,24,40,0.013864201959222555,50.8800009,19654087.702659614,133,40,76,17,133,33,31,0,0,0,0.0,/nvme/Sync/ThermoGPU/benchmarks/results-distinct-mixture-tdar/c2/artifacts/methane-z-b24.npz,/nvme/Sync/ThermoGPU/benchmarks/results-distinct-mixture-hardware-sweep/c2-b24/c2-b24-cpsat.cpwa
2,24,1000,0.0026733982984239774,0.00831947416001643,0.02164582196696907,24,40,0.013864201959222555,5.34400018,187125742.200106,133,40,76,17,133,33,31,0,0,0,0.0,/nvme/Sync/ThermoGPU/benchmarks/results-distinct-mixture-tdar/c2/artifacts/methane-z-b24.npz,/nvme/Sync/ThermoGPU/benchmarks/results-distinct-mixture-hardware-sweep/c2-b24/c2-b24-cpsat.cpwa
2,24,10000,0.0026733982984239774,0.00831947416001643,0.02164582196696907,24,40,0.013864201959222555,0.787200034,1270325148.3853467,133,40,76,17,133,33,31,0,0,0,0.0,/nvme/Sync/ThermoGPU/benchmarks/results-distinct-mixture-tdar/c2/artifacts/methane-z-b24.npz,/nvme/Sync/ThermoGPU/benchmarks/results-distinct-mixture-hardware-sweep/c2-b24/c2-b24-cpsat.cpwa
2,24,100000,0.0026733982984239774,0.00831947416001643,0.02164582196696907,24,40,0.013864201959222555,0.35360001,2828054218.663625,133,40,76,17,133,33,31,0,0,0,0.0,/nvme/Sync/ThermoGPU/benchmarks/results-distinct-mixture-tdar/c2/artifacts/methane-z-b24.npz,/nvme/Sync/ThermoGPU/benchmarks/results-distinct-mixture-hardware-sweep/c2-b24/c2-b24-cpsat.cpwa
2,24,1000000,0.0026733982984239774,0.00831947416001643,0.02164582196696907,24,40,0.013864201959222555,0.309087992,3235324651.4992404,133,40,76,17,133,33,31,0,0,0,0.0,/nvme/Sync/ThermoGPU/benchmarks/results-distinct-mixture-tdar/c2/artifacts/methane-z-b24.npz,/nvme/Sync/ThermoGPU/benchmarks/results-distinct-mixture-hardware-sweep/c2-b24/c2-b24-cpsat.cpwa
2,32,1,0.002115247256413587,0.006653867225672598,0.009364929798562738,32,53,0.01959079096559435,5663.99982,176553.67792720022,228,53,144,31,228,48,48,0,0,0,0.0,/nvme/Sync/ThermoGPU/benchmarks/results-distinct-mixture-tdar/c2/artifacts/methane-z-b32.npz,/nvme/Sync/ThermoGPU/benchmarks/results-distinct-mixture-hardware-sweep/c2-b32/c2-b32-cpsat.cpwa
2,32,10,0.002115247256413587,0.006653867225672598,0.009364929798562738,32,53,0.01959079096559435,540.80002,1849112.35765117,228,53,144,31,228,48,48,0,0,0,0.0,/nvme/Sync/ThermoGPU/benchmarks/results-distinct-mixture-tdar/c2/artifacts/methane-z-b32.npz,/nvme/Sync/ThermoGPU/benchmarks/results-distinct-mixture-hardware-sweep/c2-b32/c2-b32-cpsat.cpwa
2,32,100,0.002115247256413587,0.006653867225672598,0.009364929798562738,32,53,0.01959079096559435,55.999998,17857143.494897984,228,53,144,31,228,48,48,0,0,0,0.0,/nvme/Sync/ThermoGPU/benchmarks/results-distinct-mixture-tdar/c2/artifacts/methane-z-b32.npz,/nvme/Sync/ThermoGPU/benchmarks/results-distinct-mixture-hardware-sweep/c2-b32/c2-b32-cpsat.cpwa
2,32,1000,0.002115247256413587,0.006653867225672598,0.009364929798562738,32,53,0.01959079096559435,5.91999991,168918921.48694307,228,53,144,31,228,48,48,0,0,0,0.0,/nvme/Sync/ThermoGPU/benchmarks/results-distinct-mixture-tdar/c2/artifacts/methane-z-b32.npz,/nvme/Sync/ThermoGPU/benchmarks/results-distinct-mixture-hardware-sweep/c2-b32/c2-b32-cpsat.cpwa
2,32,10000,0.002115247256413587,0.006653867225672598,0.009364929798562738,32,53,0.01959079096559435,1.0272,973520249.2211839,228,53,144,31,228,48,48,0,0,0,0.0,/nvme/Sync/ThermoGPU/benchmarks/results-distinct-mixture-tdar/c2/artifacts/methane-z-b32.npz,/nvme/Sync/ThermoGPU/benchmarks/results-distinct-mixture-hardware-sweep/c2-b32/c2-b32-cpsat.cpwa
2,32,100000,0.002115247256413587,0.006653867225672598,0.009364929798562738,32,53,0.01959079096559435,0.563200004,1775568169.2076123,228,53,144,31,228,48,48,0,0,0,0.0,/nvme/Sync/ThermoGPU/benchmarks/results-distinct-mixture-tdar/c2/artifacts/methane-z-b32.npz,/nvme/Sync/ThermoGPU/benchmarks/results-distinct-mixture-hardware-sweep/c2-b32/c2-b32-cpsat.cpwa
2,32,1000000,0.002115247256413587,0.006653867225672598,0.009364929798562738,32,53,0.01959079096559435,0.517343998,1932949843.5584443,228,53,144,31,228,48,48,0,0,0,0.0,/nvme/Sync/ThermoGPU/benchmarks/results-distinct-mixture-tdar/c2/artifacts/methane-z-b32.npz,/nvme/Sync/ThermoGPU/benchmarks/results-distinct-mixture-hardware-sweep/c2-b32/c2-b32-cpsat.cpwa
2,48,1,0.001005929224902897,0.002794632838111624,0.004354302246139419,48,82,0.0242181260837242,6432.00008,155472.63488218116,489,82,344,63,489,103,95,0,0,0,0.0,/nvme/Sync/ThermoGPU/benchmarks/results-distinct-mixture-tdar/c2/artifacts/methane-z-b48.npz,/nvme/Sync/ThermoGPU/benchmarks/results-distinct-mixture-hardware-sweep/c2-b48/c2-b48-cpsat.cpwa
2,48,10,0.001005929224902897,0.002794632838111624,0.004354302246139419,48,82,0.0242181260837242,636.800006,1570351.743997942,489,82,344,63,489,103,95,0,0,0,0.0,/nvme/Sync/ThermoGPU/benchmarks/results-distinct-mixture-tdar/c2/artifacts/methane-z-b48.npz,/nvme/Sync/ThermoGPU/benchmarks/results-distinct-mixture-hardware-sweep/c2-b48/c2-b48-cpsat.cpwa
2,48,100,0.001005929224902897,0.002794632838111624,0.004354302246139419,48,82,0.0242181260837242,65.2799988,15318627.732572813,489,82,344,63,489,103,95,0,0,0,0.0,/nvme/Sync/ThermoGPU/benchmarks/results-distinct-mixture-tdar/c2/artifacts/methane-z-b48.npz,/nvme/Sync/ThermoGPU/benchmarks/results-distinct-mixture-hardware-sweep/c2-b48/c2-b48-cpsat.cpwa
2,48,1000,0.001005929224902897,0.002794632838111624,0.004354302246139419,48,82,0.0242181260837242,7.42400018,134698272.59621644,489,82,344,63,489,103,95,0,0,0,0.0,/nvme/Sync/ThermoGPU/benchmarks/results-distinct-mixture-tdar/c2/artifacts/methane-z-b48.npz,/nvme/Sync/ThermoGPU/benchmarks/results-distinct-mixture-hardware-sweep/c2-b48/c2-b48-cpsat.cpwa
2,48,10000,0.001005929224902897,0.002794632838111624,0.004354302246139419,48,82,0.0242181260837242,1.664,600961538.4615384,489,82,344,63,489,103,95,0,0,0,0.0,/nvme/Sync/ThermoGPU/benchmarks/results-distinct-mixture-tdar/c2/artifacts/methane-z-b48.npz,/nvme/Sync/ThermoGPU/benchmarks/results-distinct-mixture-hardware-sweep/c2-b48/c2-b48-cpsat.cpwa
2,48,100000,0.001005929224902897,0.002794632838111624,0.004354302246139419,48,82,0.0242181260837242,1.22111998,818920348.8423798,489,82,344,63,489,103,95,0,0,0,0.0,/nvme/Sync/ThermoGPU/benchmarks/results-distinct-mixture-tdar/c2/artifacts/methane-z-b48.npz,/nvme/Sync/ThermoGPU/benchmarks/results-distinct-mixture-hardware-sweep/c2-b48/c2-b48-cpsat.cpwa
2,48,1000000,0.001005929224902897,0.002794632838111624,0.004354302246139419,48,82,0.0242181260837242,1.17174399,853428742.5702947,489,82,344,63,489,103,95,0,0,0,0.0,/nvme/Sync/ThermoGPU/benchmarks/results-distinct-mixture-tdar/c2/artifacts/methane-z-b48.npz,/nvme/Sync/ThermoGPU/benchmarks/results-distinct-mixture-hardware-sweep/c2-b48/c2-b48-cpsat.cpwa
2,64,1,0.0007187326587790541,0.001847299899487981,0.0027077352973755575,64,110,0.03748757194261998,10143.9999,98580.4426121889,881,110,658,113,881,190,202,0,0,0,0.0,/nvme/Sync/ThermoGPU/benchmarks/results-distinct-mixture-tdar/c2/artifacts/methane-z-b64.npz,/nvme/Sync/ThermoGPU/benchmarks/results-distinct-mixture-hardware-sweep/c2-b64/c2-b64-cpsat.cpwa
2,64,10,0.0007187326587790541,0.001847299899487981,0.0027077352973755575,64,110,0.03748757194261998,1017.60002,982704.3832015648,881,110,658,113,881,190,202,0,0,0,0.0,/nvme/Sync/ThermoGPU/benchmarks/results-distinct-mixture-tdar/c2/artifacts/methane-z-b64.npz,/nvme/Sync/ThermoGPU/benchmarks/results-distinct-mixture-hardware-sweep/c2-b64/c2-b64-cpsat.cpwa
2,64,100,0.0007187326587790541,0.001847299899487981,0.0027077352973755575,64,110,0.03748757194261998,95.3599997,10486577.214198545,881,110,658,113,881,190,202,0,0,0,0.0,/nvme/Sync/ThermoGPU/benchmarks/results-distinct-mixture-tdar/c2/artifacts/methane-z-b64.npz,/nvme/Sync/ThermoGPU/benchmarks/results-distinct-mixture-hardware-sweep/c2-b64/c2-b64-cpsat.cpwa
2,64,1000,0.0007187326587790541,0.001847299899487981,0.0027077352973755575,64,110,0.03748757194261998,9.44000017,105932201.48215316,881,110,658,113,881,190,202,0,0,0,0.0,/nvme/Sync/ThermoGPU/benchmarks/results-distinct-mixture-tdar/c2/artifacts/methane-z-b64.npz,/nvme/Sync/ThermoGPU/benchmarks/results-distinct-mixture-hardware-sweep/c2-b64/c2-b64-cpsat.cpwa
2,64,10000,0.0007187326587790541,0.001847299899487981,0.0027077352973755575,64,110,0.03748757194261998,2.97599994,336021512.15097135,881,110,658,113,881,190,202,0,0,0,0.0,/nvme/Sync/ThermoGPU/benchmarks/results-distinct-mixture-tdar/c2/artifacts/methane-z-b64.npz,/nvme/Sync/ThermoGPU/benchmarks/results-distinct-mixture-hardware-sweep/c2-b64/c2-b64-cpsat.cpwa
2,64,100000,0.0007187326587790541,0.001847299899487981,0.0027077352973755575,64,110,0.03748757194261998,2.35839993,424016294.81052434,881,110,658,113,881,190,202,0,0,0,0.0,/nvme/Sync/ThermoGPU/benchmarks/results-distinct-mixture-tdar/c2/artifacts/methane-z-b64.npz,/nvme/Sync/ThermoGPU/benchmarks/results-distinct-mixture-hardware-sweep/c2-b64/c2-b64-cpsat.cpwa
2,64,1000000,0.0007187326587790541,0.001847299899487981,0.0027077352973755575,64,110,0.03748757194261998,2.38425589,419418068.4188223,881,110,658,113,881,190,202,0,0,0,0.0,/nvme/Sync/ThermoGPU/benchmarks/results-distinct-mixture-tdar/c2/artifacts/methane-z-b64.npz,/nvme/Sync/ThermoGPU/benchmarks/results-distinct-mixture-hardware-sweep/c2-b64/c2-b64-cpsat.cpwa
2,96,1,0.00046562592472402674,0.0014374456737755777,0.0021070759680840156,96,166,0.0556291890097782,12319.9997,81168.83314534496,1287,166,976,145,1287,269,255,0,0,0,0.0,/nvme/Sync/ThermoGPU/benchmarks/results-distinct-mixture-tdar/c2/artifacts/methane-z-b96.npz,/nvme/Sync/ThermoGPU/benchmarks/results-distinct-mixture-hardware-sweep/c2-b96/c2-b96-cpsat.cpwa
2,96,10,0.00046562592472402674,0.0014374456737755777,0.0021070759680840156,96,166,0.0556291890097782,1231.99997,811688.3314534496,1287,166,976,145,1287,269,255,0,0,0,0.0,/nvme/Sync/ThermoGPU/benchmarks/results-distinct-mixture-tdar/c2/artifacts/methane-z-b96.npz,/nvme/Sync/ThermoGPU/benchmarks/results-distinct-mixture-hardware-sweep/c2-b96/c2-b96-cpsat.cpwa
2,96,100,0.00046562592472402674,0.0014374456737755777,0.0021070759680840156,96,166,0.0556291890097782,112.960003,8852690.983019892,1287,166,976,145,1287,269,255,0,0,0,0.0,/nvme/Sync/ThermoGPU/benchmarks/results-distinct-mixture-tdar/c2/artifacts/methane-z-b96.npz,/nvme/Sync/ThermoGPU/benchmarks/results-distinct-mixture-hardware-sweep/c2-b96/c2-b96-cpsat.cpwa
2,96,1000,0.00046562592472402674,0.0014374456737755777,0.0021070759680840156,96,166,0.0556291890097782,11.2319998,89031340.61665492,1287,166,976,145,1287,269,255,0,0,0,0.0,/nvme/Sync/ThermoGPU/benchmarks/results-distinct-mixture-tdar/c2/artifacts/methane-z-b96.npz,/nvme/Sync/ThermoGPU/benchmarks/results-distinct-mixture-hardware-sweep/c2-b96/c2-b96-cpsat.cpwa
2,96,10000,0.00046562592472402674,0.0014374456737755777,0.0021070759680840156,96,166,0.0556291890097782,3.8656,258692052.98013243,1287,166,976,145,1287,269,255,0,0,0,0.0,/nvme/Sync/ThermoGPU/benchmarks/results-distinct-mixture-tdar/c2/artifacts/methane-z-b96.npz,/nvme/Sync/ThermoGPU/benchmarks/results-distinct-mixture-hardware-sweep/c2-b96/c2-b96-cpsat.cpwa
2,96,100000,0.00046562592472402674,0.0014374456737755777,0.0021070759680840156,96,166,0.0556291890097782,3.11423987,321105644.3124916,1287,166,976,145,1287,269,255,0,0,0,0.0,/nvme/Sync/ThermoGPU/benchmarks/results-distinct-mixture-tdar/c2/artifacts/methane-z-b96.npz,/nvme/Sync/ThermoGPU/benchmarks/results-distinct-mixture-hardware-sweep/c2-b96/c2-b96-cpsat.cpwa
2,96,1000000,0.00046562592472402674,0.0014374456737755777,0.0021070759680840156,96,166,0.0556291890097782,3.1288321,319608073.56840914,1287,166,976,145,1287,269,255,0,0,0,0.0,/nvme/Sync/ThermoGPU/benchmarks/results-distinct-mixture-tdar/c2/artifacts/methane-z-b96.npz,/nvme/Sync/ThermoGPU/benchmarks/results-distinct-mixture-hardware-sweep/c2-b96/c2-b96-cpsat.cpwa
2,128,1,0.0003133773291002309,0.0009112645405843172,0.001249187176580624,128,225,0.07300762599334121,25536.0007,39160.39992903039,1999,225,1558,216,1999,382,255,564,564,568,0.0,/nvme/Sync/ThermoGPU/benchmarks/results-distinct-mixture-tdar/c2/artifacts/methane-z-b128.npz,/nvme/Sync/ThermoGPU/benchmarks/results-distinct-mixture-hardware-sweep/c2-b128/c2-b128-cpsat.cpwa
2,128,10,0.0003133773291002309,0.0009112645405843172,0.001249187176580624,128,225,0.07300762599334121,2550.40005,392095.34990402777,1999,225,1558,216,1999,382,255,564,564,568,0.0,/nvme/Sync/ThermoGPU/benchmarks/results-distinct-mixture-tdar/c2/artifacts/methane-z-b128.npz,/nvme/Sync/ThermoGPU/benchmarks/results-distinct-mixture-hardware-sweep/c2-b128/c2-b128-cpsat.cpwa
2,128,100,0.0003133773291002309,0.0009112645405843172,0.001249187176580624,128,225,0.07300762599334121,236.159991,4234417.50554606,1999,225,1558,216,1999,382,255,564,564,568,0.0,/nvme/Sync/ThermoGPU/benchmarks/results-distinct-mixture-tdar/c2/artifacts/methane-z-b128.npz,/nvme/Sync/ThermoGPU/benchmarks/results-distinct-mixture-hardware-sweep/c2-b128/c2-b128-cpsat.cpwa
2,128,1000,0.0003133773291002309,0.0009112645405843172,0.001249187176580624,128,225,0.07300762599334121,23.3600009,42808217.52879299,1999,225,1558,216,1999,382,255,564,564,568,0.0,/nvme/Sync/ThermoGPU/benchmarks/results-distinct-mixture-tdar/c2/artifacts/methane-z-b128.npz,/nvme/Sync/ThermoGPU/benchmarks/results-distinct-mixture-hardware-sweep/c2-b128/c2-b128-cpsat.cpwa
2,128,10000,0.0003133773291002309,0.0009112645405843172,0.001249187176580624,128,225,0.07300762599334121,9.67999995,103305785.65757121,1999,225,1558,216,1999,382,255,564,564,568,0.0,/nvme/Sync/ThermoGPU/benchmarks/results-distinct-mixture-tdar/c2/artifacts/methane-z-b128.npz,/nvme/Sync/ThermoGPU/benchmarks/results-distinct-mixture-hardware-sweep/c2-b128/c2-b128-cpsat.cpwa
2,128,100000,0.0003133773291002309,0.0009112645405843172,0.001249187176580624,128,225,0.07300762599334121,8.92895997,111995126.34840494,1999,225,1558,216,1999,382,255,564,564,568,0.0,/nvme/Sync/ThermoGPU/benchmarks/results-distinct-mixture-tdar/c2/artifacts/methane-z-b128.npz,/nvme/Sync/ThermoGPU/benchmarks/results-distinct-mixture-hardware-sweep/c2-b128/c2-b128-cpsat.cpwa
2,128,1000000,0.0003133773291002309,0.0009112645405843172,0.001249187176580624,128,225,0.07300762599334121,7.9242239,126195323.68337043,1999,225,1558,216,1999,382,255,564,564,568,0.0,/nvme/Sync/ThermoGPU/benchmarks/results-distinct-mixture-tdar/c2/artifacts/methane-z-b128.npz,/nvme/Sync/ThermoGPU/benchmarks/results-distinct-mixture-hardware-sweep/c2-b128/c2-b128-cpsat.cpwa
3,16,1,0.007666704070839694,0.0370324574065091,0.06578338250529137,16,26,0.0049649529391899705,4383.99985,228102.1975856135,79,26,42,11,79,19,25,0,0,0,0.0,/nvme/Sync/ThermoGPU/benchmarks/results-distinct-mixture-tdar/c3/artifacts/methane-z-b16.npz,/nvme/Sync/ThermoGPU/benchmarks/results-distinct-mixture-hardware-sweep/c3-b16/c3-b16-cpsat.cpwa
3,16,10,0.007666704070839694,0.0370324574065091,0.06578338250529137,16,26,0.0049649529391899705,428.800005,2332089.525045598,79,26,42,11,79,19,25,0,0,0,0.0,/nvme/Sync/ThermoGPU/benchmarks/results-distinct-mixture-tdar/c3/artifacts/methane-z-b16.npz,/nvme/Sync/ThermoGPU/benchmarks/results-distinct-mixture-hardware-sweep/c3-b16/c3-b16-cpsat.cpwa
3,16,100,0.007666704070839694,0.0370324574065091,0.06578338250529137,16,26,0.0049649529391899705,45.119999,22163121.05857981,79,26,42,11,79,19,25,0,0,0,0.0,/nvme/Sync/ThermoGPU/benchmarks/results-distinct-mixture-tdar/c3/artifacts/methane-z-b16.npz,/nvme/Sync/ThermoGPU/benchmarks/results-distinct-mixture-hardware-sweep/c3-b16/c3-b16-cpsat.cpwa
3,16,1000,0.007666704070839694,0.0370324574065091,0.06578338250529137,16,26,0.0049649529391899705,4.57599992,218531472.3519488,79,26,42,11,79,19,25,0,0,0,0.0,/nvme/Sync/ThermoGPU/benchmarks/results-distinct-mixture-tdar/c3/artifacts/methane-z-b16.npz,/nvme/Sync/ThermoGPU/benchmarks/results-distinct-mixture-hardware-sweep/c3-b16/c3-b16-cpsat.cpwa
3,16,10000,0.007666704070839694,0.0370324574065091,0.06578338250529137,16,26,0.0049649529391899705,0.566399982,1765536779.2720022,79,26,42,11,79,19,25,0,0,0,0.0,/nvme/Sync/ThermoGPU/benchmarks/results-distinct-mixture-tdar/c3/artifacts/methane-z-b16.npz,/nvme/Sync/ThermoGPU/benchmarks/results-distinct-mixture-hardware-sweep/c3-b16/c3-b16-cpsat.cpwa
3,16,100000,0.007666704070839694,0.0370324574065091,0.06578338250529137,16,26,0.0049649529391899705,0.200960003,4976114575.3963785,79,26,42,11,79,19,25,0,0,0,0.0,/nvme/Sync/ThermoGPU/benchmarks/results-distinct-mixture-tdar/c3/artifacts/methane-z-b16.npz,/nvme/Sync/ThermoGPU/benchmarks/results-distinct-mixture-hardware-sweep/c3-b16/c3-b16-cpsat.cpwa
3,16,1000000,0.007666704070839694,0.0370324574065091,0.06578338250529137,16,26,0.0049649529391899705,0.167584002,5967156697.9287195,79,26,42,11,79,19,25,0,0,0,0.0,/nvme/Sync/ThermoGPU/benchmarks/results-distinct-mixture-tdar/c3/artifacts/methane-z-b16.npz,/nvme/Sync/ThermoGPU/benchmarks/results-distinct-mixture-hardware-sweep/c3-b16/c3-b16-cpsat.cpwa
3,24,1,0.002967495238361881,0.00862680894592261,0.024713578259689006,24,40,0.008271247032098472,4639.99994,215517.24416617127,164,40,101,23,164,37,38,0,0,0,0.0,/nvme/Sync/ThermoGPU/benchmarks/results-distinct-mixture-tdar/c3/artifacts/methane-z-b24.npz,/nvme/Sync/ThermoGPU/benchmarks/results-distinct-mixture-hardware-sweep/c3-b24/c3-b24-cpsat.cpwa
3,24,10,0.002967495238361881,0.00862680894592261,0.024713578259689006,24,40,0.008271247032098472,441.60001,2264492.702343915,164,40,101,23,164,37,38,0,0,0,0.0,/nvme/Sync/ThermoGPU/benchmarks/results-distinct-mixture-tdar/c3/artifacts/methane-z-b24.npz,/nvme/Sync/ThermoGPU/benchmarks/results-distinct-mixture-hardware-sweep/c3-b24/c3-b24-cpsat.cpwa
3,24,100,0.002967495238361881,0.00862680894592261,0.024713578259689006,24,40,0.008271247032098472,46.7200018,21404108.764396496,164,40,101,23,164,37,38,0,0,0,0.0,/nvme/Sync/ThermoGPU/benchmarks/results-distinct-mixture-tdar/c3/artifacts/methane-z-b24.npz,/nvme/Sync/ThermoGPU/benchmarks/results-distinct-mixture-hardware-sweep/c3-b24/c3-b24-cpsat.cpwa
3,24,1000,0.002967495238361881,0.00862680894592261,0.024713578259689006,24,40,0.008271247032098472,4.83200001,206953641.95580786,164,40,101,23,164,37,38,0,0,0,0.0,/nvme/Sync/ThermoGPU/benchmarks/results-distinct-mixture-tdar/c3/artifacts/methane-z-b24.npz,/nvme/Sync/ThermoGPU/benchmarks/results-distinct-mixture-hardware-sweep/c3-b24/c3-b24-cpsat.cpwa
3,24,10000,0.002967495238361881,0.00862680894592261,0.024713578259689006,24,40,0.008271247032098472,0.719999988,1388888912.0370374,164,40,101,23,164,37,38,0,0,0,0.0,/nvme/Sync/ThermoGPU/benchmarks/results-distinct-mixture-tdar/c3/artifacts/methane-z-b24.npz,/nvme/Sync/ThermoGPU/benchmarks/results-distinct-mixture-hardware-sweep/c3-b24/c3-b24-cpsat.cpwa
3,24,100000,0.002967495238361881,0.00862680894592261,0.024713578259689006,24,40,0.008271247032098472,0.339840017,2942561058.0757475,164,40,101,23,164,37,38,0,0,0,0.0,/nvme/Sync/ThermoGPU/benchmarks/results-distinct-mixture-tdar/c3/artifacts/methane-z-b24.npz,/nvme/Sync/ThermoGPU/benchmarks/results-distinct-mixture-hardware-sweep/c3-b24/c3-b24-cpsat.cpwa
3,24,1000000,0.002967495238361881,0.00862680894592261,0.024713578259689006,24,40,0.008271247032098472,0.301503986,3316705736.686347,164,40,101,23,164,37,38,0,0,0,0.0,/nvme/Sync/ThermoGPU/benchmarks/results-distinct-mixture-tdar/c3/artifacts/methane-z-b24.npz,/nvme/Sync/ThermoGPU/benchmarks/results-distinct-mixture-hardware-sweep/c3-b24/c3-b24-cpsat.cpwa
3,32,1,0.0021040622195891844,0.006271356861770966,0.009118294668629012,32,52,0.011215563979931176,4832.00001,206953.64195580786,265,52,174,39,265,57,62,0,0,0,0.0,/nvme/Sync/ThermoGPU/benchmarks/results-distinct-mixture-tdar/c3/artifacts/methane-z-b32.npz,/nvme/Sync/ThermoGPU/benchmarks/results-distinct-mixture-hardware-sweep/c3-b32/c3-b32-cpsat.cpwa
3,32,10,0.0021040622195891844,0.006271356861770966,0.009118294668629012,32,52,0.011215563979931176,486.399978,2055921.1456214334,265,52,174,39,265,57,62,0,0,0,0.0,/nvme/Sync/ThermoGPU/benchmarks/results-distinct-mixture-tdar/c3/artifacts/methane-z-b32.npz,/nvme/Sync/ThermoGPU/benchmarks/results-distinct-mixture-hardware-sweep/c3-b32/c3-b32-cpsat.cpwa
3,32,100,0.0021040622195891844,0.006271356861770966,0.009118294668629012,32,52,0.011215563979931176,48.9600003,20424836.476155005,265,52,174,39,265,57,62,0,0,0,0.0,/nvme/Sync/ThermoGPU/benchmarks/results-distinct-mixture-tdar/c3/artifacts/methane-z-b32.npz,/nvme/Sync/ThermoGPU/benchmarks/results-distinct-mixture-hardware-sweep/c3-b32/c3-b32-cpsat.cpwa
3,32,1000,0.0021040622195891844,0.006271356861770966,0.009118294668629012,32,52,0.011215563979931176,5.43999998,183823530.08758652,265,52,174,39,265,57,62,0,0,0,0.0,/nvme/Sync/ThermoGPU/benchmarks/results-distinct-mixture-tdar/c3/artifacts/methane-z-b32.npz,/nvme/Sync/ThermoGPU/benchmarks/results-distinct-mixture-hardware-sweep/c3-b32/c3-b32-cpsat.cpwa
3,32,10000,0.0021040622195891844,0.006271356861770966,0.009118294668629012,32,52,0.011215563979931176,1.01760002,982704383.2015649,265,52,174,39,265,57,62,0,0,0,0.0,/nvme/Sync/ThermoGPU/benchmarks/results-distinct-mixture-tdar/c3/artifacts/methane-z-b32.npz,/nvme/Sync/ThermoGPU/benchmarks/results-distinct-mixture-hardware-sweep/c3-b32/c3-b32-cpsat.cpwa
3,32,100000,0.0021040622195891844,0.006271356861770966,0.009118294668629012,32,52,0.011215563979931176,0.523840003,1908979830.2402651,265,52,174,39,265,57,62,0,0,0,0.0,/nvme/Sync/ThermoGPU/benchmarks/results-distinct-mixture-tdar/c3/artifacts/methane-z-b32.npz,/nvme/Sync/ThermoGPU/benchmarks/results-distinct-mixture-hardware-sweep/c3-b32/c3-b32-cpsat.cpwa
3,32,1000000,0.0021040622195891844,0.006271356861770966,0.009118294668629012,32,52,0.011215563979931176,0.486176014,2056868235.3794608,265,52,174,39,265,57,62,0,0,0,0.0,/nvme/Sync/ThermoGPU/benchmarks/results-distinct-mixture-tdar/c3/artifacts/methane-z-b32.npz,/nvme/Sync/ThermoGPU/benchmarks/results-distinct-mixture-hardware-sweep/c3-b32/c3-b32-cpsat.cpwa
3,48,1,0.0012150993217043922,0.003394472031917318,0.004658448052157871,48,81,0.01906110206618905,5599.9998,178571.43494897982,533,81,376,76,533,102,96,0,0,0,0.0,/nvme/Sync/ThermoGPU/benchmarks/results-distinct-mixture-tdar/c3/artifacts/methane-z-b48.npz,/nvme/Sync/ThermoGPU/benchmarks/results-distinct-mixture-hardware-sweep/c3-b48/c3-b48-cpsat.cpwa
3,48,10,0.0012150993217043922,0.003394472031917318,0.004658448052157871,48,81,0.01906110206618905,550.4,1816860.4651162792,533,81,376,76,533,102,96,0,0,0,0.0,/nvme/Sync/ThermoGPU/benchmarks/results-distinct-mixture-tdar/c3/artifacts/methane-z-b48.npz,/nvme/Sync/ThermoGPU/benchmarks/results-distinct-mixture-hardware-sweep/c3-b48/c3-b48-cpsat.cpwa
3,48,100,0.0012150993217043922,0.003394472031917318,0.004658448052157871,48,81,0.01906110206618905,55.6800002,17959770.05043186,533,81,376,76,533,102,96,0,0,0,0.0,/nvme/Sync/ThermoGPU/benchmarks/results-distinct-mixture-tdar/c3/artifacts/methane-z-b48.npz,/nvme/Sync/ThermoGPU/benchmarks/results-distinct-mixture-hardware-sweep/c3-b48/c3-b48-cpsat.cpwa
3,48,1000,0.0012150993217043922,0.003394472031917318,0.004658448052157871,48,81,0.01906110206618905,6.5919999,151699031.42747316,533,81,376,76,533,102,96,0,0,0,0.0,/nvme/Sync/ThermoGPU/benchmarks/results-distinct-mixture-tdar/c3/artifacts/methane-z-b48.npz,/nvme/Sync/ThermoGPU/benchmarks/results-distinct-mixture-hardware-sweep/c3-b48/c3-b48-cpsat.cpwa
3,48,10000,0.0012150993217043922,0.003394472031917318,0.004658448052157871,48,81,0.01906110206618905,1.43680004,695991071.9378877,533,81,376,76,533,102,96,0,0,0,0.0,/nvme/Sync/ThermoGPU/benchmarks/results-distinct-mixture-tdar/c3/artifacts/methane-z-b48.npz,/nvme/Sync/ThermoGPU/benchmarks/results-distinct-mixture-hardware-sweep/c3-b48/c3-b48-cpsat.cpwa
3,48,100000,0.0012150993217043922,0.003394472031917318,0.004658448052157871,48,81,0.01906110206618905,1.04479998,957120998.4134953,533,81,376,76,533,102,96,0,0,0,0.0,/nvme/Sync/ThermoGPU/benchmarks/results-distinct-mixture-tdar/c3/artifacts/methane-z-b48.npz,/nvme/Sync/ThermoGPU/benchmarks/results-distinct-mixture-hardware-sweep/c3-b48/c3-b48-cpsat.cpwa
3,48,1000000,0.0012150993217043922,0.003394472031917318,0.004658448052157871,48,81,0.01906110206618905,1.01087999,989237110.1341119,533,81,376,76,533,102,96,0,0,0,0.0,/nvme/Sync/ThermoGPU/benchmarks/results-distinct-mixture-tdar/c3/artifacts/methane-z-b48.npz,/nvme/Sync/ThermoGPU/benchmarks/results-distinct-mixture-hardware-sweep/c3-b48/c3-b48-cpsat.cpwa
3,64,1,0.0009020488444937802,0.0024526480627163057,0.0033413081456192817,64,109,0.027484566904604435,8448.00007,118371.21114039006,835,109,620,106,835,158,166,0,0,0,0.0,/nvme/Sync/ThermoGPU/benchmarks/results-distinct-mixture-tdar/c3/artifacts/methane-z-b64.npz,/nvme/Sync/ThermoGPU/benchmarks/results-distinct-mixture-hardware-sweep/c3-b64/c3-b64-cpsat.cpwa
3,64,10,0.0009020488444937802,0.0024526480627163057,0.0033413081456192817,64,109,0.027484566904604435,841.599982,1188212.953169954,835,109,620,106,835,158,166,0,0,0,0.0,/nvme/Sync/ThermoGPU/benchmarks/results-distinct-mixture-tdar/c3/artifacts/methane-z-b64.npz,/nvme/Sync/ThermoGPU/benchmarks/results-distinct-mixture-hardware-sweep/c3-b64/c3-b64-cpsat.cpwa
3,64,100,0.0009020488444937802,0.0024526480627163057,0.0033413081456192817,64,109,0.027484566904604435,77.7600007,12860082.188759547,835,109,620,106,835,158,166,0,0,0,0.0,/nvme/Sync/ThermoGPU/benchmarks/results-distinct-mixture-tdar/c3/artifacts/methane-z-b64.npz,/nvme/Sync/ThermoGPU/benchmarks/results-distinct-mixture-hardware-sweep/c3-b64/c3-b64-cpsat.cpwa
3,64,1000,0.0009020488444937802,0.0024526480627163057,0.0033413081456192817,64,109,0.027484566904604435,7.74399983,129132234.23973139,835,109,620,106,835,158,166,0,0,0,0.0,/nvme/Sync/ThermoGPU/benchmarks/results-distinct-mixture-tdar/c3/artifacts/methane-z-b64.npz,/nvme/Sync/ThermoGPU/benchmarks/results-distinct-mixture-hardware-sweep/c3-b64/c3-b64-cpsat.cpwa
3,64,10000,0.0009020488444937802,0.0024526480627163057,0.0033413081456192817,64,109,0.027484566904604435,2.38719992,418900818.3277754,835,109,620,106,835,158,166,0,0,0,0.0,/nvme/Sync/ThermoGPU/benchmarks/results-distinct-mixture-tdar/c3/artifacts/methane-z-b64.npz,/nvme/Sync/ThermoGPU/benchmarks/results-distinct-mixture-hardware-sweep/c3-b64/c3-b64-cpsat.cpwa
3,64,100000,0.0009020488444937802,0.0024526480627163057,0.0033413081456192817,64,109,0.027484566904604435,1.81311995,551535489.9713061,835,109,620,106,835,158,166,0,0,0,0.0,/nvme/Sync/ThermoGPU/benchmarks/results-distinct-mixture-tdar/c3/artifacts/methane-z-b64.npz,/nvme/Sync/ThermoGPU/benchmarks/results-distinct-mixture-hardware-sweep/c3-b64/c3-b64-cpsat.cpwa
3,64,1000000,0.0009020488444937802,0.0024526480627163057,0.0033413081456192817,64,109,0.027484566904604435,1.848032,541116171.1485516,835,109,620,106,835,158,166,0,0,0,0.0,/nvme/Sync/ThermoGPU/benchmarks/results-distinct-mixture-tdar/c3/artifacts/methane-z-b64.npz,/nvme/Sync/ThermoGPU/benchmarks/results-distinct-mixture-hardware-sweep/c3-b64/c3-b64-cpsat.cpwa
3,96,1,0.0005609796870602037,0.0016765256045591659,0.0024356871959627657,96,165,0.04722898290492594,13248.0003,75483.09007813051,1412,165,1078,169,1412,291,255,48,48,48,0.0,/nvme/Sync/ThermoGPU/benchmarks/results-distinct-mixture-tdar/c3/artifacts/methane-z-b96.npz,/nvme/Sync/ThermoGPU/benchmarks/results-distinct-mixture-hardware-sweep/c3-b96/c3-b96-cpsat.cpwa
3,96,10,0.0005609796870602037,0.0016765256045591659,0.0024356871959627657,96,165,0.04722898290492594,1340.79996,745823.4112715814,1412,165,1078,169,1412,291,255,48,48,48,0.0,/nvme/Sync/ThermoGPU/benchmarks/results-distinct-mixture-tdar/c3/artifacts/methane-z-b96.npz,/nvme/Sync/ThermoGPU/benchmarks/results-distinct-mixture-hardware-sweep/c3-b96/c3-b96-cpsat.cpwa
3,96,100,0.0005609796870602037,0.0016765256045591659,0.0024356871959627657,96,165,0.04722898290492594,126.719996,7891414.390511818,1412,165,1078,169,1412,291,255,48,48,48,0.0,/nvme/Sync/ThermoGPU/benchmarks/results-distinct-mixture-tdar/c3/artifacts/methane-z-b96.npz,/nvme/Sync/ThermoGPU/benchmarks/results-distinct-mixture-hardware-sweep/c3-b96/c3-b96-cpsat.cpwa
3,96,1000,0.0005609796870602037,0.0016765256045591659,0.0024356871959627657,96,165,0.04722898290492594,10.4,96153846.15384614,1412,165,1078,169,1412,291,255,48,48,48,0.0,/nvme/Sync/ThermoGPU/benchmarks/results-distinct-mixture-tdar/c3/artifacts/methane-z-b96.npz,/nvme/Sync/ThermoGPU/benchmarks/results-distinct-mixture-hardware-sweep/c3-b96/c3-b96-cpsat.cpwa
3,96,10000,0.0005609796870602037,0.0016765256045591659,0.0024356871959627657,96,165,0.04722898290492594,3.65119986,273882569.660265,1412,165,1078,169,1412,291,255,48,48,48,0.0,/nvme/Sync/ThermoGPU/benchmarks/results-distinct-mixture-tdar/c3/artifacts/methane-z-b96.npz,/nvme/Sync/ThermoGPU/benchmarks/results-distinct-mixture-hardware-sweep/c3-b96/c3-b96-cpsat.cpwa
3,96,100000,0.0005609796870602037,0.0016765256045591659,0.0024356871959627657,96,165,0.04722898290492594,2.97120005,336564345.440153,1412,165,1078,169,1412,291,255,48,48,48,0.0,/nvme/Sync/ThermoGPU/benchmarks/results-distinct-mixture-tdar/c3/artifacts/methane-z-b96.npz,/nvme/Sync/ThermoGPU/benchmarks/results-distinct-mixture-hardware-sweep/c3-b96/c3-b96-cpsat.cpwa
3,96,1000000,0.0005609796870602037,0.0016765256045591659,0.0024356871959627657,96,165,0.04722898290492594,2.99219203,334203149.38810927,1412,165,1078,169,1412,291,255,48,48,48,0.0,/nvme/Sync/ThermoGPU/benchmarks/results-distinct-mixture-tdar/c3/artifacts/methane-z-b96.npz,/nvme/Sync/ThermoGPU/benchmarks/results-distinct-mixture-hardware-sweep/c3-b96/c3-b96-cpsat.cpwa
3,128,1,0.00038870413960664154,0.0011107809381621404,0.001770982503845997,128,223,0.07133968593552709,26847.9995,37246.72298209779,2130,223,1630,277,2130,439,255,420,420,424,0.0,/nvme/Sync/ThermoGPU/benchmarks/results-distinct-mixture-tdar/c3/artifacts/methane-z-b128.npz,/nvme/Sync/ThermoGPU/benchmarks/results-distinct-mixture-hardware-sweep/c3-b128/c3-b128-cpsat.cpwa
3,128,10,0.00038870413960664154,0.0011107809381621404,0.001770982503845997,128,223,0.07133968593552709,2700.80008,370260.6525396726,2130,223,1630,277,2130,439,255,420,420,424,0.0,/nvme/Sync/ThermoGPU/benchmarks/results-distinct-mixture-tdar/c3/artifacts/methane-z-b128.npz,/nvme/Sync/ThermoGPU/benchmarks/results-distinct-mixture-hardware-sweep/c3-b128/c3-b128-cpsat.cpwa
3,128,100,0.00038870413960664154,0.0011107809381621404,0.001770982503845997,128,223,0.07133968593552709,247.04,4047927.4611398964,2130,223,1630,277,2130,439,255,420,420,424,0.0,/nvme/Sync/ThermoGPU/benchmarks/results-distinct-mixture-tdar/c3/artifacts/methane-z-b128.npz,/nvme/Sync/ThermoGPU/benchmarks/results-distinct-mixture-hardware-sweep/c3-b128/c3-b128-cpsat.cpwa
3,128,1000,0.00038870413960664154,0.0011107809381621404,0.001770982503845997,128,223,0.07133968593552709,24.6079993,40637192.313314155,2130,223,1630,277,2130,439,255,420,420,424,0.0,/nvme/Sync/ThermoGPU/benchmarks/results-distinct-mixture-tdar/c3/artifacts/methane-z-b128.npz,/nvme/Sync/ThermoGPU/benchmarks/results-distinct-mixture-hardware-sweep/c3-b128/c3-b128-cpsat.cpwa
3,128,10000,0.00038870413960664154,0.0011107809381621404,0.001770982503845997,128,223,0.07133968593552709,9.46239978,105681436.34277941,2130,223,1630,277,2130,439,255,420,420,424,0.0,/nvme/Sync/ThermoGPU/benchmarks/results-distinct-mixture-tdar/c3/artifacts/methane-z-b128.npz,/nvme/Sync/ThermoGPU/benchmarks/results-distinct-mixture-hardware-sweep/c3-b128/c3-b128-cpsat.cpwa
3,128,100000,0.00038870413960664154,0.0011107809381621404,0.001770982503845997,128,223,0.07133968593552709,8.6374402,115775041.77684495,2130,223,1630,277,2130,439,255,420,420,424,0.0,/nvme/Sync/ThermoGPU/benchmarks/results-distinct-mixture-tdar/c3/artifacts/methane-z-b128.npz,/nvme/Sync/ThermoGPU/benchmarks/results-distinct-mixture-hardware-sweep/c3-b128/c3-b128-cpsat.cpwa
3,128,1000000,0.00038870413960664154,0.0011107809381621404,0.001770982503845997,128,223,0.07133968593552709,8.47721577,117963259.06188416,2130,223,1630,277,2130,439,255,420,420,424,0.0,/nvme/Sync/ThermoGPU/benchmarks/results-distinct-mixture-tdar/c3/artifacts/methane-z-b128.npz,/nvme/Sync/ThermoGPU/benchmarks/results-distinct-mixture-hardware-sweep/c3-b128/c3-b128-cpsat.cpwa
4,16,1,0.00715352067918386,0.034937061629210425,0.06151785896120354,16,26,0.005678376997821033,4736.00021,211148.63928606117,78,26,40,12,78,19,26,0,0,0,0.0,/nvme/Sync/ThermoGPU/benchmarks/results-distinct-mixture-tdar/c4/artifacts/methane-z-b16.npz,/nvme/Sync/ThermoGPU/benchmarks/results-distinct-mixture-hardware-sweep/c4-b16/c4-b16-cpsat.cpwa
4,16,10,0.00715352067918386,0.034937061629210425,0.06151785896120354,16,26,0.005678376997821033,454.400014,2200704.1575487275,78,26,40,12,78,19,26,0,0,0,0.0,/nvme/Sync/ThermoGPU/benchmarks/results-distinct-mixture-tdar/c4/artifacts/methane-z-b16.npz,/nvme/Sync/ThermoGPU/benchmarks/results-distinct-mixture-hardware-sweep/c4-b16/c4-b16-cpsat.cpwa
4,16,100,0.00715352067918386,0.034937061629210425,0.06151785896120354,16,26,0.005678376997821033,48.9600003,20424836.476155005,78,26,40,12,78,19,26,0,0,0,0.0,/nvme/Sync/ThermoGPU/benchmarks/results-distinct-mixture-tdar/c4/artifacts/methane-z-b16.npz,/nvme/Sync/ThermoGPU/benchmarks/results-distinct-mixture-hardware-sweep/c4-b16/c4-b16-cpsat.cpwa
4,16,1000,0.00715352067918386,0.034937061629210425,0.06151785896120354,16,26,0.005678376997821033,4.89600003,204248364.76155007,78,26,40,12,78,19,26,0,0,0,0.0,/nvme/Sync/ThermoGPU/benchmarks/results-distinct-mixture-tdar/c4/artifacts/methane-z-b16.npz,/nvme/Sync/ThermoGPU/benchmarks/results-distinct-mixture-hardware-sweep/c4-b16/c4-b16-cpsat.cpwa
4,16,10000,0.00715352067918386,0.034937061629210425,0.06151785896120354,16,26,0.005678376997821033,0.630400004,1586294406.1783352,78,26,40,12,78,19,26,0,0,0,0.0,/nvme/Sync/ThermoGPU/benchmarks/results-distinct-mixture-tdar/c4/artifacts/methane-z-b16.npz,/nvme/Sync/ThermoGPU/benchmarks/results-distinct-mixture-hardware-sweep/c4-b16/c4-b16-cpsat.cpwa
4,16,100000,0.00715352067918386,0.034937061629210425,0.06151785896120354,16,26,0.005678376997821033,0.218880009,4568713262.434122,78,26,40,12,78,19,26,0,0,0,0.0,/nvme/Sync/ThermoGPU/benchmarks/results-distinct-mixture-tdar/c4/artifacts/methane-z-b16.npz,/nvme/Sync/ThermoGPU/benchmarks/results-distinct-mixture-hardware-sweep/c4-b16/c4-b16-cpsat.cpwa
4,16,1000000,0.00715352067918386,0.034937061629210425,0.06151785896120354,16,26,0.005678376997821033,0.184896007,5408445624.247581,78,26,40,12,78,19,26,0,0,0,0.0,/nvme/Sync/ThermoGPU/benchmarks/results-distinct-mixture-tdar/c4/artifacts/methane-z-b16.npz,/nvme/Sync/ThermoGPU/benchmarks/results-distinct-mixture-hardware-sweep/c4-b16/c4-b16-cpsat.cpwa
4,24,1,0.0027697242968022133,0.008327052664090779,0.023487052580999257,24,40,0.008285760995931923,5119.99987,195312.5049591066,159,40,97,22,159,35,39,0,0,0,0.0,/nvme/Sync/ThermoGPU/benchmarks/results-distinct-mixture-tdar/c4/artifacts/methane-z-b24.npz,/nvme/Sync/ThermoGPU/benchmarks/results-distinct-mixture-hardware-sweep/c4-b24/c4-b24-cpsat.cpwa
4,24,10,0.0027697242968022133,0.008327052664090779,0.023487052580999257,24,40,0.008285760995931923,511.999987,1953125.0495910659,159,40,97,22,159,35,39,0,0,0,0.0,/nvme/Sync/ThermoGPU/benchmarks/results-distinct-mixture-tdar/c4/artifacts/methane-z-b24.npz,/nvme/Sync/ThermoGPU/benchmarks/results-distinct-mixture-hardware-sweep/c4-b24/c4-b24-cpsat.cpwa
4,24,100,0.0027697242968022133,0.008327052664090779,0.023487052580999257,24,40,0.008285760995931923,52.4799991,19054878.375560034,159,40,97,22,159,35,39,0,0,0,0.0,/nvme/Sync/ThermoGPU/benchmarks/results-distinct-mixture-tdar/c4/artifacts/methane-z-b24.npz,/nvme/Sync/ThermoGPU/benchmarks/results-distinct-mixture-hardware-sweep/c4-b24/c4-b24-cpsat.cpwa
4,24,1000,0.0027697242968022133,0.008327052664090779,0.023487052580999257,24,40,0.008285760995931923,5.56800002,179597700.5043186,159,40,97,22,159,35,39,0,0,0,0.0,/nvme/Sync/ThermoGPU/benchmarks/results-distinct-mixture-tdar/c4/artifacts/methane-z-b24.npz,/nvme/Sync/ThermoGPU/benchmarks/results-distinct-mixture-hardware-sweep/c4-b24/c4-b24-cpsat.cpwa
4,24,10000,0.0027697242968022133,0.008327052664090779,0.023487052580999257,24,40,0.008285760995931923,0.848000031,1179245239.909667,159,40,97,22,159,35,39,0,0,0,0.0,/nvme/Sync/ThermoGPU/benchmarks/results-distinct-mixture-tdar/c4/artifacts/methane-z-b24.npz,/nvme/Sync/ThermoGPU/benchmarks/results-distinct-mixture-hardware-sweep/c4-b24/c4-b24-cpsat.cpwa
4,24,100000,0.0027697242968022133,0.008327052664090779,0.023487052580999257,24,40,0.008285760995931923,0.413120016,2420604089.0548377,159,40,97,22,159,35,39,0,0,0,0.0,/nvme/Sync/ThermoGPU/benchmarks/results-distinct-mixture-tdar/c4/artifacts/methane-z-b24.npz,/nvme/Sync/ThermoGPU/benchmarks/results-distinct-mixture-hardware-sweep/c4-b24/c4-b24-cpsat.cpwa
4,24,1000000,0.0027697242968022133,0.008327052664090779,0.023487052580999257,24,40,0.008285760995931923,0.369055986,2709615987.640423,159,40,97,22,159,35,39,0,0,0,0.0,/nvme/Sync/ThermoGPU/benchmarks/results-distinct-mixture-tdar/c4/artifacts/methane-z-b24.npz,/nvme/Sync/ThermoGPU/benchmarks/results-distinct-mixture-hardware-sweep/c4-b24/c4-b24-cpsat.cpwa
4,32,1,0.0019262178000697635,0.0056113026288327475,0.008520364643262557,32,52,0.01229325297754258,5535.99978,180635.8453287366,253,52,166,35,253,58,63,0,0,0,0.0,/nvme/Sync/ThermoGPU/benchmarks/results-distinct-mixture-tdar/c4/artifacts/methane-z-b32.npz,/nvme/Sync/ThermoGPU/benchmarks/results-distinct-mixture-hardware-sweep/c4-b32/c4-b32-cpsat.cpwa
4,32,10,0.0019262178000697635,0.0056113026288327475,0.008520364643262557,32,52,0.01229325297754258,534.400018,1871257.4220010596,253,52,166,35,253,58,63,0,0,0,0.0,/nvme/Sync/ThermoGPU/benchmarks/results-distinct-mixture-tdar/c4/artifacts/methane-z-b32.npz,/nvme/Sync/ThermoGPU/benchmarks/results-distinct-mixture-hardware-sweep/c4-b32/c4-b32-cpsat.cpwa
4,32,100,0.0019262178000697635,0.0056113026288327475,0.008520364643262557,32,52,0.01229325297754258,55.6800002,17959770.05043186,253,52,166,35,253,58,63,0,0,0,0.0,/nvme/Sync/ThermoGPU/benchmarks/results-distinct-mixture-tdar/c4/artifacts/methane-z-b32.npz,/nvme/Sync/ThermoGPU/benchmarks/results-distinct-mixture-hardware-sweep/c4-b32/c4-b32-cpsat.cpwa
4,32,1000,0.0019262178000697635,0.0056113026288327475,0.008520364643262557,32,52,0.01229325297754258,6.01600017,166223399.55818185,253,52,166,35,253,58,63,0,0,0,0.0,/nvme/Sync/ThermoGPU/benchmarks/results-distinct-mixture-tdar/c4/artifacts/methane-z-b32.npz,/nvme/Sync/ThermoGPU/benchmarks/results-distinct-mixture-hardware-sweep/c4-b32/c4-b32-cpsat.cpwa
4,32,10000,0.0019262178000697635,0.0056113026288327475,0.008520364643262557,32,52,0.01229325297754258,1.18079996,846883497.5231537,253,52,166,35,253,58,63,0,0,0,0.0,/nvme/Sync/ThermoGPU/benchmarks/results-distinct-mixture-tdar/c4/artifacts/methane-z-b32.npz,/nvme/Sync/ThermoGPU/benchmarks/results-distinct-mixture-hardware-sweep/c4-b32/c4-b32-cpsat.cpwa
4,32,100000,0.0019262178000697635,0.0056113026288327475,0.008520364643262557,32,52,0.01229325297754258,0.622400008,1606683783.975787,253,52,166,35,253,58,63,0,0,0,0.0,/nvme/Sync/ThermoGPU/benchmarks/results-distinct-mixture-tdar/c4/artifacts/methane-z-b32.npz,/nvme/Sync/ThermoGPU/benchmarks/results-distinct-mixture-hardware-sweep/c4-b32/c4-b32-cpsat.cpwa
4,32,1000000,0.0019262178000697635,0.0056113026288327475,0.008520364643262557,32,52,0.01229325297754258,0.588927984,1698000480.8194,253,52,166,35,253,58,63,0,0,0,0.0,/nvme/Sync/ThermoGPU/benchmarks/results-distinct-mixture-tdar/c4/artifacts/methane-z-b32.npz,/nvme/Sync/ThermoGPU/benchmarks/results-distinct-mixture-hardware-sweep/c4-b32/c4-b32-cpsat.cpwa
4,48,1,0.0011209815186800625,0.0031491536764224532,0.004336624835432179,48,81,0.019262265996076167,6368.00006,157035.1743997942,544,81,391,72,544,109,122,0,0,0,0.0,/nvme/Sync/ThermoGPU/benchmarks/results-distinct-mixture-tdar/c4/artifacts/methane-z-b48.npz,/nvme/Sync/ThermoGPU/benchmarks/results-distinct-mixture-hardware-sweep/c4-b48/c4-b48-cpsat.cpwa
4,48,10,0.0011209815186800625,0.0031491536764224532,0.004336624835432179,48,81,0.019262265996076167,627.199979,1594387.8084855613,544,81,391,72,544,109,122,0,0,0,0.0,/nvme/Sync/ThermoGPU/benchmarks/results-distinct-mixture-tdar/c4/artifacts/methane-z-b48.npz,/nvme/Sync/ThermoGPU/benchmarks/results-distinct-mixture-hardware-sweep/c4-b48/c4-b48-cpsat.cpwa
4,48,100,0.0011209815186800625,0.0031491536764224532,0.004336624835432179,48,81,0.019262265996076167,65.2799988,15318627.732572813,544,81,391,72,544,109,122,0,0,0,0.0,/nvme/Sync/ThermoGPU/benchmarks/results-distinct-mixture-tdar/c4/artifacts/methane-z-b48.npz,/nvme/Sync/ThermoGPU/benchmarks/results-distinct-mixture-hardware-sweep/c4-b48/c4-b48-cpsat.cpwa
4,48,1000,0.0011209815186800625,0.0031491536764224532,0.004336624835432179,48,81,0.019262265996076167,7.48800021,133547004.80169992,544,81,391,72,544,109,122,0,0,0,0.0,/nvme/Sync/ThermoGPU/benchmarks/results-distinct-mixture-tdar/c4/artifacts/methane-z-b48.npz,/nvme/Sync/ThermoGPU/benchmarks/results-distinct-mixture-hardware-sweep/c4-b48/c4-b48-cpsat.cpwa
4,48,10000,0.0011209815186800625,0.0031491536764224532,0.004336624835432179,48,81,0.019262265996076167,1.75999999,568181821.410124,544,81,391,72,544,109,122,0,0,0,0.0,/nvme/Sync/ThermoGPU/benchmarks/results-distinct-mixture-tdar/c4/artifacts/methane-z-b48.npz,/nvme/Sync/ThermoGPU/benchmarks/results-distinct-mixture-hardware-sweep/c4-b48/c4-b48-cpsat.cpwa
4,48,100000,0.0011209815186800625,0.0031491536764224532,0.004336624835432179,48,81,0.019262265996076167,1.30592003,765743672.6810906,544,81,391,72,544,109,122,0,0,0,0.0,/nvme/Sync/ThermoGPU/benchmarks/results-distinct-mixture-tdar/c4/artifacts/methane-z-b48.npz,/nvme/Sync/ThermoGPU/benchmarks/results-distinct-mixture-hardware-sweep/c4-b48/c4-b48-cpsat.cpwa
4,48,1000000,0.0011209815186800625,0.0031491536764224532,0.004336624835432179,48,81,0.019262265996076167,1.26489604,790578805.1957219,544,81,391,72,544,109,122,0,0,0,0.0,/nvme/Sync/ThermoGPU/benchmarks/results-distinct-mixture-tdar/c4/artifacts/methane-z-b48.npz,/nvme/Sync/ThermoGPU/benchmarks/results-distinct-mixture-hardware-sweep/c4-b48/c4-b48-cpsat.cpwa
4,64,1,0.0007649175998639279,0.0019752490670838937,0.0028638087484608166,64,110,0.02892071707174182,10048.0001,99522.29200316191,853,110,635,108,853,165,166,0,0,0,0.0,/nvme/Sync/ThermoGPU/benchmarks/results-distinct-mixture-tdar/c4/artifacts/methane-z-b64.npz,/nvme/Sync/ThermoGPU/benchmarks/results-distinct-mixture-hardware-sweep/c4-b64/c4-b64-cpsat.cpwa
4,64,10,0.0007649175998639279,0.0019752490670838937,0.0028638087484608166,64,110,0.02892071707174182,995.200034,1004823.1167966379,853,110,635,108,853,165,166,0,0,0,0.0,/nvme/Sync/ThermoGPU/benchmarks/results-distinct-mixture-tdar/c4/artifacts/methane-z-b64.npz,/nvme/Sync/ThermoGPU/benchmarks/results-distinct-mixture-hardware-sweep/c4-b64/c4-b64-cpsat.cpwa
4,64,100,0.0007649175998639279,0.0019752490670838937,0.0028638087484608166,64,110,0.02892071707174182,91.5199984,10926573.61759744,853,110,635,108,853,165,166,0,0,0,0.0,/nvme/Sync/ThermoGPU/benchmarks/results-distinct-mixture-tdar/c4/artifacts/methane-z-b64.npz,/nvme/Sync/ThermoGPU/benchmarks/results-distinct-mixture-hardware-sweep/c4-b64/c4-b64-cpsat.cpwa
4,64,1000,0.0007649175998639279,0.0019752490670838937,0.0028638087484608166,64,110,0.02892071707174182,9.18400008,108885016.47312702,853,110,635,108,853,165,166,0,0,0,0.0,/nvme/Sync/ThermoGPU/benchmarks/results-distinct-mixture-tdar/c4/artifacts/methane-z-b64.npz,/nvme/Sync/ThermoGPU/benchmarks/results-distinct-mixture-hardware-sweep/c4-b64/c4-b64-cpsat.cpwa
4,64,10000,0.0007649175998639279,0.0019752490670838937,0.0028638087484608166,64,110,0.02892071707174182,2.88319997,346836851.55559987,853,110,635,108,853,165,166,0,0,0,0.0,/nvme/Sync/ThermoGPU/benchmarks/results-distinct-mixture-tdar/c4/artifacts/methane-z-b64.npz,/nvme/Sync/ThermoGPU/benchmarks/results-distinct-mixture-hardware-sweep/c4-b64/c4-b64-cpsat.cpwa
4,64,100000,0.0007649175998639279,0.0019752490670838937,0.0028638087484608166,64,110,0.02892071707174182,2.26815999,440886006.4584774,853,110,635,108,853,165,166,0,0,0,0.0,/nvme/Sync/ThermoGPU/benchmarks/results-distinct-mixture-tdar/c4/artifacts/methane-z-b64.npz,/nvme/Sync/ThermoGPU/benchmarks/results-distinct-mixture-hardware-sweep/c4-b64/c4-b64-cpsat.cpwa
4,64,1000000,0.0007649175998639279,0.0019752490670838937,0.0028638087484608166,64,110,0.02892071707174182,2.2934401,436026212.32619065,853,110,635,108,853,165,166,0,0,0,0.0,/nvme/Sync/ThermoGPU/benchmarks/results-distinct-mixture-tdar/c4/artifacts/methane-z-b64.npz,/nvme/Sync/ThermoGPU/benchmarks/results-distinct-mixture-hardware-sweep/c4-b64/c4-b64-cpsat.cpwa
4,96,1,0.0005388511769559827,0.0016295048119610246,0.002170421542860068,96,166,0.04722273594234139,12671.9996,78914.14390511818,1308,166,986,156,1308,254,255,0,0,0,0.0,/nvme/Sync/ThermoGPU/benchmarks/results-distinct-mixture-tdar/c4/artifacts/methane-z-b96.npz,/nvme/Sync/ThermoGPU/benchmarks/results-distinct-mixture-hardware-sweep/c4-b96/c4-b96-cpsat.cpwa
4,96,10,0.0005388511769559827,0.0016295048119610246,0.002170421542860068,96,166,0.04722273594234139,1264.00003,791139.2217292907,1308,166,986,156,1308,254,255,0,0,0,0.0,/nvme/Sync/ThermoGPU/benchmarks/results-distinct-mixture-tdar/c4/artifacts/methane-z-b96.npz,/nvme/Sync/ThermoGPU/benchmarks/results-distinct-mixture-hardware-sweep/c4-b96/c4-b96-cpsat.cpwa
4,96,100,0.0005388511769559827,0.0016295048119610246,0.002170421542860068,96,166,0.04722273594234139,127.999997,7812500.183105473,1308,166,986,156,1308,254,255,0,0,0,0.0,/nvme/Sync/ThermoGPU/benchmarks/results-distinct-mixture-tdar/c4/artifacts/methane-z-b96.npz,/nvme/Sync/ThermoGPU/benchmarks/results-distinct-mixture-hardware-sweep/c4-b96/c4-b96-cpsat.cpwa
4,96,1000,0.0005388511769559827,0.0016295048119610246,0.002170421542860068,96,166,0.04722273594234139,11.4240004,87535010.94065087,1308,166,986,156,1308,254,255,0,0,0,0.0,/nvme/Sync/ThermoGPU/benchmarks/results-distinct-mixture-tdar/c4/artifacts/methane-z-b96.npz,/nvme/Sync/ThermoGPU/benchmarks/results-distinct-mixture-hardware-sweep/c4-b96/c4-b96-cpsat.cpwa
4,96,10000,0.0005388511769559827,0.0016295048119610246,0.002170421542860068,96,166,0.04722273594234139,3.99039984,250601453.51248813,1308,166,986,156,1308,254,255,0,0,0,0.0,/nvme/Sync/ThermoGPU/benchmarks/results-distinct-mixture-tdar/c4/artifacts/methane-z-b96.npz,/nvme/Sync/ThermoGPU/benchmarks/results-distinct-mixture-hardware-sweep/c4-b96/c4-b96-cpsat.cpwa
4,96,100000,0.0005388511769559827,0.0016295048119610246,0.002170421542860068,96,166,0.04722273594234139,3.20255995,312250204.71513736,1308,166,986,156,1308,254,255,0,0,0,0.0,/nvme/Sync/ThermoGPU/benchmarks/results-distinct-mixture-tdar/c4/artifacts/methane-z-b96.npz,/nvme/Sync/ThermoGPU/benchmarks/results-distinct-mixture-hardware-sweep/c4-b96/c4-b96-cpsat.cpwa
4,96,1000000,0.0005388511769559827,0.0016295048119610246,0.002170421542860068,96,166,0.04722273594234139,3.21366405,311171293.71379066,1308,166,986,156,1308,254,255,0,0,0,0.0,/nvme/Sync/ThermoGPU/benchmarks/results-distinct-mixture-tdar/c4/artifacts/methane-z-b96.npz,/nvme/Sync/ThermoGPU/benchmarks/results-distinct-mixture-hardware-sweep/c4-b96/c4-b96-cpsat.cpwa
4,128,1,0.00035473724273915217,0.001069512982597059,0.00166397978946764,128,224,0.07193602190818638,15647.9999,63905.930878744446,2043,224,1571,248,2043,392,255,124,124,128,0.0,/nvme/Sync/ThermoGPU/benchmarks/results-distinct-mixture-tdar/c4/artifacts/methane-z-b128.npz,/nvme/Sync/ThermoGPU/benchmarks/results-distinct-mixture-hardware-sweep/c4-b128/c4-b128-cpsat.cpwa
4,128,10,0.00035473724273915217,0.001069512982597059,0.00166397978946764,128,224,0.07193602190818638,1568.00002,637755.093906185,2043,224,1571,248,2043,392,255,124,124,128,0.0,/nvme/Sync/ThermoGPU/benchmarks/results-distinct-mixture-tdar/c4/artifacts/methane-z-b128.npz,/nvme/Sync/ThermoGPU/benchmarks/results-distinct-mixture-hardware-sweep/c4-b128/c4-b128-cpsat.cpwa
4,128,100,0.00035473724273915217,0.001069512982597059,0.00166397978946764,128,224,0.07193602190818638,140.479999,7118451.075729294,2043,224,1571,248,2043,392,255,124,124,128,0.0,/nvme/Sync/ThermoGPU/benchmarks/results-distinct-mixture-tdar/c4/artifacts/methane-z-b128.npz,/nvme/Sync/ThermoGPU/benchmarks/results-distinct-mixture-hardware-sweep/c4-b128/c4-b128-cpsat.cpwa
4,128,1000,0.00035473724273915217,0.001069512982597059,0.00166397978946764,128,224,0.07193602190818638,15.04,66489361.702127665,2043,224,1571,248,2043,392,255,124,124,128,0.0,/nvme/Sync/ThermoGPU/benchmarks/results-distinct-mixture-tdar/c4/artifacts/methane-z-b128.npz,/nvme/Sync/ThermoGPU/benchmarks/results-distinct-mixture-hardware-sweep/c4-b128/c4-b128-cpsat.cpwa
4,128,10000,0.00035473724273915217,0.001069512982597059,0.00166397978946764,128,224,0.07193602190818638,5.10400012,195924760.28390062,2043,224,1571,248,2043,392,255,124,124,128,0.0,/nvme/Sync/ThermoGPU/benchmarks/results-distinct-mixture-tdar/c4/artifacts/methane-z-b128.npz,/nvme/Sync/ThermoGPU/benchmarks/results-distinct-mixture-hardware-sweep/c4-b128/c4-b128-cpsat.cpwa
4,128,100000,0.00035473724273915217,0.001069512982597059,0.00166397978946764,128,224,0.07193602190818638,4.20704007,237696809.00614765,2043,224,1571,248,2043,392,255,124,124,128,0.0,/nvme/Sync/ThermoGPU/benchmarks/results-distinct-mixture-tdar/c4/artifacts/methane-z-b128.npz,/nvme/Sync/ThermoGPU/benchmarks/results-distinct-mixture-hardware-sweep/c4-b128/c4-b128-cpsat.cpwa
4,128,1000000,0.00035473724273915217,0.001069512982597059,0.00166397978946764,128,224,0.07193602190818638,4.19184017,238558713.9406606,2043,224,1571,248,2043,392,255,124,124,128,0.0,/nvme/Sync/ThermoGPU/benchmarks/results-distinct-mixture-tdar/c4/artifacts/methane-z-b128.npz,/nvme/Sync/ThermoGPU/benchmarks/results-distinct-mixture-hardware-sweep/c4-b128/c4-b128-cpsat.cpwa
5,16,1,0.0077713676770929385,0.03788567286468034,0.06679920348434609,16,26,0.006117601064033806,4991.99983,200320.5196423254,82,26,44,12,82,20,26,0,0,0,0.0,/nvme/Sync/ThermoGPU/benchmarks/results-distinct-mixture-tdar/c5/artifacts/methane-z-b16.npz,/nvme/Sync/ThermoGPU/benchmarks/results-distinct-mixture-hardware-sweep/c5-b16/c5-b16-cpsat.cpwa
5,16,10,0.0077713676770929385,0.03788567286468034,0.06679920348434609,16,26,0.006117601064033806,496.000005,2016129.0119341833,82,26,44,12,82,20,26,0,0,0,0.0,/nvme/Sync/ThermoGPU/benchmarks/results-distinct-mixture-tdar/c5/artifacts/methane-z-b16.npz,/nvme/Sync/ThermoGPU/benchmarks/results-distinct-mixture-hardware-sweep/c5-b16/c5-b16-cpsat.cpwa
5,16,100,0.0077713676770929385,0.03788567286468034,0.06679920348434609,16,26,0.006117601064033806,50.2400007,19904458.321394887,82,26,44,12,82,20,26,0,0,0,0.0,/nvme/Sync/ThermoGPU/benchmarks/results-distinct-mixture-tdar/c5/artifacts/methane-z-b16.npz,/nvme/Sync/ThermoGPU/benchmarks/results-distinct-mixture-hardware-sweep/c5-b16/c5-b16-cpsat.cpwa
5,16,1000,0.0077713676770929385,0.03788567286468034,0.06679920348434609,16,26,0.006117601064033806,5.15200011,194099374.73778507,82,26,44,12,82,20,26,0,0,0,0.0,/nvme/Sync/ThermoGPU/benchmarks/results-distinct-mixture-tdar/c5/artifacts/methane-z-b16.npz,/nvme/Sync/ThermoGPU/benchmarks/results-distinct-mixture-hardware-sweep/c5-b16/c5-b16-cpsat.cpwa
5,16,10000,0.0077713676770929385,0.03788567286468034,0.06679920348434609,16,26,0.006117601064033806,0.675200019,1481042612.3521776,82,26,44,12,82,20,26,0,0,0,0.0,/nvme/Sync/ThermoGPU/benchmarks/results-distinct-mixture-tdar/c5/artifacts/methane-z-b16.npz,/nvme/Sync/ThermoGPU/benchmarks/results-distinct-mixture-hardware-sweep/c5-b16/c5-b16-cpsat.cpwa
5,16,100000,0.0077713676770929385,0.03788567286468034,0.06679920348434609,16,26,0.006117601064033806,0.249920003,4001280361.70038,82,26,44,12,82,20,26,0,0,0,0.0,/nvme/Sync/ThermoGPU/benchmarks/results-distinct-mixture-tdar/c5/artifacts/methane-z-b16.npz,/nvme/Sync/ThermoGPU/benchmarks/results-distinct-mixture-hardware-sweep/c5-b16/c5-b16-cpsat.cpwa
5,16,1000000,0.0077713676770929385,0.03788567286468034,0.06679920348434609,16,26,0.006117601064033806,0.206303999,4847215782.763377,82,26,44,12,82,20,26,0,0,0,0.0,/nvme/Sync/ThermoGPU/benchmarks/results-distinct-mixture-tdar/c5/artifacts/methane-z-b16.npz,/nvme/Sync/ThermoGPU/benchmarks/results-distinct-mixture-hardware-sweep/c5-b16/c5-b16-cpsat.cpwa
5,24,1,0.0029718217173072673,0.008577599747621302,0.025477907083690132,24,40,0.010434316005557775,5216.00014,191717.78626524346,165,40,102,23,165,39,40,0,0,0,0.0,/nvme/Sync/ThermoGPU/benchmarks/results-distinct-mixture-tdar/c5/artifacts/methane-z-b24.npz,/nvme/Sync/ThermoGPU/benchmarks/results-distinct-mixture-hardware-sweep/c5-b24/c5-b24-cpsat.cpwa
5,24,10,0.0029718217173072673,0.008577599747621302,0.025477907083690132,24,40,0.010434316005557775,521.600014,1917177.8626524347,165,40,102,23,165,39,40,0,0,0,0.0,/nvme/Sync/ThermoGPU/benchmarks/results-distinct-mixture-tdar/c5/artifacts/methane-z-b24.npz,/nvme/Sync/ThermoGPU/benchmarks/results-distinct-mixture-hardware-sweep/c5-b24/c5-b24-cpsat.cpwa
5,24,100,0.0029718217173072673,0.008577599747621302,0.025477907083690132,24,40,0.010434316005557775,53.4400018,18712574.2200106,165,40,102,23,165,39,40,0,0,0,0.0,/nvme/Sync/ThermoGPU/benchmarks/results-distinct-mixture-tdar/c5/artifacts/methane-z-b24.npz,/nvme/Sync/ThermoGPU/benchmarks/results-distinct-mixture-hardware-sweep/c5-b24/c5-b24-cpsat.cpwa
5,24,1000,0.0029718217173072673,0.008577599747621302,0.025477907083690132,24,40,0.010434316005557775,5.72799984,174581010.46315673,165,40,102,23,165,39,40,0,0,0,0.0,/nvme/Sync/ThermoGPU/benchmarks/results-distinct-mixture-tdar/c5/artifacts/methane-z-b24.npz,/nvme/Sync/ThermoGPU/benchmarks/results-distinct-mixture-hardware-sweep/c5-b24/c5-b24-cpsat.cpwa
5,24,10000,0.0029718217173072673,0.008577599747621302,0.025477907083690132,24,40,0.010434316005557775,0.899199955,1112099699.7825694,165,40,102,23,165,39,40,0,0,0,0.0,/nvme/Sync/ThermoGPU/benchmarks/results-distinct-mixture-tdar/c5/artifacts/methane-z-b24.npz,/nvme/Sync/ThermoGPU/benchmarks/results-distinct-mixture-hardware-sweep/c5-b24/c5-b24-cpsat.cpwa
5,24,100000,0.0029718217173072673,0.008577599747621302,0.025477907083690132,24,40,0.010434316005557775,0.438719988,2279358195.0955014,165,40,102,23,165,39,40,0,0,0,0.0,/nvme/Sync/ThermoGPU/benchmarks/results-distinct-mixture-tdar/c5/artifacts/methane-z-b24.npz,/nvme/Sync/ThermoGPU/benchmarks/results-distinct-mixture-hardware-sweep/c5-b24/c5-b24-cpsat.cpwa
5,24,1000000,0.0029718217173072673,0.008577599747621302,0.025477907083690132,24,40,0.010434316005557775,0.393631995,2540443898.6216044,165,40,102,23,165,39,40,0,0,0,0.0,/nvme/Sync/ThermoGPU/benchmarks/results-distinct-mixture-tdar/c5/artifacts/methane-z-b24.npz,/nvme/Sync/ThermoGPU/benchmarks/results-distinct-mixture-hardware-sweep/c5-b24/c5-b24-cpsat.cpwa
5,32,1,0.0021009749152809407,0.006262980916710393,0.009118224686061605,32,52,0.012260388932190835,5568.00002,179597.70050431858,264,52,176,36,264,59,62,0,0,0,0.0,/nvme/Sync/ThermoGPU/benchmarks/results-distinct-mixture-tdar/c5/artifacts/methane-z-b32.npz,/nvme/Sync/ThermoGPU/benchmarks/results-distinct-mixture-hardware-sweep/c5-b32/c5-b32-cpsat.cpwa
5,32,10,0.0021009749152809407,0.006262980916710393,0.009118224686061605,32,52,0.012260388932190835,553.599978,1806358.4532873663,264,52,176,36,264,59,62,0,0,0,0.0,/nvme/Sync/ThermoGPU/benchmarks/results-distinct-mixture-tdar/c5/artifacts/methane-z-b32.npz,/nvme/Sync/ThermoGPU/benchmarks/results-distinct-mixture-hardware-sweep/c5-b32/c5-b32-cpsat.cpwa
5,32,100,0.0021009749152809407,0.006262980916710393,0.009118224686061605,32,52,0.012260388932190835,59.8399993,16711230.14200971,264,52,176,36,264,59,62,0,0,0,0.0,/nvme/Sync/ThermoGPU/benchmarks/results-distinct-mixture-tdar/c5/artifacts/methane-z-b32.npz,/nvme/Sync/ThermoGPU/benchmarks/results-distinct-mixture-hardware-sweep/c5-b32/c5-b32-cpsat.cpwa
5,32,1000,0.0021009749152809407,0.006262980916710393,0.009118224686061605,32,52,0.012260388932190835,6.20799977,161082480.19474396,264,52,176,36,264,59,62,0,0,0,0.0,/nvme/Sync/ThermoGPU/benchmarks/results-distinct-mixture-tdar/c5/artifacts/methane-z-b32.npz,/nvme/Sync/ThermoGPU/benchmarks/results-distinct-mixture-hardware-sweep/c5-b32/c5-b32-cpsat.cpwa
5,32,10000,0.0021009749152809407,0.006262980916710393,0.009118224686061605,32,52,0.012260388932190835,1.20320003,831117000.5539311,264,52,176,36,264,59,62,0,0,0,0.0,/nvme/Sync/ThermoGPU/benchmarks/results-distinct-mixture-tdar/c5/artifacts/methane-z-b32.npz,/nvme/Sync/ThermoGPU/benchmarks/results-distinct-mixture-hardware-sweep/c5-b32/c5-b32-cpsat.cpwa
5,32,100000,0.0021009749152809407,0.006262980916710393,0.009118224686061605,32,52,0.012260388932190835,0.64447999,1551638554.3638058,264,52,176,36,264,59,62,0,0,0,0.0,/nvme/Sync/ThermoGPU/benchmarks/results-distinct-mixture-tdar/c5/artifacts/methane-z-b32.npz,/nvme/Sync/ThermoGPU/benchmarks/results-distinct-mixture-hardware-sweep/c5-b32/c5-b32-cpsat.cpwa
5,32,1000000,0.0021009749152809407,0.006262980916710393,0.009118224686061605,32,52,0.012260388932190835,0.599936008,1666844441.1824667,264,52,176,36,264,59,62,0,0,0,0.0,/nvme/Sync/ThermoGPU/benchmarks/results-distinct-mixture-tdar/c5/artifacts/methane-z-b32.npz,/nvme/Sync/ThermoGPU/benchmarks/results-distinct-mixture-hardware-sweep/c5-b32/c5-b32-cpsat.cpwa
5,48,1,0.0012100200205791961,0.003385956509791243,0.004627670339193868,48,81,0.0196072329999879,6463.99986,154702.97364765103,559,81,401,77,559,120,126,0,0,0,0.0,/nvme/Sync/ThermoGPU/benchmarks/results-distinct-mixture-tdar/c5/artifacts/methane-z-b48.npz,/nvme/Sync/ThermoGPU/benchmarks/results-distinct-mixture-hardware-sweep/c5-b48/c5-b48-cpsat.cpwa
5,48,10,0.0012100200205791961,0.003385956509791243,0.004627670339193868,48,81,0.0196072329999879,665.599992,1502403.864211585,559,81,401,77,559,120,126,0,0,0,0.0,/nvme/Sync/ThermoGPU/benchmarks/results-distinct-mixture-tdar/c5/artifacts/methane-z-b48.npz,/nvme/Sync/ThermoGPU/benchmarks/results-distinct-mixture-hardware-sweep/c5-b48/c5-b48-cpsat.cpwa
5,48,100,0.0012100200205791961,0.003385956509791243,0.004627670339193868,48,81,0.0196072329999879,65.6000013,15243902.136934865,559,81,401,77,559,120,126,0,0,0,0.0,/nvme/Sync/ThermoGPU/benchmarks/results-distinct-mixture-tdar/c5/artifacts/methane-z-b48.npz,/nvme/Sync/ThermoGPU/benchmarks/results-distinct-mixture-hardware-sweep/c5-b48/c5-b48-cpsat.cpwa
5,48,1000,0.0012100200205791961,0.003385956509791243,0.004627670339193868,48,81,0.0196072329999879,7.58400001,131856539.91052672,559,81,401,77,559,120,126,0,0,0,0.0,/nvme/Sync/ThermoGPU/benchmarks/results-distinct-mixture-tdar/c5/artifacts/methane-z-b48.npz,/nvme/Sync/ThermoGPU/benchmarks/results-distinct-mixture-hardware-sweep/c5-b48/c5-b48-cpsat.cpwa
5,48,10000,0.0012100200205791961,0.003385956509791243,0.004627670339193868,48,81,0.0196072329999879,1.83039997,546328680.282922,559,81,401,77,559,120,126,0,0,0,0.0,/nvme/Sync/ThermoGPU/benchmarks/results-distinct-mixture-tdar/c5/artifacts/methane-z-b48.npz,/nvme/Sync/ThermoGPU/benchmarks/results-distinct-mixture-hardware-sweep/c5-b48/c5-b48-cpsat.cpwa
5,48,100000,0.0012100200205791961,0.003385956509791243,0.004627670339193868,48,81,0.0196072329999879,1.36160001,734430076.8622937,559,81,401,77,559,120,126,0,0,0,0.0,/nvme/Sync/ThermoGPU/benchmarks/results-distinct-mixture-tdar/c5/artifacts/methane-z-b48.npz,/nvme/Sync/ThermoGPU/benchmarks/results-distinct-mixture-hardware-sweep/c5-b48/c5-b48-cpsat.cpwa
5,48,1000000,0.0012100200205791961,0.003385956509791243,0.004627670339193868,48,81,0.0196072329999879,1.31516802,760359121.2626961,559,81,401,77,559,120,126,0,0,0,0.0,/nvme/Sync/ThermoGPU/benchmarks/results-distinct-mixture-tdar/c5/artifacts/methane-z-b48.npz,/nvme/Sync/ThermoGPU/benchmarks/results-distinct-mixture-hardware-sweep/c5-b48/c5-b48-cpsat.cpwa
5,64,1,0.0008505023632200023,0.0022289569339455743,0.0031782146168994885,64,110,0.028123878058977425,10272.0,97352.02492211838,864,110,648,106,864,173,165,0,0,0,0.0,/nvme/Sync/ThermoGPU/benchmarks/results-distinct-mixture-tdar/c5/artifacts/methane-z-b64.npz,/nvme/Sync/ThermoGPU/benchmarks/results-distinct-mixture-hardware-sweep/c5-b64/c5-b64-cpsat.cpwa
5,64,10,0.0008505023632200023,0.0022289569339455743,0.0031782146168994885,64,110,0.028123878058977425,1008.00004,992063.4526958948,864,110,648,106,864,173,165,0,0,0,0.0,/nvme/Sync/ThermoGPU/benchmarks/results-distinct-mixture-tdar/c5/artifacts/methane-z-b64.npz,/nvme/Sync/ThermoGPU/benchmarks/results-distinct-mixture-hardware-sweep/c5-b64/c5-b64-cpsat.cpwa
5,64,100,0.0008505023632200023,0.0022289569339455743,0.0031782146168994885,64,110,0.028123878058977425,94.4000017,10593220.148215314,864,110,648,106,864,173,165,0,0,0,0.0,/nvme/Sync/ThermoGPU/benchmarks/results-distinct-mixture-tdar/c5/artifacts/methane-z-b64.npz,/nvme/Sync/ThermoGPU/benchmarks/results-distinct-mixture-hardware-sweep/c5-b64/c5-b64-cpsat.cpwa
5,64,1000,0.0008505023632200023,0.0022289569339455743,0.0031782146168994885,64,110,0.028123878058977425,9.21600033,108506940.55910477,864,110,648,106,864,173,165,0,0,0,0.0,/nvme/Sync/ThermoGPU/benchmarks/results-distinct-mixture-tdar/c5/artifacts/methane-z-b64.npz,/nvme/Sync/ThermoGPU/benchmarks/results-distinct-mixture-hardware-sweep/c5-b64/c5-b64-cpsat.cpwa
5,64,10000,0.0008505023632200023,0.0022289569339455743,0.0031782146168994885,64,110,0.028123878058977425,2.92799994,341530061.6433756,864,110,648,106,864,173,165,0,0,0,0.0,/nvme/Sync/ThermoGPU/benchmarks/results-distinct-mixture-tdar/c5/artifacts/methane-z-b64.npz,/nvme/Sync/ThermoGPU/benchmarks/results-distinct-mixture-hardware-sweep/c5-b64/c5-b64-cpsat.cpwa
5,64,100000,0.0008505023632200023,0.0022289569339455743,0.0031782146168994885,64,110,0.028123878058977425,2.31135994,432645726.30777705,864,110,648,106,864,173,165,0,0,0,0.0,/nvme/Sync/ThermoGPU/benchmarks/results-distinct-mixture-tdar/c5/artifacts/methane-z-b64.npz,/nvme/Sync/ThermoGPU/benchmarks/results-distinct-mixture-hardware-sweep/c5-b64/c5-b64-cpsat.cpwa
5,64,1000000,0.0008505023632200023,0.0022289569339455743,0.0031782146168994885,64,110,0.028123878058977425,2.32672,429789575.02406824,864,110,648,106,864,173,165,0,0,0,0.0,/nvme/Sync/ThermoGPU/benchmarks/results-distinct-mixture-tdar/c5/artifacts/methane-z-b64.npz,/nvme/Sync/ThermoGPU/benchmarks/results-distinct-mixture-hardware-sweep/c5-b64/c5-b64-cpsat.cpwa
5,96,1,0.000591866530543988,0.0017202803445622822,0.002427864920033551,96,165,0.046983951004222035,14208.0002,70382.88189213285,1390,165,1060,165,1390,319,255,156,156,160,0.0,/nvme/Sync/ThermoGPU/benchmarks/results-distinct-mixture-tdar/c5/artifacts/methane-z-b96.npz,/nvme/Sync/ThermoGPU/benchmarks/results-distinct-mixture-hardware-sweep/c5-b96/c5-b96-cpsat.cpwa
5,96,10,0.000591866530543988,0.0017202803445622822,0.002427864920033551,96,165,0.046983951004222035,1439.99998,694444.4540895063,1390,165,1060,165,1390,319,255,156,156,160,0.0,/nvme/Sync/ThermoGPU/benchmarks/results-distinct-mixture-tdar/c5/artifacts/methane-z-b96.npz,/nvme/Sync/ThermoGPU/benchmarks/results-distinct-mixture-hardware-sweep/c5-b96/c5-b96-cpsat.cpwa
5,96,100,0.000591866530543988,0.0017202803445622822,0.002427864920033551,96,165,0.046983951004222035,134.079996,7458234.112715815,1390,165,1060,165,1390,319,255,156,156,160,0.0,/nvme/Sync/ThermoGPU/benchmarks/results-distinct-mixture-tdar/c5/artifacts/methane-z-b96.npz,/nvme/Sync/ThermoGPU/benchmarks/results-distinct-mixture-hardware-sweep/c5-b96/c5-b96-cpsat.cpwa
5,96,1000,0.000591866530543988,0.0017202803445622822,0.002427864920033551,96,165,0.046983951004222035,13.3760003,74760763.87348765,1390,165,1060,165,1390,319,255,156,156,160,0.0,/nvme/Sync/ThermoGPU/benchmarks/results-distinct-mixture-tdar/c5/artifacts/methane-z-b96.npz,/nvme/Sync/ThermoGPU/benchmarks/results-distinct-mixture-hardware-sweep/c5-b96/c5-b96-cpsat.cpwa
5,96,10000,0.000591866530543988,0.0017202803445622822,0.002427864920033551,96,165,0.046983951004222035,4.88959998,204515707.64281622,1390,165,1060,165,1390,319,255,156,156,160,0.0,/nvme/Sync/ThermoGPU/benchmarks/results-distinct-mixture-tdar/c5/artifacts/methane-z-b96.npz,/nvme/Sync/ThermoGPU/benchmarks/results-distinct-mixture-hardware-sweep/c5-b96/c5-b96-cpsat.cpwa
5,96,100000,0.000591866530543988,0.0017202803445622822,0.002427864920033551,96,165,0.046983951004222035,4.07775998,245232677.96649474,1390,165,1060,165,1390,319,255,156,156,160,0.0,/nvme/Sync/ThermoGPU/benchmarks/results-distinct-mixture-tdar/c5/artifacts/methane-z-b96.npz,/nvme/Sync/ThermoGPU/benchmarks/results-distinct-mixture-hardware-sweep/c5-b96/c5-b96-cpsat.cpwa
5,96,1000000,0.000591866530543988,0.0017202803445622822,0.002427864920033551,96,165,0.046983951004222035,4.07615995,245328940.048096,1390,165,1060,165,1390,319,255,156,156,160,0.0,/nvme/Sync/ThermoGPU/benchmarks/results-distinct-mixture-tdar/c5/artifacts/methane-z-b96.npz,/nvme/Sync/ThermoGPU/benchmarks/results-distinct-mixture-hardware-sweep/c5-b96/c5-b96-cpsat.cpwa
5,128,1,0.00035934251615852214,0.0010121813938903498,0.0018352479098073804,128,225,0.07816592801827937,36607.9994,27316.4340141461,2193,225,1697,271,2193,500,255,724,724,728,0.0,/nvme/Sync/ThermoGPU/benchmarks/results-distinct-mixture-tdar/c5/artifacts/methane-z-b128.npz,/nvme/Sync/ThermoGPU/benchmarks/results-distinct-mixture-hardware-sweep/c5-b128/c5-b128-cpsat.cpwa
5,128,10,0.00035934251615852214,0.0010121813938903498,0.0018352479098073804,128,225,0.07816592801827937,3670.40001,272449.8684817735,2193,225,1697,271,2193,500,255,724,724,728,0.0,/nvme/Sync/ThermoGPU/benchmarks/results-distinct-mixture-tdar/c5/artifacts/methane-z-b128.npz,/nvme/Sync/ThermoGPU/benchmarks/results-distinct-mixture-hardware-sweep/c5-b128/c5-b128-cpsat.cpwa
5,128,100,0.00035934251615852214,0.0010121813938903498,0.0018352479098073804,128,225,0.07816592801827937,334.080011,2993294.9205991253,2193,225,1697,271,2193,500,255,724,724,728,0.0,/nvme/Sync/ThermoGPU/benchmarks/results-distinct-mixture-tdar/c5/artifacts/methane-z-b128.npz,/nvme/Sync/ThermoGPU/benchmarks/results-distinct-mixture-hardware-sweep/c5-b128/c5-b128-cpsat.cpwa
5,128,1000,0.00035934251615852214,0.0010121813938903498,0.0018352479098073804,128,225,0.07816592801827937,33.7279998,29648956.532548368,2193,225,1697,271,2193,500,255,724,724,728,0.0,/nvme/Sync/ThermoGPU/benchmarks/results-distinct-mixture-tdar/c5/artifacts/methane-z-b128.npz,/nvme/Sync/ThermoGPU/benchmarks/results-distinct-mixture-hardware-sweep/c5-b128/c5-b128-cpsat.cpwa
5,128,10000,0.00035934251615852214,0.0010121813938903498,0.0018352479098073804,128,225,0.07816592801827937,15.8559993,63067611.260552965,2193,225,1697,271,2193,500,255,724,724,728,0.0,/nvme/Sync/ThermoGPU/benchmarks/results-distinct-mixture-tdar/c5/artifacts/methane-z-b128.npz,/nvme/Sync/ThermoGPU/benchmarks/results-distinct-mixture-hardware-sweep/c5-b128/c5-b128-cpsat.cpwa
5,128,100000,0.00035934251615852214,0.0010121813938903498,0.0018352479098073804,128,225,0.07816592801827937,14.9264002,66995389.8194422,2193,225,1697,271,2193,500,255,724,724,728,0.0,/nvme/Sync/ThermoGPU/benchmarks/results-distinct-mixture-tdar/c5/artifacts/methane-z-b128.npz,/nvme/Sync/ThermoGPU/benchmarks/results-distinct-mixture-hardware-sweep/c5-b128/c5-b128-cpsat.cpwa
5,128,1000000,0.00035934251615852214,0.0010121813938903498,0.0018352479098073804,128,225,0.07816592801827937,13.6969919,73008731.20907664,2193,225,1697,271,2193,500,255,724,724,728,0.0,/nvme/Sync/ThermoGPU/benchmarks/results-distinct-mixture-tdar/c5/artifacts/methane-z-b128.npz,/nvme/Sync/ThermoGPU/benchmarks/results-distinct-mixture-hardware-sweep/c5-b128/c5-b128-cpsat.cpwa
