components,budget,rmse,p99_abs,max_abs,points,simplices,tdar_seconds,batch,ns_per_eval,dag_nodes,affine_nodes,min_nodes,max_nodes,executed_ops,live_slots,registers,spill_store_bytes,spill_load_bytes,stack_frame_bytes,max_delta_cpu,tdar_artifact,cpwa_artifact
1,16,0.005035772712008456,0.024678766431902692,0.04334175307754584,16,26,0.004687210079282522,1,5055.99985,72,26,35,11,72,17,26,0,0,0,0.0,/nvme/Sync/ThermoGPU/benchmarks/results-distinct-mixture-tdar/c1/artifacts/methane-z-b16.npz,/nvme/Sync/ThermoGPU/benchmarks/results-distinct-mixture-hardware-sweep/c1-b16/c1-b16-cpsat.cpwa
1,16,0.005035772712008456,0.024678766431902692,0.04334175307754584,16,26,0.004687210079282522,10,492.799981,72,26,35,11,72,17,26,0,0,0,0.0,/nvme/Sync/ThermoGPU/benchmarks/results-distinct-mixture-tdar/c1/artifacts/methane-z-b16.npz,/nvme/Sync/ThermoGPU/benchmarks/results-distinct-mixture-hardware-sweep/c1-b16/c1-b16-cpsat.cpwa
1,16,0.005035772712008456,0.024678766431902692,0.04334175307754584,16,26,0.004687210079282522,100,49.2799981,72,26,35,11,72,17,26,0,0,0,0.0,/nvme/Sync/ThermoGPU/benchmarks/results-distinct-mixture-tdar/c1/artifacts/methane-z-b16.npz,/nvme/Sync/ThermoGPU/benchmarks/results-distinct-mixture-hardware-sweep/c1-b16/c1-b16-cpsat.cpwa
1,16,0.005035772712008456,0.024678766431902692,0.04334175307754584,16,26,0.004687210079282522,1000,5.11999987,72,26,35,11,72,17,26,0,0,0,0.0,/nvme/Sync/ThermoGPU/benchmarks/results-distinct-mixture-tdar/c1/artifacts/methane-z-b16.npz,/nvme/Sync/ThermoGPU/benchmarks/results-distinct-mixture-hardware-sweep/c1-b16/c1-b16-cpsat.cpwa
1,16,0.005035772712008456,0.024678766431902692,0.04334175307754584,16,26,0.004687210079282522,10000,0.668800017,72,26,35,11,72,17,26,0,0,0,0.0,/nvme/Sync/ThermoGPU/benchmarks/results-distinct-mixture-tdar/c1/artifacts/methane-z-b16.npz,/nvme/Sync/ThermoGPU/benchmarks/results-distinct-mixture-hardware-sweep/c1-b16/c1-b16-cpsat.cpwa
1,16,0.005035772712008456,0.024678766431902692,0.04334175307754584,16,26,0.004687210079282522,100000,0.224319994,72,26,35,11,72,17,26,0,0,0,0.0,/nvme/Sync/ThermoGPU/benchmarks/results-distinct-mixture-tdar/c1/artifacts/methane-z-b16.npz,/nvme/Sync/ThermoGPU/benchmarks/results-distinct-mixture-hardware-sweep/c1-b16/c1-b16-cpsat.cpwa
1,16,0.005035772712008456,0.024678766431902692,0.04334175307754584,16,26,0.004687210079282522,1000000,0.184095994,72,26,35,11,72,17,26,0,0,0,0.0,/nvme/Sync/ThermoGPU/benchmarks/results-distinct-mixture-tdar/c1/artifacts/methane-z-b16.npz,/nvme/Sync/ThermoGPU/benchmarks/results-distinct-mixture-hardware-sweep/c1-b16/c1-b16-cpsat.cpwa
1,24,0.0021142784556413435,0.00654996588890694,0.01665701079230575,24,40,0.009474363992922008,1,5119.99987,152,40,92,20,152,35,31,0,0,0,0.0,/nvme/Sync/ThermoGPU/benchmarks/results-distinct-mixture-tdar/c1/artifacts/methane-z-b24.npz,/nvme/Sync/ThermoGPU/benchmarks/results-distinct-mixture-hardware-sweep/c1-b24/c1-b24-cpsat.cpwa
1,24,0.0021142784556413435,0.00654996588890694,0.01665701079230575,24,40,0.009474363992922008,10,508.800009,152,40,92,20,152,35,31,0,0,0,0.0,/nvme/Sync/ThermoGPU/benchmarks/results-distinct-mixture-tdar/c1/artifacts/methane-z-b24.npz,/nvme/Sync/ThermoGPU/benchmarks/results-distinct-mixture-hardware-sweep/c1-b24/c1-b24-cpsat.cpwa
1,24,0.0021142784556413435,0.00654996588890694,0.01665701079230575,24,40,0.009474363992922008,100,52.8000016,152,40,92,20,152,35,31,0,0,0,0.0,/nvme/Sync/ThermoGPU/benchmarks/results-distinct-mixture-tdar/c1/artifacts/methane-z-b24.npz,/nvme/Sync/ThermoGPU/benchmarks/results-distinct-mixture-hardware-sweep/c1-b24/c1-b24-cpsat.cpwa
1,24,0.0021142784556413435,0.00654996588890694,0.01665701079230575,24,40,0.009474363992922008,1000,5.5999998,152,40,92,20,152,35,31,0,0,0,0.0,/nvme/Sync/ThermoGPU/benchmarks/results-distinct-mixture-tdar/c1/artifacts/methane-z-b24.npz,/nvme/Sync/ThermoGPU/benchmarks/results-distinct-mixture-hardware-sweep/c1-b24/c1-b24-cpsat.cpwa
1,24,0.0021142784556413435,0.00654996588890694,0.01665701079230575,24,40,0.009474363992922008,10000,0.940799993,152,40,92,20,152,35,31,0,0,0,0.0,/nvme/Sync/ThermoGPU/benchmarks/results-distinct-mixture-tdar/c1/artifacts/methane-z-b24.npz,/nvme/Sync/ThermoGPU/benchmarks/results-distinct-mixture-hardware-sweep/c1-b24/c1-b24-cpsat.cpwa
1,24,0.0021142784556413435,0.00654996588890694,0.01665701079230575,24,40,0.009474363992922008,100000,0.388480015,152,40,92,20,152,35,31,0,0,0,0.0,/nvme/Sync/ThermoGPU/benchmarks/results-distinct-mixture-tdar/c1/artifacts/methane-z-b24.npz,/nvme/Sync/ThermoGPU/benchmarks/results-distinct-mixture-hardware-sweep/c1-b24/c1-b24-cpsat.cpwa
1,24,0.0021142784556413435,0.00654996588890694,0.01665701079230575,24,40,0.009474363992922008,1000000,0.343456,152,40,92,20,152,35,31,0,0,0,0.0,/nvme/Sync/ThermoGPU/benchmarks/results-distinct-mixture-tdar/c1/artifacts/methane-z-b24.npz,/nvme/Sync/ThermoGPU/benchmarks/results-distinct-mixture-hardware-sweep/c1-b24/c1-b24-cpsat.cpwa
1,32,0.0012877636231141984,0.003569945842691297,0.006192332666692835,32,52,0.012350459932349622,1,5632.00004,254,52,167,35,254,52,48,0,0,0,0.0,/nvme/Sync/ThermoGPU/benchmarks/results-distinct-mixture-tdar/c1/artifacts/methane-z-b32.npz,/nvme/Sync/ThermoGPU/benchmarks/results-distinct-mixture-hardware-sweep/c1-b32/c1-b32-cpsat.cpwa
1,32,0.0012877636231141984,0.003569945842691297,0.006192332666692835,32,52,0.012350459932349622,10,559.99998,254,52,167,35,254,52,48,0,0,0,0.0,/nvme/Sync/ThermoGPU/benchmarks/results-distinct-mixture-tdar/c1/artifacts/methane-z-b32.npz,/nvme/Sync/ThermoGPU/benchmarks/results-distinct-mixture-hardware-sweep/c1-b32/c1-b32-cpsat.cpwa
1,32,0.0012877636231141984,0.003569945842691297,0.006192332666692835,32,52,0.012350459932349622,100,55.6800002,254,52,167,35,254,52,48,0,0,0,0.0,/nvme/Sync/ThermoGPU/benchmarks/results-distinct-mixture-tdar/c1/artifacts/methane-z-b32.npz,/nvme/Sync/ThermoGPU/benchmarks/results-distinct-mixture-hardware-sweep/c1-b32/c1-b32-cpsat.cpwa
1,32,0.0012877636231141984,0.003569945842691297,0.006192332666692835,32,52,0.012350459932349622,1000,6.11199997,254,52,167,35,254,52,48,0,0,0,0.0,/nvme/Sync/ThermoGPU/benchmarks/results-distinct-mixture-tdar/c1/artifacts/methane-z-b32.npz,/nvme/Sync/ThermoGPU/benchmarks/results-distinct-mixture-hardware-sweep/c1-b32/c1-b32-cpsat.cpwa
1,32,0.0012877636231141984,0.003569945842691297,0.006192332666692835,32,52,0.012350459932349622,10000,1.0272,254,52,167,35,254,52,48,0,0,0,0.0,/nvme/Sync/ThermoGPU/benchmarks/results-distinct-mixture-tdar/c1/artifacts/methane-z-b32.npz,/nvme/Sync/ThermoGPU/benchmarks/results-distinct-mixture-hardware-sweep/c1-b32/c1-b32-cpsat.cpwa
1,32,0.0012877636231141984,0.003569945842691297,0.006192332666692835,32,52,0.012350459932349622,100000,0.595199987,254,52,167,35,254,52,48,0,0,0,0.0,/nvme/Sync/ThermoGPU/benchmarks/results-distinct-mixture-tdar/c1/artifacts/methane-z-b32.npz,/nvme/Sync/ThermoGPU/benchmarks/results-distinct-mixture-hardware-sweep/c1-b32/c1-b32-cpsat.cpwa
1,32,0.0012877636231141984,0.003569945842691297,0.006192332666692835,32,52,0.012350459932349622,1000000,0.550400019,254,52,167,35,254,52,48,0,0,0,0.0,/nvme/Sync/ThermoGPU/benchmarks/results-distinct-mixture-tdar/c1/artifacts/methane-z-b32.npz,/nvme/Sync/ThermoGPU/benchmarks/results-distinct-mixture-hardware-sweep/c1-b32/c1-b32-cpsat.cpwa
1,48,0.0007703086845547998,0.0020563112070939808,0.002773954971125203,48,80,0.01994198001921177,1,6335.99982,527,80,380,67,527,120,125,0,0,0,0.0,/nvme/Sync/ThermoGPU/benchmarks/results-distinct-mixture-tdar/c1/artifacts/methane-z-b48.npz,/nvme/Sync/ThermoGPU/benchmarks/results-distinct-mixture-hardware-sweep/c1-b48/c1-b48-cpsat.cpwa
1,48,0.0007703086845547998,0.0020563112070939808,0.002773954971125203,48,80,0.01994198001921177,10,656.000013,527,80,380,67,527,120,125,0,0,0,0.0,/nvme/Sync/ThermoGPU/benchmarks/results-distinct-mixture-tdar/c1/artifacts/methane-z-b48.npz,/nvme/Sync/ThermoGPU/benchmarks/results-distinct-mixture-hardware-sweep/c1-b48/c1-b48-cpsat.cpwa
1,48,0.0007703086845547998,0.0020563112070939808,0.002773954971125203,48,80,0.01994198001921177,100,63.9999984,527,80,380,67,527,120,125,0,0,0,0.0,/nvme/Sync/ThermoGPU/benchmarks/results-distinct-mixture-tdar/c1/artifacts/methane-z-b48.npz,/nvme/Sync/ThermoGPU/benchmarks/results-distinct-mixture-hardware-sweep/c1-b48/c1-b48-cpsat.cpwa
1,48,0.0007703086845547998,0.0020563112070939808,0.002773954971125203,48,80,0.01994198001921177,1000,7.77600007,527,80,380,67,527,120,125,0,0,0,0.0,/nvme/Sync/ThermoGPU/benchmarks/results-distinct-mixture-tdar/c1/artifacts/methane-z-b48.npz,/nvme/Sync/ThermoGPU/benchmarks/results-distinct-mixture-hardware-sweep/c1-b48/c1-b48-cpsat.cpwa
1,48,0.0007703086845547998,0.0020563112070939808,0.002773954971125203,48,80,0.01994198001921177,10000,1.74720008,527,80,380,67,527,120,125,0,0,0,0.0,/nvme/Sync/ThermoGPU/benchmarks/results-distinct-mixture-tdar/c1/artifacts/methane-z-b48.npz,/nvme/Sync/ThermoGPU/benchmarks/results-distinct-mixture-hardware-sweep/c1-b48/c1-b48-cpsat.cpwa
1,48,0.0007703086845547998,0.0020563112070939808,0.002773954971125203,48,80,0.01994198001921177,100000,1.30175993,527,80,380,67,527,120,125,0,0,0,0.0,/nvme/Sync/ThermoGPU/benchmarks/results-distinct-mixture-tdar/c1/artifacts/methane-z-b48.npz,/nvme/Sync/ThermoGPU/benchmarks/results-distinct-mixture-hardware-sweep/c1-b48/c1-b48-cpsat.cpwa
1,48,0.0007703086845547998,0.0020563112070939808,0.002773954971125203,48,80,0.01994198001921177,1000000,1.23913598,527,80,380,67,527,120,125,0,0,0,0.0,/nvme/Sync/ThermoGPU/benchmarks/results-distinct-mixture-tdar/c1/artifacts/methane-z-b48.npz,/nvme/Sync/ThermoGPU/benchmarks/results-distinct-mixture-hardware-sweep/c1-b48/c1-b48-cpsat.cpwa
1,64,0.000539661254588657,0.001540795951388282,0.002152390914877955,64,108,0.02886393095832318,1,9631.99977,794,108,591,95,794,164,167,0,0,0,0.0,/nvme/Sync/ThermoGPU/benchmarks/results-distinct-mixture-tdar/c1/artifacts/methane-z-b64.npz,/nvme/Sync/ThermoGPU/benchmarks/results-distinct-mixture-hardware-sweep/c1-b64/c1-b64-cpsat.cpwa
1,64,0.000539661254588657,0.001540795951388282,0.002152390914877955,64,108,0.02886393095832318,10,953.599997,794,108,591,95,794,164,167,0,0,0,0.0,/nvme/Sync/ThermoGPU/benchmarks/results-distinct-mixture-tdar/c1/artifacts/methane-z-b64.npz,/nvme/Sync/ThermoGPU/benchmarks/results-distinct-mixture-hardware-sweep/c1-b64/c1-b64-cpsat.cpwa
1,64,0.000539661254588657,0.001540795951388282,0.002152390914877955,64,108,0.02886393095832318,100,89.28,794,108,591,95,794,164,167,0,0,0,0.0,/nvme/Sync/ThermoGPU/benchmarks/results-distinct-mixture-tdar/c1/artifacts/methane-z-b64.npz,/nvme/Sync/ThermoGPU/benchmarks/results-distinct-mixture-hardware-sweep/c1-b64/c1-b64-cpsat.cpwa
1,64,0.000539661254588657,0.001540795951388282,0.002152390914877955,64,108,0.02886393095832318,1000,8.96000024,794,108,591,95,794,164,167,0,0,0,0.0,/nvme/Sync/ThermoGPU/benchmarks/results-distinct-mixture-tdar/c1/artifacts/methane-z-b64.npz,/nvme/Sync/ThermoGPU/benchmarks/results-distinct-mixture-hardware-sweep/c1-b64/c1-b64-cpsat.cpwa
1,64,0.000539661254588657,0.001540795951388282,0.002152390914877955,64,108,0.02886393095832318,10000,2.7392,794,108,591,95,794,164,167,0,0,0,0.0,/nvme/Sync/ThermoGPU/benchmarks/results-distinct-mixture-tdar/c1/artifacts/methane-z-b64.npz,/nvme/Sync/ThermoGPU/benchmarks/results-distinct-mixture-hardware-sweep/c1-b64/c1-b64-cpsat.cpwa
1,64,0.000539661254588657,0.001540795951388282,0.002152390914877955,64,108,0.02886393095832318,100000,2.11648002,794,108,591,95,794,164,167,0,0,0,0.0,/nvme/Sync/ThermoGPU/benchmarks/results-distinct-mixture-tdar/c1/artifacts/methane-z-b64.npz,/nvme/Sync/ThermoGPU/benchmarks/results-distinct-mixture-hardware-sweep/c1-b64/c1-b64-cpsat.cpwa
1,64,0.000539661254588657,0.001540795951388282,0.002152390914877955,64,108,0.02886393095832318,1000000,2.14374399,794,108,591,95,794,164,167,0,0,0,0.0,/nvme/Sync/ThermoGPU/benchmarks/results-distinct-mixture-tdar/c1/artifacts/methane-z-b64.npz,/nvme/Sync/ThermoGPU/benchmarks/results-distinct-mixture-hardware-sweep/c1-b64/c1-b64-cpsat.cpwa
1,96,0.00034104209185099004,0.0009612977226246969,0.001474863704864382,96,164,0.05053527804557234,1,12927.9997,1345,164,1014,167,1345,297,255,8,8,8,0.0,/nvme/Sync/ThermoGPU/benchmarks/results-distinct-mixture-tdar/c1/artifacts/methane-z-b96.npz,/nvme/Sync/ThermoGPU/benchmarks/results-distinct-mixture-hardware-sweep/c1-b96/c1-b96-cpsat.cpwa
1,96,0.00034104209185099004,0.0009612977226246969,0.001474863704864382,96,164,0.05053527804557234,10,1292.79997,1345,164,1014,167,1345,297,255,8,8,8,0.0,/nvme/Sync/ThermoGPU/benchmarks/results-distinct-mixture-tdar/c1/artifacts/methane-z-b96.npz,/nvme/Sync/ThermoGPU/benchmarks/results-distinct-mixture-hardware-sweep/c1-b96/c1-b96-cpsat.cpwa
1,96,0.00034104209185099004,0.0009612977226246969,0.001474863704864382,96,164,0.05053527804557234,100,118.079996,1345,164,1014,167,1345,297,255,8,8,8,0.0,/nvme/Sync/ThermoGPU/benchmarks/results-distinct-mixture-tdar/c1/artifacts/methane-z-b96.npz,/nvme/Sync/ThermoGPU/benchmarks/results-distinct-mixture-hardware-sweep/c1-b96/c1-b96-cpsat.cpwa
1,96,0.00034104209185099004,0.0009612977226246969,0.001474863704864382,96,164,0.05053527804557234,1000,11.7119998,1345,164,1014,167,1345,297,255,8,8,8,0.0,/nvme/Sync/ThermoGPU/benchmarks/results-distinct-mixture-tdar/c1/artifacts/methane-z-b96.npz,/nvme/Sync/ThermoGPU/benchmarks/results-distinct-mixture-hardware-sweep/c1-b96/c1-b96-cpsat.cpwa
1,96,0.00034104209185099004,0.0009612977226246969,0.001474863704864382,96,164,0.05053527804557234,10000,4.0736001,1345,164,1014,167,1345,297,255,8,8,8,0.0,/nvme/Sync/ThermoGPU/benchmarks/results-distinct-mixture-tdar/c1/artifacts/methane-z-b96.npz,/nvme/Sync/ThermoGPU/benchmarks/results-distinct-mixture-hardware-sweep/c1-b96/c1-b96-cpsat.cpwa
1,96,0.00034104209185099004,0.0009612977226246969,0.001474863704864382,96,164,0.05053527804557234,100000,3.29984009,1345,164,1014,167,1345,297,255,8,8,8,0.0,/nvme/Sync/ThermoGPU/benchmarks/results-distinct-mixture-tdar/c1/artifacts/methane-z-b96.npz,/nvme/Sync/ThermoGPU/benchmarks/results-distinct-mixture-hardware-sweep/c1-b96/c1-b96-cpsat.cpwa
1,96,0.00034104209185099004,0.0009612977226246969,0.001474863704864382,96,164,0.05053527804557234,1000000,3.31689596,1345,164,1014,167,1345,297,255,8,8,8,0.0,/nvme/Sync/ThermoGPU/benchmarks/results-distinct-mixture-tdar/c1/artifacts/methane-z-b96.npz,/nvme/Sync/ThermoGPU/benchmarks/results-distinct-mixture-hardware-sweep/c1-b96/c1-b96-cpsat.cpwa
1,128,0.0002582874077028154,0.0007570681322109597,0.0010272705488628686,128,221,0.08207124995533377,1,24032.0005,2031,221,1566,244,2031,444,255,676,676,680,0.0,/nvme/Sync/ThermoGPU/benchmarks/results-distinct-mixture-tdar/c1/artifacts/methane-z-b128.npz,/nvme/Sync/ThermoGPU/benchmarks/results-distinct-mixture-hardware-sweep/c1-b128/c1-b128-cpsat.cpwa
1,128,0.0002582874077028154,0.0007570681322109597,0.0010272705488628686,128,221,0.08207124995533377,10,2448.00001,2031,221,1566,244,2031,444,255,676,676,680,0.0,/nvme/Sync/ThermoGPU/benchmarks/results-distinct-mixture-tdar/c1/artifacts/methane-z-b128.npz,/nvme/Sync/ThermoGPU/benchmarks/results-distinct-mixture-hardware-sweep/c1-b128/c1-b128-cpsat.cpwa
1,128,0.0002582874077028154,0.0007570681322109597,0.0010272705488628686,128,221,0.08207124995533377,100,223.040003,2031,221,1566,244,2031,444,255,676,676,680,0.0,/nvme/Sync/ThermoGPU/benchmarks/results-distinct-mixture-tdar/c1/artifacts/methane-z-b128.npz,/nvme/Sync/ThermoGPU/benchmarks/results-distinct-mixture-hardware-sweep/c1-b128/c1-b128-cpsat.cpwa
1,128,0.0002582874077028154,0.0007570681322109597,0.0010272705488628686,128,221,0.08207124995533377,1000,22.752,2031,221,1566,244,2031,444,255,676,676,680,0.0,/nvme/Sync/ThermoGPU/benchmarks/results-distinct-mixture-tdar/c1/artifacts/methane-z-b128.npz,/nvme/Sync/ThermoGPU/benchmarks/results-distinct-mixture-hardware-sweep/c1-b128/c1-b128-cpsat.cpwa
1,128,0.0002582874077028154,0.0007570681322109597,0.0010272705488628686,128,221,0.08207124995533377,10000,9.98400003,2031,221,1566,244,2031,444,255,676,676,680,0.0,/nvme/Sync/ThermoGPU/benchmarks/results-distinct-mixture-tdar/c1/artifacts/methane-z-b128.npz,/nvme/Sync/ThermoGPU/benchmarks/results-distinct-mixture-hardware-sweep/c1-b128/c1-b128-cpsat.cpwa
1,128,0.0002582874077028154,0.0007570681322109597,0.0010272705488628686,128,221,0.08207124995533377,100000,9.3513602,2031,221,1566,244,2031,444,255,676,676,680,0.0,/nvme/Sync/ThermoGPU/benchmarks/results-distinct-mixture-tdar/c1/artifacts/methane-z-b128.npz,/nvme/Sync/ThermoGPU/benchmarks/results-distinct-mixture-hardware-sweep/c1-b128/c1-b128-cpsat.cpwa
1,128,0.0002582874077028154,0.0007570681322109597,0.0010272705488628686,128,221,0.08207124995533377,1000000,9.25743961,2031,221,1566,244,2031,444,255,676,676,680,0.0,/nvme/Sync/ThermoGPU/benchmarks/results-distinct-mixture-tdar/c1/artifacts/methane-z-b128.npz,/nvme/Sync/ThermoGPU/benchmarks/results-distinct-mixture-hardware-sweep/c1-b128/c1-b128-cpsat.cpwa
2,16,0.0064544384954823295,0.03154561472283422,0.055608752448372156,16,26,0.005535340984351933,1,4672.00018,77,26,39,12,77,19,22,0,0,0,0.0,/nvme/Sync/ThermoGPU/benchmarks/results-distinct-mixture-tdar/c2/artifacts/methane-z-b16.npz,/nvme/Sync/ThermoGPU/benchmarks/results-distinct-mixture-hardware-sweep/c2-b16/c2-b16-cpsat.cpwa
2,16,0.0064544384954823295,0.03154561472283422,0.055608752448372156,16,26,0.005535340984351933,10,448.000012,77,26,39,12,77,19,22,0,0,0,0.0,/nvme/Sync/ThermoGPU/benchmarks/results-distinct-mixture-tdar/c2/artifacts/methane-z-b16.npz,/nvme/Sync/ThermoGPU/benchmarks/results-distinct-mixture-hardware-sweep/c2-b16/c2-b16-cpsat.cpwa
2,16,0.0064544384954823295,0.03154561472283422,0.055608752448372156,16,26,0.005535340984351933,100,47.0399996,77,26,39,12,77,19,22,0,0,0,0.0,/nvme/Sync/ThermoGPU/benchmarks/results-distinct-mixture-tdar/c2/artifacts/methane-z-b16.npz,/nvme/Sync/ThermoGPU/benchmarks/results-distinct-mixture-hardware-sweep/c2-b16/c2-b16-cpsat.cpwa
2,16,0.0064544384954823295,0.03154561472283422,0.055608752448372156,16,26,0.005535340984351933,1000,4.80000023,77,26,39,12,77,19,22,0,0,0,0.0,/nvme/Sync/ThermoGPU/benchmarks/results-distinct-mixture-tdar/c2/artifacts/methane-z-b16.npz,/nvme/Sync/ThermoGPU/benchmarks/results-distinct-mixture-hardware-sweep/c2-b16/c2-b16-cpsat.cpwa
2,16,0.0064544384954823295,0.03154561472283422,0.055608752448372156,16,26,0.005535340984351933,10000,0.611199997,77,26,39,12,77,19,22,0,0,0,0.0,/nvme/Sync/ThermoGPU/benchmarks/results-distinct-mixture-tdar/c2/artifacts/methane-z-b16.npz,/nvme/Sync/ThermoGPU/benchmarks/results-distinct-mixture-hardware-sweep/c2-b16/c2-b16-cpsat.cpwa
2,16,0.0064544384954823295,0.03154561472283422,0.055608752448372156,16,26,0.005535340984351933,100000,0.208000001,77,26,39,12,77,19,22,0,0,0,0.0,/nvme/Sync/ThermoGPU/benchmarks/results-distinct-mixture-tdar/c2/artifacts/methane-z-b16.npz,/nvme/Sync/ThermoGPU/benchmarks/results-distinct-mixture-hardware-sweep/c2-b16/c2-b16-cpsat.cpwa
2,16,0.0064544384954823295,0.03154561472283422,0.055608752448372156,16,26,0.005535340984351933,1000000,0.173184007,77,26,39,12,77,19,22,0,0,0,0.0,/nvme/Sync/ThermoGPU/benchmarks/results-distinct-mixture-tdar/c2/artifacts/methane-z-b16.npz,/nvme/Sync/ThermoGPU/benchmarks/results-distinct-mixture-hardware-sweep/c2-b16/c2-b16-cpsat.cpwa
2,24,0.0026733982984239774,0.00831947416001643,0.02164582196696907,24,40,0.013864201959222555,1,5247.99991,133,40,76,17,133,33,31,0,0,0,0.0,/nvme/Sync/ThermoGPU/benchmarks/results-distinct-mixture-tdar/c2/artifacts/methane-z-b24.npz,/nvme/Sync/ThermoGPU/benchmarks/results-distinct-mixture-hardware-sweep/c2-b24/c2-b24-cpsat.cpwa
2,24,0.0026733982984239774,0.00831947416001643,0.02164582196696907,24,40,0.013864201959222555,10,528.000016,133,40,76,17,133,33,31,0,0,0,0.0,/nvme/Sync/ThermoGPU/benchmarks/results-distinct-mixture-tdar/c2/artifacts/methane-z-b24.npz,/nvme/Sync/ThermoGPU/benchmarks/results-distinct-mixture-hardware-sweep/c2-b24/c2-b24-cpsat.cpwa
2,24,0.0026733982984239774,0.00831947416001643,0.02164582196696907,24,40,0.013864201959222555,100,50.8800009,133,40,76,17,133,33,31,0,0,0,0.0,/nvme/Sync/ThermoGPU/benchmarks/results-distinct-mixture-tdar/c2/artifacts/methane-z-b24.npz,/nvme/Sync/ThermoGPU/benchmarks/results-distinct-mixture-hardware-sweep/c2-b24/c2-b24-cpsat.cpwa
2,24,0.0026733982984239774,0.00831947416001643,0.02164582196696907,24,40,0.013864201959222555,1000,5.34400018,133,40,76,17,133,33,31,0,0,0,0.0,/nvme/Sync/ThermoGPU/benchmarks/results-distinct-mixture-tdar/c2/artifacts/methane-z-b24.npz,/nvme/Sync/ThermoGPU/benchmarks/results-distinct-mixture-hardware-sweep/c2-b24/c2-b24-cpsat.cpwa
2,24,0.0026733982984239774,0.00831947416001643,0.02164582196696907,24,40,0.013864201959222555,10000,0.787200034,133,40,76,17,133,33,31,0,0,0,0.0,/nvme/Sync/ThermoGPU/benchmarks/results-distinct-mixture-tdar/c2/artifacts/methane-z-b24.npz,/nvme/Sync/ThermoGPU/benchmarks/results-distinct-mixture-hardware-sweep/c2-b24/c2-b24-cpsat.cpwa
2,24,0.0026733982984239774,0.00831947416001643,0.02164582196696907,24,40,0.013864201959222555,100000,0.35360001,133,40,76,17,133,33,31,0,0,0,0.0,/nvme/Sync/ThermoGPU/benchmarks/results-distinct-mixture-tdar/c2/artifacts/methane-z-b24.npz,/nvme/Sync/ThermoGPU/benchmarks/results-distinct-mixture-hardware-sweep/c2-b24/c2-b24-cpsat.cpwa
2,24,0.0026733982984239774,0.00831947416001643,0.02164582196696907,24,40,0.013864201959222555,1000000,0.309087992,133,40,76,17,133,33,31,0,0,0,0.0,/nvme/Sync/ThermoGPU/benchmarks/results-distinct-mixture-tdar/c2/artifacts/methane-z-b24.npz,/nvme/Sync/ThermoGPU/benchmarks/results-distinct-mixture-hardware-sweep/c2-b24/c2-b24-cpsat.cpwa
2,32,0.002115247256413587,0.006653867225672598,0.009364929798562738,32,53,0.01959079096559435,1,5663.99982,228,53,144,31,228,48,48,0,0,0,0.0,/nvme/Sync/ThermoGPU/benchmarks/results-distinct-mixture-tdar/c2/artifacts/methane-z-b32.npz,/nvme/Sync/ThermoGPU/benchmarks/results-distinct-mixture-hardware-sweep/c2-b32/c2-b32-cpsat.cpwa
2,32,0.002115247256413587,0.006653867225672598,0.009364929798562738,32,53,0.01959079096559435,10,540.80002,228,53,144,31,228,48,48,0,0,0,0.0,/nvme/Sync/ThermoGPU/benchmarks/results-distinct-mixture-tdar/c2/artifacts/methane-z-b32.npz,/nvme/Sync/ThermoGPU/benchmarks/results-distinct-mixture-hardware-sweep/c2-b32/c2-b32-cpsat.cpwa
2,32,0.002115247256413587,0.006653867225672598,0.009364929798562738,32,53,0.01959079096559435,100,55.999998,228,53,144,31,228,48,48,0,0,0,0.0,/nvme/Sync/ThermoGPU/benchmarks/results-distinct-mixture-tdar/c2/artifacts/methane-z-b32.npz,/nvme/Sync/ThermoGPU/benchmarks/results-distinct-mixture-hardware-sweep/c2-b32/c2-b32-cpsat.cpwa
2,32,0.002115247256413587,0.006653867225672598,0.009364929798562738,32,53,0.01959079096559435,1000,5.91999991,228,53,144,31,228,48,48,0,0,0,0.0,/nvme/Sync/ThermoGPU/benchmarks/results-distinct-mixture-tdar/c2/artifacts/methane-z-b32.npz,/nvme/Sync/ThermoGPU/benchmarks/results-distinct-mixture-hardware-sweep/c2-b32/c2-b32-cpsat.cpwa
2,32,0.002115247256413587,0.006653867225672598,0.009364929798562738,32,53,0.01959079096559435,10000,1.0272,228,53,144,31,228,48,48,0,0,0,0.0,/nvme/Sync/ThermoGPU/benchmarks/results-distinct-mixture-tdar/c2/artifacts/methane-z-b32.npz,/nvme/Sync/ThermoGPU/benchmarks/results-distinct-mixture-hardware-sweep/c2-b32/c2-b32-cpsat.cpwa
2,32,0.002115247256413587,0.006653867225672598,0.009364929798562738,32,53,0.01959079096559435,100000,0.563200004,228,53,144,31,228,48,48,0,0,0,0.0,/nvme/Sync/ThermoGPU/benchmarks/results-distinct-mixture-tdar/c2/artifacts/methane-z-b32.npz,/nvme/Sync/ThermoGPU/benchmarks/results-distinct-mixture-hardware-sweep/c2-b32/c2-b32-cpsat.cpwa
2,32,0.002115247256413587,0.006653867225672598,0.009364929798562738,32,53,0.01959079096559435,1000000,0.517343998,228,53,144,31,228,48,48,0,0,0,0.0,/nvme/Sync/ThermoGPU/benchmarks/results-distinct-mixture-tdar/c2/artifacts/methane-z-b32.npz,/nvme/Sync/ThermoGPU/benchmarks/results-distinct-mixture-hardware-sweep/c2-b32/c2-b32-cpsat.cpwa
2,48,0.001005929224902897,0.002794632838111624,0.004354302246139419,48,82,0.0242181260837242,1,6432.00008,489,82,344,63,489,103,95,0,0,0,0.0,/nvme/Sync/ThermoGPU/benchmarks/results-distinct-mixture-tdar/c2/artifacts/methane-z-b48.npz,/nvme/Sync/ThermoGPU/benchmarks/results-distinct-mixture-hardware-sweep/c2-b48/c2-b48-cpsat.cpwa
2,48,0.001005929224902897,0.002794632838111624,0.004354302246139419,48,82,0.0242181260837242,10,636.800006,489,82,344,63,489,103,95,0,0,0,0.0,/nvme/Sync/ThermoGPU/benchmarks/results-distinct-mixture-tdar/c2/artifacts/methane-z-b48.npz,/nvme/Sync/ThermoGPU/benchmarks/results-distinct-mixture-hardware-sweep/c2-b48/c2-b48-cpsat.cpwa
2,48,0.001005929224902897,0.002794632838111624,0.004354302246139419,48,82,0.0242181260837242,100,65.2799988,489,82,344,63,489,103,95,0,0,0,0.0,/nvme/Sync/ThermoGPU/benchmarks/results-distinct-mixture-tdar/c2/artifacts/methane-z-b48.npz,/nvme/Sync/ThermoGPU/benchmarks/results-distinct-mixture-hardware-sweep/c2-b48/c2-b48-cpsat.cpwa
2,48,0.001005929224902897,0.002794632838111624,0.004354302246139419,48,82,0.0242181260837242,1000,7.42400018,489,82,344,63,489,103,95,0,0,0,0.0,/nvme/Sync/ThermoGPU/benchmarks/results-distinct-mixture-tdar/c2/artifacts/methane-z-b48.npz,/nvme/Sync/ThermoGPU/benchmarks/results-distinct-mixture-hardware-sweep/c2-b48/c2-b48-cpsat.cpwa
2,48,0.001005929224902897,0.002794632838111624,0.004354302246139419,48,82,0.0242181260837242,10000,1.664,489,82,344,63,489,103,95,0,0,0,0.0,/nvme/Sync/ThermoGPU/benchmarks/results-distinct-mixture-tdar/c2/artifacts/methane-z-b48.npz,/nvme/Sync/ThermoGPU/benchmarks/results-distinct-mixture-hardware-sweep/c2-b48/c2-b48-cpsat.cpwa
2,48,0.001005929224902897,0.002794632838111624,0.004354302246139419,48,82,0.0242181260837242,100000,1.22111998,489,82,344,63,489,103,95,0,0,0,0.0,/nvme/Sync/ThermoGPU/benchmarks/results-distinct-mixture-tdar/c2/artifacts/methane-z-b48.npz,/nvme/Sync/ThermoGPU/benchmarks/results-distinct-mixture-hardware-sweep/c2-b48/c2-b48-cpsat.cpwa
2,48,0.001005929224902897,0.002794632838111624,0.004354302246139419,48,82,0.0242181260837242,1000000,1.17174399,489,82,344,63,489,103,95,0,0,0,0.0,/nvme/Sync/ThermoGPU/benchmarks/results-distinct-mixture-tdar/c2/artifacts/methane-z-b48.npz,/nvme/Sync/ThermoGPU/benchmarks/results-distinct-mixture-hardware-sweep/c2-b48/c2-b48-cpsat.cpwa
2,64,0.0007187326587790541,0.001847299899487981,0.0027077352973755575,64,110,0.03748757194261998,1,10143.9999,881,110,658,113,881,190,202,0,0,0,0.0,/nvme/Sync/ThermoGPU/benchmarks/results-distinct-mixture-tdar/c2/artifacts/methane-z-b64.npz,/nvme/Sync/ThermoGPU/benchmarks/results-distinct-mixture-hardware-sweep/c2-b64/c2-b64-cpsat.cpwa
2,64,0.0007187326587790541,0.001847299899487981,0.0027077352973755575,64,110,0.03748757194261998,10,1017.60002,881,110,658,113,881,190,202,0,0,0,0.0,/nvme/Sync/ThermoGPU/benchmarks/results-distinct-mixture-tdar/c2/artifacts/methane-z-b64.npz,/nvme/Sync/ThermoGPU/benchmarks/results-distinct-mixture-hardware-sweep/c2-b64/c2-b64-cpsat.cpwa
2,64,0.0007187326587790541,0.001847299899487981,0.0027077352973755575,64,110,0.03748757194261998,100,95.3599997,881,110,658,113,881,190,202,0,0,0,0.0,/nvme/Sync/ThermoGPU/benchmarks/results-distinct-mixture-tdar/c2/artifacts/methane-z-b64.npz,/nvme/Sync/ThermoGPU/benchmarks/results-distinct-mixture-hardware-sweep/c2-b64/c2-b64-cpsat.cpwa
2,64,0.0007187326587790541,0.001847299899487981,0.0027077352973755575,64,110,0.03748757194261998,1000,9.44000017,881,110,658,113,881,190,202,0,0,0,0.0,/nvme/Sync/ThermoGPU/benchmarks/results-distinct-mixture-tdar/c2/artifacts/methane-z-b64.npz,/nvme/Sync/ThermoGPU/benchmarks/results-distinct-mixture-hardware-sweep/c2-b64/c2-b64-cpsat.cpwa
2,64,0.0007187326587790541,0.001847299899487981,0.0027077352973755575,64,110,0.03748757194261998,10000,2.97599994,881,110,658,113,881,190,202,0,0,0,0.0,/nvme/Sync/ThermoGPU/benchmarks/results-distinct-mixture-tdar/c2/artifacts/methane-z-b64.npz,/nvme/Sync/ThermoGPU/benchmarks/results-distinct-mixture-hardware-sweep/c2-b64/c2-b64-cpsat.cpwa
2,64,0.0007187326587790541,0.001847299899487981,0.0027077352973755575,64,110,0.03748757194261998,100000,2.35839993,881,110,658,113,881,190,202,0,0,0,0.0,/nvme/Sync/ThermoGPU/benchmarks/results-distinct-mixture-tdar/c2/artifacts/methane-z-b64.npz,/nvme/Sync/ThermoGPU/benchmarks/results-distinct-mixture-hardware-sweep/c2-b64/c2-b64-cpsat.cpwa
2,64,0.0007187326587790541,0.001847299899487981,0.0027077352973755575,64,110,0.03748757194261998,1000000,2.38425589,881,110,658,113,881,190,202,0,0,0,0.0,/nvme/Sync/ThermoGPU/benchmarks/results-distinct-mixture-tdar/c2/artifacts/methane-z-b64.npz,/nvme/Sync/ThermoGPU/benchmarks/results-distinct-mixture-hardware-sweep/c2-b64/c2-b64-cpsat.cpwa
2,96,0.00046562592472402674,0.0014374456737755777,0.0021070759680840156,96,166,0.0556291890097782,1,12319.9997,1287,166,976,145,1287,269,255,0,0,0,0.0,/nvme/Sync/ThermoGPU/benchmarks/results-distinct-mixture-tdar/c2/artifacts/methane-z-b96.npz,/nvme/Sync/ThermoGPU/benchmarks/results-distinct-mixture-hardware-sweep/c2-b96/c2-b96-cpsat.cpwa
2,96,0.00046562592472402674,0.0014374456737755777,0.0021070759680840156,96,166,0.0556291890097782,10,1231.99997,1287,166,976,145,1287,269,255,0,0,0,0.0,/nvme/Sync/ThermoGPU/benchmarks/results-distinct-mixture-tdar/c2/artifacts/methane-z-b96.npz,/nvme/Sync/ThermoGPU/benchmarks/results-distinct-mixture-hardware-sweep/c2-b96/c2-b96-cpsat.cpwa
2,96,0.00046562592472402674,0.0014374456737755777,0.0021070759680840156,96,166,0.0556291890097782,100,112.960003,1287,166,976,145,1287,269,255,0,0,0,0.0,/nvme/Sync/ThermoGPU/benchmarks/results-distinct-mixture-tdar/c2/artifacts/methane-z-b96.npz,/nvme/Sync/ThermoGPU/benchmarks/results-distinct-mixture-hardware-sweep/c2-b96/c2-b96-cpsat.cpwa
2,96,0.00046562592472402674,0.0014374456737755777,0.0021070759680840156,96,166,0.0556291890097782,1000,11.2319998,1287,166,976,145,1287,269,255,0,0,0,0.0,/nvme/Sync/ThermoGPU/benchmarks/results-distinct-mixture-tdar/c2/artifacts/methane-z-b96.npz,/nvme/Sync/ThermoGPU/benchmarks/results-distinct-mixture-hardware-sweep/c2-b96/c2-b96-cpsat.cpwa
2,96,0.00046562592472402674,0.0014374456737755777,0.0021070759680840156,96,166,0.0556291890097782,10000,3.8656,1287,166,976,145,1287,269,255,0,0,0,0.0,/nvme/Sync/ThermoGPU/benchmarks/results-distinct-mixture-tdar/c2/artifacts/methane-z-b96.npz,/nvme/Sync/ThermoGPU/benchmarks/results-distinct-mixture-hardware-sweep/c2-b96/c2-b96-cpsat.cpwa
2,96,0.00046562592472402674,0.0014374456737755777,0.0021070759680840156,96,166,0.0556291890097782,100000,3.11423987,1287,166,976,145,1287,269,255,0,0,0,0.0,/nvme/Sync/ThermoGPU/benchmarks/results-distinct-mixture-tdar/c2/artifacts/methane-z-b96.npz,/nvme/Sync/ThermoGPU/benchmarks/results-distinct-mixture-hardware-sweep/c2-b96/c2-b96-cpsat.cpwa
2,96,0.00046562592472402674,0.0014374456737755777,0.0021070759680840156,96,166,0.0556291890097782,1000000,3.1288321,1287,166,976,145,1287,269,255,0,0,0,0.0,/nvme/Sync/ThermoGPU/benchmarks/results-distinct-mixture-tdar/c2/artifacts/methane-z-b96.npz,/nvme/Sync/ThermoGPU/benchmarks/results-distinct-mixture-hardware-sweep/c2-b96/c2-b96-cpsat.cpwa
2,128,0.0003133773291002309,0.0009112645405843172,0.001249187176580624,128,225,0.07300762599334121,1,25536.0007,1999,225,1558,216,1999,382,255,564,564,568,0.0,/nvme/Sync/ThermoGPU/benchmarks/results-distinct-mixture-tdar/c2/artifacts/methane-z-b128.npz,/nvme/Sync/ThermoGPU/benchmarks/results-distinct-mixture-hardware-sweep/c2-b128/c2-b128-cpsat.cpwa
2,128,0.0003133773291002309,0.0009112645405843172,0.001249187176580624,128,225,0.07300762599334121,10,2550.40005,1999,225,1558,216,1999,382,255,564,564,568,0.0,/nvme/Sync/ThermoGPU/benchmarks/results-distinct-mixture-tdar/c2/artifacts/methane-z-b128.npz,/nvme/Sync/ThermoGPU/benchmarks/results-distinct-mixture-hardware-sweep/c2-b128/c2-b128-cpsat.cpwa
2,128,0.0003133773291002309,0.0009112645405843172,0.001249187176580624,128,225,0.07300762599334121,100,236.159991,1999,225,1558,216,1999,382,255,564,564,568,0.0,/nvme/Sync/ThermoGPU/benchmarks/results-distinct-mixture-tdar/c2/artifacts/methane-z-b128.npz,/nvme/Sync/ThermoGPU/benchmarks/results-distinct-mixture-hardware-sweep/c2-b128/c2-b128-cpsat.cpwa
2,128,0.0003133773291002309,0.0009112645405843172,0.001249187176580624,128,225,0.07300762599334121,1000,23.3600009,1999,225,1558,216,1999,382,255,564,564,568,0.0,/nvme/Sync/ThermoGPU/benchmarks/results-distinct-mixture-tdar/c2/artifacts/methane-z-b128.npz,/nvme/Sync/ThermoGPU/benchmarks/results-distinct-mixture-hardware-sweep/c2-b128/c2-b128-cpsat.cpwa
2,128,0.0003133773291002309,0.0009112645405843172,0.001249187176580624,128,225,0.07300762599334121,10000,9.67999995,1999,225,1558,216,1999,382,255,564,564,568,0.0,/nvme/Sync/ThermoGPU/benchmarks/results-distinct-mixture-tdar/c2/artifacts/methane-z-b128.npz,/nvme/Sync/ThermoGPU/benchmarks/results-distinct-mixture-hardware-sweep/c2-b128/c2-b128-cpsat.cpwa
2,128,0.0003133773291002309,0.0009112645405843172,0.001249187176580624,128,225,0.07300762599334121,100000,8.92895997,1999,225,1558,216,1999,382,255,564,564,568,0.0,/nvme/Sync/ThermoGPU/benchmarks/results-distinct-mixture-tdar/c2/artifacts/methane-z-b128.npz,/nvme/Sync/ThermoGPU/benchmarks/results-distinct-mixture-hardware-sweep/c2-b128/c2-b128-cpsat.cpwa
2,128,0.0003133773291002309,0.0009112645405843172,0.001249187176580624,128,225,0.07300762599334121,1000000,7.9242239,1999,225,1558,216,1999,382,255,564,564,568,0.0,/nvme/Sync/ThermoGPU/benchmarks/results-distinct-mixture-tdar/c2/artifacts/methane-z-b128.npz,/nvme/Sync/ThermoGPU/benchmarks/results-distinct-mixture-hardware-sweep/c2-b128/c2-b128-cpsat.cpwa
3,16,0.007666704070839694,0.0370324574065091,0.06578338250529137,16,26,0.0049649529391899705,1,4383.99985,79,26,42,11,79,19,25,0,0,0,0.0,/nvme/Sync/ThermoGPU/benchmarks/results-distinct-mixture-tdar/c3/artifacts/methane-z-b16.npz,/nvme/Sync/ThermoGPU/benchmarks/results-distinct-mixture-hardware-sweep/c3-b16/c3-b16-cpsat.cpwa
3,16,0.007666704070839694,0.0370324574065091,0.06578338250529137,16,26,0.0049649529391899705,10,428.800005,79,26,42,11,79,19,25,0,0,0,0.0,/nvme/Sync/ThermoGPU/benchmarks/results-distinct-mixture-tdar/c3/artifacts/methane-z-b16.npz,/nvme/Sync/ThermoGPU/benchmarks/results-distinct-mixture-hardware-sweep/c3-b16/c3-b16-cpsat.cpwa
3,16,0.007666704070839694,0.0370324574065091,0.06578338250529137,16,26,0.0049649529391899705,100,45.119999,79,26,42,11,79,19,25,0,0,0,0.0,/nvme/Sync/ThermoGPU/benchmarks/results-distinct-mixture-tdar/c3/artifacts/methane-z-b16.npz,/nvme/Sync/ThermoGPU/benchmarks/results-distinct-mixture-hardware-sweep/c3-b16/c3-b16-cpsat.cpwa
3,16,0.007666704070839694,0.0370324574065091,0.06578338250529137,16,26,0.0049649529391899705,1000,4.57599992,79,26,42,11,79,19,25,0,0,0,0.0,/nvme/Sync/ThermoGPU/benchmarks/results-distinct-mixture-tdar/c3/artifacts/methane-z-b16.npz,/nvme/Sync/ThermoGPU/benchmarks/results-distinct-mixture-hardware-sweep/c3-b16/c3-b16-cpsat.cpwa
3,16,0.007666704070839694,0.0370324574065091,0.06578338250529137,16,26,0.0049649529391899705,10000,0.566399982,79,26,42,11,79,19,25,0,0,0,0.0,/nvme/Sync/ThermoGPU/benchmarks/results-distinct-mixture-tdar/c3/artifacts/methane-z-b16.npz,/nvme/Sync/ThermoGPU/benchmarks/results-distinct-mixture-hardware-sweep/c3-b16/c3-b16-cpsat.cpwa
3,16,0.007666704070839694,0.0370324574065091,0.06578338250529137,16,26,0.0049649529391899705,100000,0.200960003,79,26,42,11,79,19,25,0,0,0,0.0,/nvme/Sync/ThermoGPU/benchmarks/results-distinct-mixture-tdar/c3/artifacts/methane-z-b16.npz,/nvme/Sync/ThermoGPU/benchmarks/results-distinct-mixture-hardware-sweep/c3-b16/c3-b16-cpsat.cpwa
3,16,0.007666704070839694,0.0370324574065091,0.06578338250529137,16,26,0.0049649529391899705,1000000,0.167584002,79,26,42,11,79,19,25,0,0,0,0.0,/nvme/Sync/ThermoGPU/benchmarks/results-distinct-mixture-tdar/c3/artifacts/methane-z-b16.npz,/nvme/Sync/ThermoGPU/benchmarks/results-distinct-mixture-hardware-sweep/c3-b16/c3-b16-cpsat.cpwa
3,24,0.002967495238361881,0.00862680894592261,0.024713578259689006,24,40,0.008271247032098472,1,4639.99994,164,40,101,23,164,37,38,0,0,0,0.0,/nvme/Sync/ThermoGPU/benchmarks/results-distinct-mixture-tdar/c3/artifacts/methane-z-b24.npz,/nvme/Sync/ThermoGPU/benchmarks/results-distinct-mixture-hardware-sweep/c3-b24/c3-b24-cpsat.cpwa
3,24,0.002967495238361881,0.00862680894592261,0.024713578259689006,24,40,0.008271247032098472,10,441.60001,164,40,101,23,164,37,38,0,0,0,0.0,/nvme/Sync/ThermoGPU/benchmarks/results-distinct-mixture-tdar/c3/artifacts/methane-z-b24.npz,/nvme/Sync/ThermoGPU/benchmarks/results-distinct-mixture-hardware-sweep/c3-b24/c3-b24-cpsat.cpwa
3,24,0.002967495238361881,0.00862680894592261,0.024713578259689006,24,40,0.008271247032098472,100,46.7200018,164,40,101,23,164,37,38,0,0,0,0.0,/nvme/Sync/ThermoGPU/benchmarks/results-distinct-mixture-tdar/c3/artifacts/methane-z-b24.npz,/nvme/Sync/ThermoGPU/benchmarks/results-distinct-mixture-hardware-sweep/c3-b24/c3-b24-cpsat.cpwa
3,24,0.002967495238361881,0.00862680894592261,0.024713578259689006,24,40,0.008271247032098472,1000,4.83200001,164,40,101,23,164,37,38,0,0,0,0.0,/nvme/Sync/ThermoGPU/benchmarks/results-distinct-mixture-tdar/c3/artifacts/methane-z-b24.npz,/nvme/Sync/ThermoGPU/benchmarks/results-distinct-mixture-hardware-sweep/c3-b24/c3-b24-cpsat.cpwa
3,24,0.002967495238361881,0.00862680894592261,0.024713578259689006,24,40,0.008271247032098472,10000,0.719999988,164,40,101,23,164,37,38,0,0,0,0.0,/nvme/Sync/ThermoGPU/benchmarks/results-distinct-mixture-tdar/c3/artifacts/methane-z-b24.npz,/nvme/Sync/ThermoGPU/benchmarks/results-distinct-mixture-hardware-sweep/c3-b24/c3-b24-cpsat.cpwa
3,24,0.002967495238361881,0.00862680894592261,0.024713578259689006,24,40,0.008271247032098472,100000,0.339840017,164,40,101,23,164,37,38,0,0,0,0.0,/nvme/Sync/ThermoGPU/benchmarks/results-distinct-mixture-tdar/c3/artifacts/methane-z-b24.npz,/nvme/Sync/ThermoGPU/benchmarks/results-distinct-mixture-hardware-sweep/c3-b24/c3-b24-cpsat.cpwa
3,24,0.002967495238361881,0.00862680894592261,0.024713578259689006,24,40,0.008271247032098472,1000000,0.301503986,164,40,101,23,164,37,38,0,0,0,0.0,/nvme/Sync/ThermoGPU/benchmarks/results-distinct-mixture-tdar/c3/artifacts/methane-z-b24.npz,/nvme/Sync/ThermoGPU/benchmarks/results-distinct-mixture-hardware-sweep/c3-b24/c3-b24-cpsat.cpwa
3,32,0.0021040622195891844,0.006271356861770966,0.009118294668629012,32,52,0.011215563979931176,1,4832.00001,265,52,174,39,265,57,62,0,0,0,0.0,/nvme/Sync/ThermoGPU/benchmarks/results-distinct-mixture-tdar/c3/artifacts/methane-z-b32.npz,/nvme/Sync/ThermoGPU/benchmarks/results-distinct-mixture-hardware-sweep/c3-b32/c3-b32-cpsat.cpwa
3,32,0.0021040622195891844,0.006271356861770966,0.009118294668629012,32,52,0.011215563979931176,10,486.399978,265,52,174,39,265,57,62,0,0,0,0.0,/nvme/Sync/ThermoGPU/benchmarks/results-distinct-mixture-tdar/c3/artifacts/methane-z-b32.npz,/nvme/Sync/ThermoGPU/benchmarks/results-distinct-mixture-hardware-sweep/c3-b32/c3-b32-cpsat.cpwa
3,32,0.0021040622195891844,0.006271356861770966,0.009118294668629012,32,52,0.011215563979931176,100,48.9600003,265,52,174,39,265,57,62,0,0,0,0.0,/nvme/Sync/ThermoGPU/benchmarks/results-distinct-mixture-tdar/c3/artifacts/methane-z-b32.npz,/nvme/Sync/ThermoGPU/benchmarks/results-distinct-mixture-hardware-sweep/c3-b32/c3-b32-cpsat.cpwa
3,32,0.0021040622195891844,0.006271356861770966,0.009118294668629012,32,52,0.011215563979931176,1000,5.43999998,265,52,174,39,265,57,62,0,0,0,0.0,/nvme/Sync/ThermoGPU/benchmarks/results-distinct-mixture-tdar/c3/artifacts/methane-z-b32.npz,/nvme/Sync/ThermoGPU/benchmarks/results-distinct-mixture-hardware-sweep/c3-b32/c3-b32-cpsat.cpwa
3,32,0.0021040622195891844,0.006271356861770966,0.009118294668629012,32,52,0.011215563979931176,10000,1.01760002,265,52,174,39,265,57,62,0,0,0,0.0,/nvme/Sync/ThermoGPU/benchmarks/results-distinct-mixture-tdar/c3/artifacts/methane-z-b32.npz,/nvme/Sync/ThermoGPU/benchmarks/results-distinct-mixture-hardware-sweep/c3-b32/c3-b32-cpsat.cpwa
3,32,0.0021040622195891844,0.006271356861770966,0.009118294668629012,32,52,0.011215563979931176,100000,0.523840003,265,52,174,39,265,57,62,0,0,0,0.0,/nvme/Sync/ThermoGPU/benchmarks/results-distinct-mixture-tdar/c3/artifacts/methane-z-b32.npz,/nvme/Sync/ThermoGPU/benchmarks/results-distinct-mixture-hardware-sweep/c3-b32/c3-b32-cpsat.cpwa
3,32,0.0021040622195891844,0.006271356861770966,0.009118294668629012,32,52,0.011215563979931176,1000000,0.486176014,265,52,174,39,265,57,62,0,0,0,0.0,/nvme/Sync/ThermoGPU/benchmarks/results-distinct-mixture-tdar/c3/artifacts/methane-z-b32.npz,/nvme/Sync/ThermoGPU/benchmarks/results-distinct-mixture-hardware-sweep/c3-b32/c3-b32-cpsat.cpwa
3,48,0.0012150993217043922,0.003394472031917318,0.004658448052157871,48,81,0.01906110206618905,1,5599.9998,533,81,376,76,533,102,96,0,0,0,0.0,/nvme/Sync/ThermoGPU/benchmarks/results-distinct-mixture-tdar/c3/artifacts/methane-z-b48.npz,/nvme/Sync/ThermoGPU/benchmarks/results-distinct-mixture-hardware-sweep/c3-b48/c3-b48-cpsat.cpwa
3,48,0.0012150993217043922,0.003394472031917318,0.004658448052157871,48,81,0.01906110206618905,10,550.4,533,81,376,76,533,102,96,0,0,0,0.0,/nvme/Sync/ThermoGPU/benchmarks/results-distinct-mixture-tdar/c3/artifacts/methane-z-b48.npz,/nvme/Sync/ThermoGPU/benchmarks/results-distinct-mixture-hardware-sweep/c3-b48/c3-b48-cpsat.cpwa
3,48,0.0012150993217043922,0.003394472031917318,0.004658448052157871,48,81,0.01906110206618905,100,55.6800002,533,81,376,76,533,102,96,0,0,0,0.0,/nvme/Sync/ThermoGPU/benchmarks/results-distinct-mixture-tdar/c3/artifacts/methane-z-b48.npz,/nvme/Sync/ThermoGPU/benchmarks/results-distinct-mixture-hardware-sweep/c3-b48/c3-b48-cpsat.cpwa
3,48,0.0012150993217043922,0.003394472031917318,0.004658448052157871,48,81,0.01906110206618905,1000,6.5919999,533,81,376,76,533,102,96,0,0,0,0.0,/nvme/Sync/ThermoGPU/benchmarks/results-distinct-mixture-tdar/c3/artifacts/methane-z-b48.npz,/nvme/Sync/ThermoGPU/benchmarks/results-distinct-mixture-hardware-sweep/c3-b48/c3-b48-cpsat.cpwa
3,48,0.0012150993217043922,0.003394472031917318,0.004658448052157871,48,81,0.01906110206618905,10000,1.43680004,533,81,376,76,533,102,96,0,0,0,0.0,/nvme/Sync/ThermoGPU/benchmarks/results-distinct-mixture-tdar/c3/artifacts/methane-z-b48.npz,/nvme/Sync/ThermoGPU/benchmarks/results-distinct-mixture-hardware-sweep/c3-b48/c3-b48-cpsat.cpwa
3,48,0.0012150993217043922,0.003394472031917318,0.004658448052157871,48,81,0.01906110206618905,100000,1.04479998,533,81,376,76,533,102,96,0,0,0,0.0,/nvme/Sync/ThermoGPU/benchmarks/results-distinct-mixture-tdar/c3/artifacts/methane-z-b48.npz,/nvme/Sync/ThermoGPU/benchmarks/results-distinct-mixture-hardware-sweep/c3-b48/c3-b48-cpsat.cpwa
3,48,0.0012150993217043922,0.003394472031917318,0.004658448052157871,48,81,0.01906110206618905,1000000,1.01087999,533,81,376,76,533,102,96,0,0,0,0.0,/nvme/Sync/ThermoGPU/benchmarks/results-distinct-mixture-tdar/c3/artifacts/methane-z-b48.npz,/nvme/Sync/ThermoGPU/benchmarks/results-distinct-mixture-hardware-sweep/c3-b48/c3-b48-cpsat.cpwa
3,64,0.0009020488444937802,0.0024526480627163057,0.0033413081456192817,64,109,0.027484566904604435,1,8448.00007,835,109,620,106,835,158,166,0,0,0,0.0,/nvme/Sync/ThermoGPU/benchmarks/results-distinct-mixture-tdar/c3/artifacts/methane-z-b64.npz,/nvme/Sync/ThermoGPU/benchmarks/results-distinct-mixture-hardware-sweep/c3-b64/c3-b64-cpsat.cpwa
3,64,0.0009020488444937802,0.0024526480627163057,0.0033413081456192817,64,109,0.027484566904604435,10,841.599982,835,109,620,106,835,158,166,0,0,0,0.0,/nvme/Sync/ThermoGPU/benchmarks/results-distinct-mixture-tdar/c3/artifacts/methane-z-b64.npz,/nvme/Sync/ThermoGPU/benchmarks/results-distinct-mixture-hardware-sweep/c3-b64/c3-b64-cpsat.cpwa
3,64,0.0009020488444937802,0.0024526480627163057,0.0033413081456192817,64,109,0.027484566904604435,100,77.7600007,835,109,620,106,835,158,166,0,0,0,0.0,/nvme/Sync/ThermoGPU/benchmarks/results-distinct-mixture-tdar/c3/artifacts/methane-z-b64.npz,/nvme/Sync/ThermoGPU/benchmarks/results-distinct-mixture-hardware-sweep/c3-b64/c3-b64-cpsat.cpwa
3,64,0.0009020488444937802,0.0024526480627163057,0.0033413081456192817,64,109,0.027484566904604435,1000,7.74399983,835,109,620,106,835,158,166,0,0,0,0.0,/nvme/Sync/ThermoGPU/benchmarks/results-distinct-mixture-tdar/c3/artifacts/methane-z-b64.npz,/nvme/Sync/ThermoGPU/benchmarks/results-distinct-mixture-hardware-sweep/c3-b64/c3-b64-cpsat.cpwa
3,64,0.0009020488444937802,0.0024526480627163057,0.0033413081456192817,64,109,0.027484566904604435,10000,2.38719992,835,109,620,106,835,158,166,0,0,0,0.0,/nvme/Sync/ThermoGPU/benchmarks/results-distinct-mixture-tdar/c3/artifacts/methane-z-b64.npz,/nvme/Sync/ThermoGPU/benchmarks/results-distinct-mixture-hardware-sweep/c3-b64/c3-b64-cpsat.cpwa
3,64,0.0009020488444937802,0.0024526480627163057,0.0033413081456192817,64,109,0.027484566904604435,100000,1.81311995,835,109,620,106,835,158,166,0,0,0,0.0,/nvme/Sync/ThermoGPU/benchmarks/results-distinct-mixture-tdar/c3/artifacts/methane-z-b64.npz,/nvme/Sync/ThermoGPU/benchmarks/results-distinct-mixture-hardware-sweep/c3-b64/c3-b64-cpsat.cpwa
3,64,0.0009020488444937802,0.0024526480627163057,0.0033413081456192817,64,109,0.027484566904604435,1000000,1.848032,835,109,620,106,835,158,166,0,0,0,0.0,/nvme/Sync/ThermoGPU/benchmarks/results-distinct-mixture-tdar/c3/artifacts/methane-z-b64.npz,/nvme/Sync/ThermoGPU/benchmarks/results-distinct-mixture-hardware-sweep/c3-b64/c3-b64-cpsat.cpwa
3,96,0.0005609796870602037,0.0016765256045591659,0.0024356871959627657,96,165,0.04722898290492594,1,13248.0003,1412,165,1078,169,1412,291,255,48,48,48,0.0,/nvme/Sync/ThermoGPU/benchmarks/results-distinct-mixture-tdar/c3/artifacts/methane-z-b96.npz,/nvme/Sync/ThermoGPU/benchmarks/results-distinct-mixture-hardware-sweep/c3-b96/c3-b96-cpsat.cpwa
3,96,0.0005609796870602037,0.0016765256045591659,0.0024356871959627657,96,165,0.04722898290492594,10,1340.79996,1412,165,1078,169,1412,291,255,48,48,48,0.0,/nvme/Sync/ThermoGPU/benchmarks/results-distinct-mixture-tdar/c3/artifacts/methane-z-b96.npz,/nvme/Sync/ThermoGPU/benchmarks/results-distinct-mixture-hardware-sweep/c3-b96/c3-b96-cpsat.cpwa
3,96,0.0005609796870602037,0.0016765256045591659,0.0024356871959627657,96,165,0.04722898290492594,100,126.719996,1412,165,1078,169,1412,291,255,48,48,48,0.0,/nvme/Sync/ThermoGPU/benchmarks/results-distinct-mixture-tdar/c3/artifacts/methane-z-b96.npz,/nvme/Sync/ThermoGPU/benchmarks/results-distinct-mixture-hardware-sweep/c3-b96/c3-b96-cpsat.cpwa
3,96,0.0005609796870602037,0.0016765256045591659,0.0024356871959627657,96,165,0.04722898290492594,1000,10.4,1412,165,1078,169,1412,291,255,48,48,48,0.0,/nvme/Sync/ThermoGPU/benchmarks/results-distinct-mixture-tdar/c3/artifacts/methane-z-b96.npz,/nvme/Sync/ThermoGPU/benchmarks/results-distinct-mixture-hardware-sweep/c3-b96/c3-b96-cpsat.cpwa
3,96,0.0005609796870602037,0.0016765256045591659,0.0024356871959627657,96,165,0.04722898290492594,10000,3.65119986,1412,165,1078,169,1412,291,255,48,48,48,0.0,/nvme/Sync/ThermoGPU/benchmarks/results-distinct-mixture-tdar/c3/artifacts/methane-z-b96.npz,/nvme/Sync/ThermoGPU/benchmarks/results-distinct-mixture-hardware-sweep/c3-b96/c3-b96-cpsat.cpwa
3,96,0.0005609796870602037,0.0016765256045591659,0.0024356871959627657,96,165,0.04722898290492594,100000,2.97120005,1412,165,1078,169,1412,291,255,48,48,48,0.0,/nvme/Sync/ThermoGPU/benchmarks/results-distinct-mixture-tdar/c3/artifacts/methane-z-b96.npz,/nvme/Sync/ThermoGPU/benchmarks/results-distinct-mixture-hardware-sweep/c3-b96/c3-b96-cpsat.cpwa
3,96,0.0005609796870602037,0.0016765256045591659,0.0024356871959627657,96,165,0.04722898290492594,1000000,2.99219203,1412,165,1078,169,1412,291,255,48,48,48,0.0,/nvme/Sync/ThermoGPU/benchmarks/results-distinct-mixture-tdar/c3/artifacts/methane-z-b96.npz,/nvme/Sync/ThermoGPU/benchmarks/results-distinct-mixture-hardware-sweep/c3-b96/c3-b96-cpsat.cpwa
3,128,0.00038870413960664154,0.0011107809381621404,0.001770982503845997,128,223,0.07133968593552709,1,26847.9995,2130,223,1630,277,2130,439,255,420,420,424,0.0,/nvme/Sync/ThermoGPU/benchmarks/results-distinct-mixture-tdar/c3/artifacts/methane-z-b128.npz,/nvme/Sync/ThermoGPU/benchmarks/results-distinct-mixture-hardware-sweep/c3-b128/c3-b128-cpsat.cpwa
3,128,0.00038870413960664154,0.0011107809381621404,0.001770982503845997,128,223,0.07133968593552709,10,2700.80008,2130,223,1630,277,2130,439,255,420,420,424,0.0,/nvme/Sync/ThermoGPU/benchmarks/results-distinct-mixture-tdar/c3/artifacts/methane-z-b128.npz,/nvme/Sync/ThermoGPU/benchmarks/results-distinct-mixture-hardware-sweep/c3-b128/c3-b128-cpsat.cpwa
3,128,0.00038870413960664154,0.0011107809381621404,0.001770982503845997,128,223,0.07133968593552709,100,247.04,2130,223,1630,277,2130,439,255,420,420,424,0.0,/nvme/Sync/ThermoGPU/benchmarks/results-distinct-mixture-tdar/c3/artifacts/methane-z-b128.npz,/nvme/Sync/ThermoGPU/benchmarks/results-distinct-mixture-hardware-sweep/c3-b128/c3-b128-cpsat.cpwa
3,128,0.00038870413960664154,0.0011107809381621404,0.001770982503845997,128,223,0.07133968593552709,1000,24.6079993,2130,223,1630,277,2130,439,255,420,420,424,0.0,/nvme/Sync/ThermoGPU/benchmarks/results-distinct-mixture-tdar/c3/artifacts/methane-z-b128.npz,/nvme/Sync/ThermoGPU/benchmarks/results-distinct-mixture-hardware-sweep/c3-b128/c3-b128-cpsat.cpwa
3,128,0.00038870413960664154,0.0011107809381621404,0.001770982503845997,128,223,0.07133968593552709,10000,9.46239978,2130,223,1630,277,2130,439,255,420,420,424,0.0,/nvme/Sync/ThermoGPU/benchmarks/results-distinct-mixture-tdar/c3/artifacts/methane-z-b128.npz,/nvme/Sync/ThermoGPU/benchmarks/results-distinct-mixture-hardware-sweep/c3-b128/c3-b128-cpsat.cpwa
3,128,0.00038870413960664154,0.0011107809381621404,0.001770982503845997,128,223,0.07133968593552709,100000,8.6374402,2130,223,1630,277,2130,439,255,420,420,424,0.0,/nvme/Sync/ThermoGPU/benchmarks/results-distinct-mixture-tdar/c3/artifacts/methane-z-b128.npz,/nvme/Sync/ThermoGPU/benchmarks/results-distinct-mixture-hardware-sweep/c3-b128/c3-b128-cpsat.cpwa
3,128,0.00038870413960664154,0.0011107809381621404,0.001770982503845997,128,223,0.07133968593552709,1000000,8.47721577,2130,223,1630,277,2130,439,255,420,420,424,0.0,/nvme/Sync/ThermoGPU/benchmarks/results-distinct-mixture-tdar/c3/artifacts/methane-z-b128.npz,/nvme/Sync/ThermoGPU/benchmarks/results-distinct-mixture-hardware-sweep/c3-b128/c3-b128-cpsat.cpwa
4,16,0.00715352067918386,0.034937061629210425,0.06151785896120354,16,26,0.005678376997821033,1,4736.00021,78,26,40,12,78,19,26,0,0,0,0.0,/nvme/Sync/ThermoGPU/benchmarks/results-distinct-mixture-tdar/c4/artifacts/methane-z-b16.npz,/nvme/Sync/ThermoGPU/benchmarks/results-distinct-mixture-hardware-sweep/c4-b16/c4-b16-cpsat.cpwa
4,16,0.00715352067918386,0.034937061629210425,0.06151785896120354,16,26,0.005678376997821033,10,454.400014,78,26,40,12,78,19,26,0,0,0,0.0,/nvme/Sync/ThermoGPU/benchmarks/results-distinct-mixture-tdar/c4/artifacts/methane-z-b16.npz,/nvme/Sync/ThermoGPU/benchmarks/results-distinct-mixture-hardware-sweep/c4-b16/c4-b16-cpsat.cpwa
4,16,0.00715352067918386,0.034937061629210425,0.06151785896120354,16,26,0.005678376997821033,100,48.9600003,78,26,40,12,78,19,26,0,0,0,0.0,/nvme/Sync/ThermoGPU/benchmarks/results-distinct-mixture-tdar/c4/artifacts/methane-z-b16.npz,/nvme/Sync/ThermoGPU/benchmarks/results-distinct-mixture-hardware-sweep/c4-b16/c4-b16-cpsat.cpwa
4,16,0.00715352067918386,0.034937061629210425,0.06151785896120354,16,26,0.005678376997821033,1000,4.89600003,78,26,40,12,78,19,26,0,0,0,0.0,/nvme/Sync/ThermoGPU/benchmarks/results-distinct-mixture-tdar/c4/artifacts/methane-z-b16.npz,/nvme/Sync/ThermoGPU/benchmarks/results-distinct-mixture-hardware-sweep/c4-b16/c4-b16-cpsat.cpwa
4,16,0.00715352067918386,0.034937061629210425,0.06151785896120354,16,26,0.005678376997821033,10000,0.630400004,78,26,40,12,78,19,26,0,0,0,0.0,/nvme/Sync/ThermoGPU/benchmarks/results-distinct-mixture-tdar/c4/artifacts/methane-z-b16.npz,/nvme/Sync/ThermoGPU/benchmarks/results-distinct-mixture-hardware-sweep/c4-b16/c4-b16-cpsat.cpwa
4,16,0.00715352067918386,0.034937061629210425,0.06151785896120354,16,26,0.005678376997821033,100000,0.218880009,78,26,40,12,78,19,26,0,0,0,0.0,/nvme/Sync/ThermoGPU/benchmarks/results-distinct-mixture-tdar/c4/artifacts/methane-z-b16.npz,/nvme/Sync/ThermoGPU/benchmarks/results-distinct-mixture-hardware-sweep/c4-b16/c4-b16-cpsat.cpwa
4,16,0.00715352067918386,0.034937061629210425,0.06151785896120354,16,26,0.005678376997821033,1000000,0.184896007,78,26,40,12,78,19,26,0,0,0,0.0,/nvme/Sync/ThermoGPU/benchmarks/results-distinct-mixture-tdar/c4/artifacts/methane-z-b16.npz,/nvme/Sync/ThermoGPU/benchmarks/results-distinct-mixture-hardware-sweep/c4-b16/c4-b16-cpsat.cpwa
4,24,0.0027697242968022133,0.008327052664090779,0.023487052580999257,24,40,0.008285760995931923,1,5119.99987,159,40,97,22,159,35,39,0,0,0,0.0,/nvme/Sync/ThermoGPU/benchmarks/results-distinct-mixture-tdar/c4/artifacts/methane-z-b24.npz,/nvme/Sync/ThermoGPU/benchmarks/results-distinct-mixture-hardware-sweep/c4-b24/c4-b24-cpsat.cpwa
4,24,0.0027697242968022133,0.008327052664090779,0.023487052580999257,24,40,0.008285760995931923,10,511.999987,159,40,97,22,159,35,39,0,0,0,0.0,/nvme/Sync/ThermoGPU/benchmarks/results-distinct-mixture-tdar/c4/artifacts/methane-z-b24.npz,/nvme/Sync/ThermoGPU/benchmarks/results-distinct-mixture-hardware-sweep/c4-b24/c4-b24-cpsat.cpwa
4,24,0.0027697242968022133,0.008327052664090779,0.023487052580999257,24,40,0.008285760995931923,100,52.4799991,159,40,97,22,159,35,39,0,0,0,0.0,/nvme/Sync/ThermoGPU/benchmarks/results-distinct-mixture-tdar/c4/artifacts/methane-z-b24.npz,/nvme/Sync/ThermoGPU/benchmarks/results-distinct-mixture-hardware-sweep/c4-b24/c4-b24-cpsat.cpwa
4,24,0.0027697242968022133,0.008327052664090779,0.023487052580999257,24,40,0.008285760995931923,1000,5.56800002,159,40,97,22,159,35,39,0,0,0,0.0,/nvme/Sync/ThermoGPU/benchmarks/results-distinct-mixture-tdar/c4/artifacts/methane-z-b24.npz,/nvme/Sync/ThermoGPU/benchmarks/results-distinct-mixture-hardware-sweep/c4-b24/c4-b24-cpsat.cpwa
4,24,0.0027697242968022133,0.008327052664090779,0.023487052580999257,24,40,0.008285760995931923,10000,0.848000031,159,40,97,22,159,35,39,0,0,0,0.0,/nvme/Sync/ThermoGPU/benchmarks/results-distinct-mixture-tdar/c4/artifacts/methane-z-b24.npz,/nvme/Sync/ThermoGPU/benchmarks/results-distinct-mixture-hardware-sweep/c4-b24/c4-b24-cpsat.cpwa
4,24,0.0027697242968022133,0.008327052664090779,0.023487052580999257,24,40,0.008285760995931923,100000,0.413120016,159,40,97,22,159,35,39,0,0,0,0.0,/nvme/Sync/ThermoGPU/benchmarks/results-distinct-mixture-tdar/c4/artifacts/methane-z-b24.npz,/nvme/Sync/ThermoGPU/benchmarks/results-distinct-mixture-hardware-sweep/c4-b24/c4-b24-cpsat.cpwa
4,24,0.0027697242968022133,0.008327052664090779,0.023487052580999257,24,40,0.008285760995931923,1000000,0.369055986,159,40,97,22,159,35,39,0,0,0,0.0,/nvme/Sync/ThermoGPU/benchmarks/results-distinct-mixture-tdar/c4/artifacts/methane-z-b24.npz,/nvme/Sync/ThermoGPU/benchmarks/results-distinct-mixture-hardware-sweep/c4-b24/c4-b24-cpsat.cpwa
4,32,0.0019262178000697635,0.0056113026288327475,0.008520364643262557,32,52,0.01229325297754258,1,5535.99978,253,52,166,35,253,58,63,0,0,0,0.0,/nvme/Sync/ThermoGPU/benchmarks/results-distinct-mixture-tdar/c4/artifacts/methane-z-b32.npz,/nvme/Sync/ThermoGPU/benchmarks/results-distinct-mixture-hardware-sweep/c4-b32/c4-b32-cpsat.cpwa
4,32,0.0019262178000697635,0.0056113026288327475,0.008520364643262557,32,52,0.01229325297754258,10,534.400018,253,52,166,35,253,58,63,0,0,0,0.0,/nvme/Sync/ThermoGPU/benchmarks/results-distinct-mixture-tdar/c4/artifacts/methane-z-b32.npz,/nvme/Sync/ThermoGPU/benchmarks/results-distinct-mixture-hardware-sweep/c4-b32/c4-b32-cpsat.cpwa
4,32,0.0019262178000697635,0.0056113026288327475,0.008520364643262557,32,52,0.01229325297754258,100,55.6800002,253,52,166,35,253,58,63,0,0,0,0.0,/nvme/Sync/ThermoGPU/benchmarks/results-distinct-mixture-tdar/c4/artifacts/methane-z-b32.npz,/nvme/Sync/ThermoGPU/benchmarks/results-distinct-mixture-hardware-sweep/c4-b32/c4-b32-cpsat.cpwa
4,32,0.0019262178000697635,0.0056113026288327475,0.008520364643262557,32,52,0.01229325297754258,1000,6.01600017,253,52,166,35,253,58,63,0,0,0,0.0,/nvme/Sync/ThermoGPU/benchmarks/results-distinct-mixture-tdar/c4/artifacts/methane-z-b32.npz,/nvme/Sync/ThermoGPU/benchmarks/results-distinct-mixture-hardware-sweep/c4-b32/c4-b32-cpsat.cpwa
4,32,0.0019262178000697635,0.0056113026288327475,0.008520364643262557,32,52,0.01229325297754258,10000,1.18079996,253,52,166,35,253,58,63,0,0,0,0.0,/nvme/Sync/ThermoGPU/benchmarks/results-distinct-mixture-tdar/c4/artifacts/methane-z-b32.npz,/nvme/Sync/ThermoGPU/benchmarks/results-distinct-mixture-hardware-sweep/c4-b32/c4-b32-cpsat.cpwa
4,32,0.0019262178000697635,0.0056113026288327475,0.008520364643262557,32,52,0.01229325297754258,100000,0.622400008,253,52,166,35,253,58,63,0,0,0,0.0,/nvme/Sync/ThermoGPU/benchmarks/results-distinct-mixture-tdar/c4/artifacts/methane-z-b32.npz,/nvme/Sync/ThermoGPU/benchmarks/results-distinct-mixture-hardware-sweep/c4-b32/c4-b32-cpsat.cpwa
4,32,0.0019262178000697635,0.0056113026288327475,0.008520364643262557,32,52,0.01229325297754258,1000000,0.588927984,253,52,166,35,253,58,63,0,0,0,0.0,/nvme/Sync/ThermoGPU/benchmarks/results-distinct-mixture-tdar/c4/artifacts/methane-z-b32.npz,/nvme/Sync/ThermoGPU/benchmarks/results-distinct-mixture-hardware-sweep/c4-b32/c4-b32-cpsat.cpwa
4,48,0.0011209815186800625,0.0031491536764224532,0.004336624835432179,48,81,0.019262265996076167,1,6368.00006,544,81,391,72,544,109,122,0,0,0,0.0,/nvme/Sync/ThermoGPU/benchmarks/results-distinct-mixture-tdar/c4/artifacts/methane-z-b48.npz,/nvme/Sync/ThermoGPU/benchmarks/results-distinct-mixture-hardware-sweep/c4-b48/c4-b48-cpsat.cpwa
4,48,0.0011209815186800625,0.0031491536764224532,0.004336624835432179,48,81,0.019262265996076167,10,627.199979,544,81,391,72,544,109,122,0,0,0,0.0,/nvme/Sync/ThermoGPU/benchmarks/results-distinct-mixture-tdar/c4/artifacts/methane-z-b48.npz,/nvme/Sync/ThermoGPU/benchmarks/results-distinct-mixture-hardware-sweep/c4-b48/c4-b48-cpsat.cpwa
4,48,0.0011209815186800625,0.0031491536764224532,0.004336624835432179,48,81,0.019262265996076167,100,65.2799988,544,81,391,72,544,109,122,0,0,0,0.0,/nvme/Sync/ThermoGPU/benchmarks/results-distinct-mixture-tdar/c4/artifacts/methane-z-b48.npz,/nvme/Sync/ThermoGPU/benchmarks/results-distinct-mixture-hardware-sweep/c4-b48/c4-b48-cpsat.cpwa
4,48,0.0011209815186800625,0.0031491536764224532,0.004336624835432179,48,81,0.019262265996076167,1000,7.48800021,544,81,391,72,544,109,122,0,0,0,0.0,/nvme/Sync/ThermoGPU/benchmarks/results-distinct-mixture-tdar/c4/artifacts/methane-z-b48.npz,/nvme/Sync/ThermoGPU/benchmarks/results-distinct-mixture-hardware-sweep/c4-b48/c4-b48-cpsat.cpwa
4,48,0.0011209815186800625,0.0031491536764224532,0.004336624835432179,48,81,0.019262265996076167,10000,1.75999999,544,81,391,72,544,109,122,0,0,0,0.0,/nvme/Sync/ThermoGPU/benchmarks/results-distinct-mixture-tdar/c4/artifacts/methane-z-b48.npz,/nvme/Sync/ThermoGPU/benchmarks/results-distinct-mixture-hardware-sweep/c4-b48/c4-b48-cpsat.cpwa
4,48,0.0011209815186800625,0.0031491536764224532,0.004336624835432179,48,81,0.019262265996076167,100000,1.30592003,544,81,391,72,544,109,122,0,0,0,0.0,/nvme/Sync/ThermoGPU/benchmarks/results-distinct-mixture-tdar/c4/artifacts/methane-z-b48.npz,/nvme/Sync/ThermoGPU/benchmarks/results-distinct-mixture-hardware-sweep/c4-b48/c4-b48-cpsat.cpwa
4,48,0.0011209815186800625,0.0031491536764224532,0.004336624835432179,48,81,0.019262265996076167,1000000,1.26489604,544,81,391,72,544,109,122,0,0,0,0.0,/nvme/Sync/ThermoGPU/benchmarks/results-distinct-mixture-tdar/c4/artifacts/methane-z-b48.npz,/nvme/Sync/ThermoGPU/benchmarks/results-distinct-mixture-hardware-sweep/c4-b48/c4-b48-cpsat.cpwa
4,64,0.0007649175998639279,0.0019752490670838937,0.0028638087484608166,64,110,0.02892071707174182,1,10048.0001,853,110,635,108,853,165,166,0,0,0,0.0,/nvme/Sync/ThermoGPU/benchmarks/results-distinct-mixture-tdar/c4/artifacts/methane-z-b64.npz,/nvme/Sync/ThermoGPU/benchmarks/results-distinct-mixture-hardware-sweep/c4-b64/c4-b64-cpsat.cpwa
4,64,0.0007649175998639279,0.0019752490670838937,0.0028638087484608166,64,110,0.02892071707174182,10,995.200034,853,110,635,108,853,165,166,0,0,0,0.0,/nvme/Sync/ThermoGPU/benchmarks/results-distinct-mixture-tdar/c4/artifacts/methane-z-b64.npz,/nvme/Sync/ThermoGPU/benchmarks/results-distinct-mixture-hardware-sweep/c4-b64/c4-b64-cpsat.cpwa
4,64,0.0007649175998639279,0.0019752490670838937,0.0028638087484608166,64,110,0.02892071707174182,100,91.5199984,853,110,635,108,853,165,166,0,0,0,0.0,/nvme/Sync/ThermoGPU/benchmarks/results-distinct-mixture-tdar/c4/artifacts/methane-z-b64.npz,/nvme/Sync/ThermoGPU/benchmarks/results-distinct-mixture-hardware-sweep/c4-b64/c4-b64-cpsat.cpwa
4,64,0.0007649175998639279,0.0019752490670838937,0.0028638087484608166,64,110,0.02892071707174182,1000,9.18400008,853,110,635,108,853,165,166,0,0,0,0.0,/nvme/Sync/ThermoGPU/benchmarks/results-distinct-mixture-tdar/c4/artifacts/methane-z-b64.npz,/nvme/Sync/ThermoGPU/benchmarks/results-distinct-mixture-hardware-sweep/c4-b64/c4-b64-cpsat.cpwa
4,64,0.0007649175998639279,0.0019752490670838937,0.0028638087484608166,64,110,0.02892071707174182,10000,2.88319997,853,110,635,108,853,165,166,0,0,0,0.0,/nvme/Sync/ThermoGPU/benchmarks/results-distinct-mixture-tdar/c4/artifacts/methane-z-b64.npz,/nvme/Sync/ThermoGPU/benchmarks/results-distinct-mixture-hardware-sweep/c4-b64/c4-b64-cpsat.cpwa
4,64,0.0007649175998639279,0.0019752490670838937,0.0028638087484608166,64,110,0.02892071707174182,100000,2.26815999,853,110,635,108,853,165,166,0,0,0,0.0,/nvme/Sync/ThermoGPU/benchmarks/results-distinct-mixture-tdar/c4/artifacts/methane-z-b64.npz,/nvme/Sync/ThermoGPU/benchmarks/results-distinct-mixture-hardware-sweep/c4-b64/c4-b64-cpsat.cpwa
4,64,0.0007649175998639279,0.0019752490670838937,0.0028638087484608166,64,110,0.02892071707174182,1000000,2.2934401,853,110,635,108,853,165,166,0,0,0,0.0,/nvme/Sync/ThermoGPU/benchmarks/results-distinct-mixture-tdar/c4/artifacts/methane-z-b64.npz,/nvme/Sync/ThermoGPU/benchmarks/results-distinct-mixture-hardware-sweep/c4-b64/c4-b64-cpsat.cpwa
4,96,0.0005388511769559827,0.0016295048119610246,0.002170421542860068,96,166,0.04722273594234139,1,12671.9996,1308,166,986,156,1308,254,255,0,0,0,0.0,/nvme/Sync/ThermoGPU/benchmarks/results-distinct-mixture-tdar/c4/artifacts/methane-z-b96.npz,/nvme/Sync/ThermoGPU/benchmarks/results-distinct-mixture-hardware-sweep/c4-b96/c4-b96-cpsat.cpwa
4,96,0.0005388511769559827,0.0016295048119610246,0.002170421542860068,96,166,0.04722273594234139,10,1264.00003,1308,166,986,156,1308,254,255,0,0,0,0.0,/nvme/Sync/ThermoGPU/benchmarks/results-distinct-mixture-tdar/c4/artifacts/methane-z-b96.npz,/nvme/Sync/ThermoGPU/benchmarks/results-distinct-mixture-hardware-sweep/c4-b96/c4-b96-cpsat.cpwa
4,96,0.0005388511769559827,0.0016295048119610246,0.002170421542860068,96,166,0.04722273594234139,100,127.999997,1308,166,986,156,1308,254,255,0,0,0,0.0,/nvme/Sync/ThermoGPU/benchmarks/results-distinct-mixture-tdar/c4/artifacts/methane-z-b96.npz,/nvme/Sync/ThermoGPU/benchmarks/results-distinct-mixture-hardware-sweep/c4-b96/c4-b96-cpsat.cpwa
4,96,0.0005388511769559827,0.0016295048119610246,0.002170421542860068,96,166,0.04722273594234139,1000,11.4240004,1308,166,986,156,1308,254,255,0,0,0,0.0,/nvme/Sync/ThermoGPU/benchmarks/results-distinct-mixture-tdar/c4/artifacts/methane-z-b96.npz,/nvme/Sync/ThermoGPU/benchmarks/results-distinct-mixture-hardware-sweep/c4-b96/c4-b96-cpsat.cpwa
4,96,0.0005388511769559827,0.0016295048119610246,0.002170421542860068,96,166,0.04722273594234139,10000,3.99039984,1308,166,986,156,1308,254,255,0,0,0,0.0,/nvme/Sync/ThermoGPU/benchmarks/results-distinct-mixture-tdar/c4/artifacts/methane-z-b96.npz,/nvme/Sync/ThermoGPU/benchmarks/results-distinct-mixture-hardware-sweep/c4-b96/c4-b96-cpsat.cpwa
4,96,0.0005388511769559827,0.0016295048119610246,0.002170421542860068,96,166,0.04722273594234139,100000,3.20255995,1308,166,986,156,1308,254,255,0,0,0,0.0,/nvme/Sync/ThermoGPU/benchmarks/results-distinct-mixture-tdar/c4/artifacts/methane-z-b96.npz,/nvme/Sync/ThermoGPU/benchmarks/results-distinct-mixture-hardware-sweep/c4-b96/c4-b96-cpsat.cpwa
4,96,0.0005388511769559827,0.0016295048119610246,0.002170421542860068,96,166,0.04722273594234139,1000000,3.21366405,1308,166,986,156,1308,254,255,0,0,0,0.0,/nvme/Sync/ThermoGPU/benchmarks/results-distinct-mixture-tdar/c4/artifacts/methane-z-b96.npz,/nvme/Sync/ThermoGPU/benchmarks/results-distinct-mixture-hardware-sweep/c4-b96/c4-b96-cpsat.cpwa
4,128,0.00035473724273915217,0.001069512982597059,0.00166397978946764,128,224,0.07193602190818638,1,15647.9999,2043,224,1571,248,2043,392,255,124,124,128,0.0,/nvme/Sync/ThermoGPU/benchmarks/results-distinct-mixture-tdar/c4/artifacts/methane-z-b128.npz,/nvme/Sync/ThermoGPU/benchmarks/results-distinct-mixture-hardware-sweep/c4-b128/c4-b128-cpsat.cpwa
4,128,0.00035473724273915217,0.001069512982597059,0.00166397978946764,128,224,0.07193602190818638,10,1568.00002,2043,224,1571,248,2043,392,255,124,124,128,0.0,/nvme/Sync/ThermoGPU/benchmarks/results-distinct-mixture-tdar/c4/artifacts/methane-z-b128.npz,/nvme/Sync/ThermoGPU/benchmarks/results-distinct-mixture-hardware-sweep/c4-b128/c4-b128-cpsat.cpwa
4,128,0.00035473724273915217,0.001069512982597059,0.00166397978946764,128,224,0.07193602190818638,100,140.479999,2043,224,1571,248,2043,392,255,124,124,128,0.0,/nvme/Sync/ThermoGPU/benchmarks/results-distinct-mixture-tdar/c4/artifacts/methane-z-b128.npz,/nvme/Sync/ThermoGPU/benchmarks/results-distinct-mixture-hardware-sweep/c4-b128/c4-b128-cpsat.cpwa
4,128,0.00035473724273915217,0.001069512982597059,0.00166397978946764,128,224,0.07193602190818638,1000,15.04,2043,224,1571,248,2043,392,255,124,124,128,0.0,/nvme/Sync/ThermoGPU/benchmarks/results-distinct-mixture-tdar/c4/artifacts/methane-z-b128.npz,/nvme/Sync/ThermoGPU/benchmarks/results-distinct-mixture-hardware-sweep/c4-b128/c4-b128-cpsat.cpwa
4,128,0.00035473724273915217,0.001069512982597059,0.00166397978946764,128,224,0.07193602190818638,10000,5.10400012,2043,224,1571,248,2043,392,255,124,124,128,0.0,/nvme/Sync/ThermoGPU/benchmarks/results-distinct-mixture-tdar/c4/artifacts/methane-z-b128.npz,/nvme/Sync/ThermoGPU/benchmarks/results-distinct-mixture-hardware-sweep/c4-b128/c4-b128-cpsat.cpwa
4,128,0.00035473724273915217,0.001069512982597059,0.00166397978946764,128,224,0.07193602190818638,100000,4.20704007,2043,224,1571,248,2043,392,255,124,124,128,0.0,/nvme/Sync/ThermoGPU/benchmarks/results-distinct-mixture-tdar/c4/artifacts/methane-z-b128.npz,/nvme/Sync/ThermoGPU/benchmarks/results-distinct-mixture-hardware-sweep/c4-b128/c4-b128-cpsat.cpwa
4,128,0.00035473724273915217,0.001069512982597059,0.00166397978946764,128,224,0.07193602190818638,1000000,4.19184017,2043,224,1571,248,2043,392,255,124,124,128,0.0,/nvme/Sync/ThermoGPU/benchmarks/results-distinct-mixture-tdar/c4/artifacts/methane-z-b128.npz,/nvme/Sync/ThermoGPU/benchmarks/results-distinct-mixture-hardware-sweep/c4-b128/c4-b128-cpsat.cpwa
5,16,0.0077713676770929385,0.03788567286468034,0.06679920348434609,16,26,0.006117601064033806,1,4991.99983,82,26,44,12,82,20,26,0,0,0,0.0,/nvme/Sync/ThermoGPU/benchmarks/results-distinct-mixture-tdar/c5/artifacts/methane-z-b16.npz,/nvme/Sync/ThermoGPU/benchmarks/results-distinct-mixture-hardware-sweep/c5-b16/c5-b16-cpsat.cpwa
5,16,0.0077713676770929385,0.03788567286468034,0.06679920348434609,16,26,0.006117601064033806,10,496.000005,82,26,44,12,82,20,26,0,0,0,0.0,/nvme/Sync/ThermoGPU/benchmarks/results-distinct-mixture-tdar/c5/artifacts/methane-z-b16.npz,/nvme/Sync/ThermoGPU/benchmarks/results-distinct-mixture-hardware-sweep/c5-b16/c5-b16-cpsat.cpwa
5,16,0.0077713676770929385,0.03788567286468034,0.06679920348434609,16,26,0.006117601064033806,100,50.2400007,82,26,44,12,82,20,26,0,0,0,0.0,/nvme/Sync/ThermoGPU/benchmarks/results-distinct-mixture-tdar/c5/artifacts/methane-z-b16.npz,/nvme/Sync/ThermoGPU/benchmarks/results-distinct-mixture-hardware-sweep/c5-b16/c5-b16-cpsat.cpwa
5,16,0.0077713676770929385,0.03788567286468034,0.06679920348434609,16,26,0.006117601064033806,1000,5.15200011,82,26,44,12,82,20,26,0,0,0,0.0,/nvme/Sync/ThermoGPU/benchmarks/results-distinct-mixture-tdar/c5/artifacts/methane-z-b16.npz,/nvme/Sync/ThermoGPU/benchmarks/results-distinct-mixture-hardware-sweep/c5-b16/c5-b16-cpsat.cpwa
5,16,0.0077713676770929385,0.03788567286468034,0.06679920348434609,16,26,0.006117601064033806,10000,0.675200019,82,26,44,12,82,20,26,0,0,0,0.0,/nvme/Sync/ThermoGPU/benchmarks/results-distinct-mixture-tdar/c5/artifacts/methane-z-b16.npz,/nvme/Sync/ThermoGPU/benchmarks/results-distinct-mixture-hardware-sweep/c5-b16/c5-b16-cpsat.cpwa
5,16,0.0077713676770929385,0.03788567286468034,0.06679920348434609,16,26,0.006117601064033806,100000,0.249920003,82,26,44,12,82,20,26,0,0,0,0.0,/nvme/Sync/ThermoGPU/benchmarks/results-distinct-mixture-tdar/c5/artifacts/methane-z-b16.npz,/nvme/Sync/ThermoGPU/benchmarks/results-distinct-mixture-hardware-sweep/c5-b16/c5-b16-cpsat.cpwa
5,16,0.0077713676770929385,0.03788567286468034,0.06679920348434609,16,26,0.006117601064033806,1000000,0.206303999,82,26,44,12,82,20,26,0,0,0,0.0,/nvme/Sync/ThermoGPU/benchmarks/results-distinct-mixture-tdar/c5/artifacts/methane-z-b16.npz,/nvme/Sync/ThermoGPU/benchmarks/results-distinct-mixture-hardware-sweep/c5-b16/c5-b16-cpsat.cpwa
5,24,0.0029718217173072673,0.008577599747621302,0.025477907083690132,24,40,0.010434316005557775,1,5216.00014,165,40,102,23,165,39,40,0,0,0,0.0,/nvme/Sync/ThermoGPU/benchmarks/results-distinct-mixture-tdar/c5/artifacts/methane-z-b24.npz,/nvme/Sync/ThermoGPU/benchmarks/results-distinct-mixture-hardware-sweep/c5-b24/c5-b24-cpsat.cpwa
5,24,0.0029718217173072673,0.008577599747621302,0.025477907083690132,24,40,0.010434316005557775,10,521.600014,165,40,102,23,165,39,40,0,0,0,0.0,/nvme/Sync/ThermoGPU/benchmarks/results-distinct-mixture-tdar/c5/artifacts/methane-z-b24.npz,/nvme/Sync/ThermoGPU/benchmarks/results-distinct-mixture-hardware-sweep/c5-b24/c5-b24-cpsat.cpwa
5,24,0.0029718217173072673,0.008577599747621302,0.025477907083690132,24,40,0.010434316005557775,100,53.4400018,165,40,102,23,165,39,40,0,0,0,0.0,/nvme/Sync/ThermoGPU/benchmarks/results-distinct-mixture-tdar/c5/artifacts/methane-z-b24.npz,/nvme/Sync/ThermoGPU/benchmarks/results-distinct-mixture-hardware-sweep/c5-b24/c5-b24-cpsat.cpwa
5,24,0.0029718217173072673,0.008577599747621302,0.025477907083690132,24,40,0.010434316005557775,1000,5.72799984,165,40,102,23,165,39,40,0,0,0,0.0,/nvme/Sync/ThermoGPU/benchmarks/results-distinct-mixture-tdar/c5/artifacts/methane-z-b24.npz,/nvme/Sync/ThermoGPU/benchmarks/results-distinct-mixture-hardware-sweep/c5-b24/c5-b24-cpsat.cpwa
5,24,0.0029718217173072673,0.008577599747621302,0.025477907083690132,24,40,0.010434316005557775,10000,0.899199955,165,40,102,23,165,39,40,0,0,0,0.0,/nvme/Sync/ThermoGPU/benchmarks/results-distinct-mixture-tdar/c5/artifacts/methane-z-b24.npz,/nvme/Sync/ThermoGPU/benchmarks/results-distinct-mixture-hardware-sweep/c5-b24/c5-b24-cpsat.cpwa
5,24,0.0029718217173072673,0.008577599747621302,0.025477907083690132,24,40,0.010434316005557775,100000,0.438719988,165,40,102,23,165,39,40,0,0,0,0.0,/nvme/Sync/ThermoGPU/benchmarks/results-distinct-mixture-tdar/c5/artifacts/methane-z-b24.npz,/nvme/Sync/ThermoGPU/benchmarks/results-distinct-mixture-hardware-sweep/c5-b24/c5-b24-cpsat.cpwa
5,24,0.0029718217173072673,0.008577599747621302,0.025477907083690132,24,40,0.010434316005557775,1000000,0.393631995,165,40,102,23,165,39,40,0,0,0,0.0,/nvme/Sync/ThermoGPU/benchmarks/results-distinct-mixture-tdar/c5/artifacts/methane-z-b24.npz,/nvme/Sync/ThermoGPU/benchmarks/results-distinct-mixture-hardware-sweep/c5-b24/c5-b24-cpsat.cpwa
5,32,0.0021009749152809407,0.006262980916710393,0.009118224686061605,32,52,0.012260388932190835,1,5568.00002,264,52,176,36,264,59,62,0,0,0,0.0,/nvme/Sync/ThermoGPU/benchmarks/results-distinct-mixture-tdar/c5/artifacts/methane-z-b32.npz,/nvme/Sync/ThermoGPU/benchmarks/results-distinct-mixture-hardware-sweep/c5-b32/c5-b32-cpsat.cpwa
5,32,0.0021009749152809407,0.006262980916710393,0.009118224686061605,32,52,0.012260388932190835,10,553.599978,264,52,176,36,264,59,62,0,0,0,0.0,/nvme/Sync/ThermoGPU/benchmarks/results-distinct-mixture-tdar/c5/artifacts/methane-z-b32.npz,/nvme/Sync/ThermoGPU/benchmarks/results-distinct-mixture-hardware-sweep/c5-b32/c5-b32-cpsat.cpwa
5,32,0.0021009749152809407,0.006262980916710393,0.009118224686061605,32,52,0.012260388932190835,100,59.8399993,264,52,176,36,264,59,62,0,0,0,0.0,/nvme/Sync/ThermoGPU/benchmarks/results-distinct-mixture-tdar/c5/artifacts/methane-z-b32.npz,/nvme/Sync/ThermoGPU/benchmarks/results-distinct-mixture-hardware-sweep/c5-b32/c5-b32-cpsat.cpwa
5,32,0.0021009749152809407,0.006262980916710393,0.009118224686061605,32,52,0.012260388932190835,1000,6.20799977,264,52,176,36,264,59,62,0,0,0,0.0,/nvme/Sync/ThermoGPU/benchmarks/results-distinct-mixture-tdar/c5/artifacts/methane-z-b32.npz,/nvme/Sync/ThermoGPU/benchmarks/results-distinct-mixture-hardware-sweep/c5-b32/c5-b32-cpsat.cpwa
5,32,0.0021009749152809407,0.006262980916710393,0.009118224686061605,32,52,0.012260388932190835,10000,1.20320003,264,52,176,36,264,59,62,0,0,0,0.0,/nvme/Sync/ThermoGPU/benchmarks/results-distinct-mixture-tdar/c5/artifacts/methane-z-b32.npz,/nvme/Sync/ThermoGPU/benchmarks/results-distinct-mixture-hardware-sweep/c5-b32/c5-b32-cpsat.cpwa
5,32,0.0021009749152809407,0.006262980916710393,0.009118224686061605,32,52,0.012260388932190835,100000,0.64447999,264,52,176,36,264,59,62,0,0,0,0.0,/nvme/Sync/ThermoGPU/benchmarks/results-distinct-mixture-tdar/c5/artifacts/methane-z-b32.npz,/nvme/Sync/ThermoGPU/benchmarks/results-distinct-mixture-hardware-sweep/c5-b32/c5-b32-cpsat.cpwa
5,32,0.0021009749152809407,0.006262980916710393,0.009118224686061605,32,52,0.012260388932190835,1000000,0.599936008,264,52,176,36,264,59,62,0,0,0,0.0,/nvme/Sync/ThermoGPU/benchmarks/results-distinct-mixture-tdar/c5/artifacts/methane-z-b32.npz,/nvme/Sync/ThermoGPU/benchmarks/results-distinct-mixture-hardware-sweep/c5-b32/c5-b32-cpsat.cpwa
5,48,0.0012100200205791961,0.003385956509791243,0.004627670339193868,48,81,0.0196072329999879,1,6463.99986,559,81,401,77,559,120,126,0,0,0,0.0,/nvme/Sync/ThermoGPU/benchmarks/results-distinct-mixture-tdar/c5/artifacts/methane-z-b48.npz,/nvme/Sync/ThermoGPU/benchmarks/results-distinct-mixture-hardware-sweep/c5-b48/c5-b48-cpsat.cpwa
5,48,0.0012100200205791961,0.003385956509791243,0.004627670339193868,48,81,0.0196072329999879,10,665.599992,559,81,401,77,559,120,126,0,0,0,0.0,/nvme/Sync/ThermoGPU/benchmarks/results-distinct-mixture-tdar/c5/artifacts/methane-z-b48.npz,/nvme/Sync/ThermoGPU/benchmarks/results-distinct-mixture-hardware-sweep/c5-b48/c5-b48-cpsat.cpwa
5,48,0.0012100200205791961,0.003385956509791243,0.004627670339193868,48,81,0.0196072329999879,100,65.6000013,559,81,401,77,559,120,126,0,0,0,0.0,/nvme/Sync/ThermoGPU/benchmarks/results-distinct-mixture-tdar/c5/artifacts/methane-z-b48.npz,/nvme/Sync/ThermoGPU/benchmarks/results-distinct-mixture-hardware-sweep/c5-b48/c5-b48-cpsat.cpwa
5,48,0.0012100200205791961,0.003385956509791243,0.004627670339193868,48,81,0.0196072329999879,1000,7.58400001,559,81,401,77,559,120,126,0,0,0,0.0,/nvme/Sync/ThermoGPU/benchmarks/results-distinct-mixture-tdar/c5/artifacts/methane-z-b48.npz,/nvme/Sync/ThermoGPU/benchmarks/results-distinct-mixture-hardware-sweep/c5-b48/c5-b48-cpsat.cpwa
5,48,0.0012100200205791961,0.003385956509791243,0.004627670339193868,48,81,0.0196072329999879,10000,1.83039997,559,81,401,77,559,120,126,0,0,0,0.0,/nvme/Sync/ThermoGPU/benchmarks/results-distinct-mixture-tdar/c5/artifacts/methane-z-b48.npz,/nvme/Sync/ThermoGPU/benchmarks/results-distinct-mixture-hardware-sweep/c5-b48/c5-b48-cpsat.cpwa
5,48,0.0012100200205791961,0.003385956509791243,0.004627670339193868,48,81,0.0196072329999879,100000,1.36160001,559,81,401,77,559,120,126,0,0,0,0.0,/nvme/Sync/ThermoGPU/benchmarks/results-distinct-mixture-tdar/c5/artifacts/methane-z-b48.npz,/nvme/Sync/ThermoGPU/benchmarks/results-distinct-mixture-hardware-sweep/c5-b48/c5-b48-cpsat.cpwa
5,48,0.0012100200205791961,0.003385956509791243,0.004627670339193868,48,81,0.0196072329999879,1000000,1.31516802,559,81,401,77,559,120,126,0,0,0,0.0,/nvme/Sync/ThermoGPU/benchmarks/results-distinct-mixture-tdar/c5/artifacts/methane-z-b48.npz,/nvme/Sync/ThermoGPU/benchmarks/results-distinct-mixture-hardware-sweep/c5-b48/c5-b48-cpsat.cpwa
5,64,0.0008505023632200023,0.0022289569339455743,0.0031782146168994885,64,110,0.028123878058977425,1,10272.0,864,110,648,106,864,173,165,0,0,0,0.0,/nvme/Sync/ThermoGPU/benchmarks/results-distinct-mixture-tdar/c5/artifacts/methane-z-b64.npz,/nvme/Sync/ThermoGPU/benchmarks/results-distinct-mixture-hardware-sweep/c5-b64/c5-b64-cpsat.cpwa
5,64,0.0008505023632200023,0.0022289569339455743,0.0031782146168994885,64,110,0.028123878058977425,10,1008.00004,864,110,648,106,864,173,165,0,0,0,0.0,/nvme/Sync/ThermoGPU/benchmarks/results-distinct-mixture-tdar/c5/artifacts/methane-z-b64.npz,/nvme/Sync/ThermoGPU/benchmarks/results-distinct-mixture-hardware-sweep/c5-b64/c5-b64-cpsat.cpwa
5,64,0.0008505023632200023,0.0022289569339455743,0.0031782146168994885,64,110,0.028123878058977425,100,94.4000017,864,110,648,106,864,173,165,0,0,0,0.0,/nvme/Sync/ThermoGPU/benchmarks/results-distinct-mixture-tdar/c5/artifacts/methane-z-b64.npz,/nvme/Sync/ThermoGPU/benchmarks/results-distinct-mixture-hardware-sweep/c5-b64/c5-b64-cpsat.cpwa
5,64,0.0008505023632200023,0.0022289569339455743,0.0031782146168994885,64,110,0.028123878058977425,1000,9.21600033,864,110,648,106,864,173,165,0,0,0,0.0,/nvme/Sync/ThermoGPU/benchmarks/results-distinct-mixture-tdar/c5/artifacts/methane-z-b64.npz,/nvme/Sync/ThermoGPU/benchmarks/results-distinct-mixture-hardware-sweep/c5-b64/c5-b64-cpsat.cpwa
5,64,0.0008505023632200023,0.0022289569339455743,0.0031782146168994885,64,110,0.028123878058977425,10000,2.92799994,864,110,648,106,864,173,165,0,0,0,0.0,/nvme/Sync/ThermoGPU/benchmarks/results-distinct-mixture-tdar/c5/artifacts/methane-z-b64.npz,/nvme/Sync/ThermoGPU/benchmarks/results-distinct-mixture-hardware-sweep/c5-b64/c5-b64-cpsat.cpwa
5,64,0.0008505023632200023,0.0022289569339455743,0.0031782146168994885,64,110,0.028123878058977425,100000,2.31135994,864,110,648,106,864,173,165,0,0,0,0.0,/nvme/Sync/ThermoGPU/benchmarks/results-distinct-mixture-tdar/c5/artifacts/methane-z-b64.npz,/nvme/Sync/ThermoGPU/benchmarks/results-distinct-mixture-hardware-sweep/c5-b64/c5-b64-cpsat.cpwa
5,64,0.0008505023632200023,0.0022289569339455743,0.0031782146168994885,64,110,0.028123878058977425,1000000,2.32672,864,110,648,106,864,173,165,0,0,0,0.0,/nvme/Sync/ThermoGPU/benchmarks/results-distinct-mixture-tdar/c5/artifacts/methane-z-b64.npz,/nvme/Sync/ThermoGPU/benchmarks/results-distinct-mixture-hardware-sweep/c5-b64/c5-b64-cpsat.cpwa
5,96,0.000591866530543988,0.0017202803445622822,0.002427864920033551,96,165,0.046983951004222035,1,14208.0002,1390,165,1060,165,1390,319,255,156,156,160,0.0,/nvme/Sync/ThermoGPU/benchmarks/results-distinct-mixture-tdar/c5/artifacts/methane-z-b96.npz,/nvme/Sync/ThermoGPU/benchmarks/results-distinct-mixture-hardware-sweep/c5-b96/c5-b96-cpsat.cpwa
5,96,0.000591866530543988,0.0017202803445622822,0.002427864920033551,96,165,0.046983951004222035,10,1439.99998,1390,165,1060,165,1390,319,255,156,156,160,0.0,/nvme/Sync/ThermoGPU/benchmarks/results-distinct-mixture-tdar/c5/artifacts/methane-z-b96.npz,/nvme/Sync/ThermoGPU/benchmarks/results-distinct-mixture-hardware-sweep/c5-b96/c5-b96-cpsat.cpwa
5,96,0.000591866530543988,0.0017202803445622822,0.002427864920033551,96,165,0.046983951004222035,100,134.079996,1390,165,1060,165,1390,319,255,156,156,160,0.0,/nvme/Sync/ThermoGPU/benchmarks/results-distinct-mixture-tdar/c5/artifacts/methane-z-b96.npz,/nvme/Sync/ThermoGPU/benchmarks/results-distinct-mixture-hardware-sweep/c5-b96/c5-b96-cpsat.cpwa
5,96,0.000591866530543988,0.0017202803445622822,0.002427864920033551,96,165,0.046983951004222035,1000,13.3760003,1390,165,1060,165,1390,319,255,156,156,160,0.0,/nvme/Sync/ThermoGPU/benchmarks/results-distinct-mixture-tdar/c5/artifacts/methane-z-b96.npz,/nvme/Sync/ThermoGPU/benchmarks/results-distinct-mixture-hardware-sweep/c5-b96/c5-b96-cpsat.cpwa
5,96,0.000591866530543988,0.0017202803445622822,0.002427864920033551,96,165,0.046983951004222035,10000,4.88959998,1390,165,1060,165,1390,319,255,156,156,160,0.0,/nvme/Sync/ThermoGPU/benchmarks/results-distinct-mixture-tdar/c5/artifacts/methane-z-b96.npz,/nvme/Sync/ThermoGPU/benchmarks/results-distinct-mixture-hardware-sweep/c5-b96/c5-b96-cpsat.cpwa
5,96,0.000591866530543988,0.0017202803445622822,0.002427864920033551,96,165,0.046983951004222035,100000,4.07775998,1390,165,1060,165,1390,319,255,156,156,160,0.0,/nvme/Sync/ThermoGPU/benchmarks/results-distinct-mixture-tdar/c5/artifacts/methane-z-b96.npz,/nvme/Sync/ThermoGPU/benchmarks/results-distinct-mixture-hardware-sweep/c5-b96/c5-b96-cpsat.cpwa
5,96,0.000591866530543988,0.0017202803445622822,0.002427864920033551,96,165,0.046983951004222035,1000000,4.07615995,1390,165,1060,165,1390,319,255,156,156,160,0.0,/nvme/Sync/ThermoGPU/benchmarks/results-distinct-mixture-tdar/c5/artifacts/methane-z-b96.npz,/nvme/Sync/ThermoGPU/benchmarks/results-distinct-mixture-hardware-sweep/c5-b96/c5-b96-cpsat.cpwa
5,128,0.00035934251615852214,0.0010121813938903498,0.0018352479098073804,128,225,0.07816592801827937,1,36607.9994,2193,225,1697,271,2193,500,255,724,724,728,0.0,/nvme/Sync/ThermoGPU/benchmarks/results-distinct-mixture-tdar/c5/artifacts/methane-z-b128.npz,/nvme/Sync/ThermoGPU/benchmarks/results-distinct-mixture-hardware-sweep/c5-b128/c5-b128-cpsat.cpwa
5,128,0.00035934251615852214,0.0010121813938903498,0.0018352479098073804,128,225,0.07816592801827937,10,3670.40001,2193,225,1697,271,2193,500,255,724,724,728,0.0,/nvme/Sync/ThermoGPU/benchmarks/results-distinct-mixture-tdar/c5/artifacts/methane-z-b128.npz,/nvme/Sync/ThermoGPU/benchmarks/results-distinct-mixture-hardware-sweep/c5-b128/c5-b128-cpsat.cpwa
5,128,0.00035934251615852214,0.0010121813938903498,0.0018352479098073804,128,225,0.07816592801827937,100,334.080011,2193,225,1697,271,2193,500,255,724,724,728,0.0,/nvme/Sync/ThermoGPU/benchmarks/results-distinct-mixture-tdar/c5/artifacts/methane-z-b128.npz,/nvme/Sync/ThermoGPU/benchmarks/results-distinct-mixture-hardware-sweep/c5-b128/c5-b128-cpsat.cpwa
5,128,0.00035934251615852214,0.0010121813938903498,0.0018352479098073804,128,225,0.07816592801827937,1000,33.7279998,2193,225,1697,271,2193,500,255,724,724,728,0.0,/nvme/Sync/ThermoGPU/benchmarks/results-distinct-mixture-tdar/c5/artifacts/methane-z-b128.npz,/nvme/Sync/ThermoGPU/benchmarks/results-distinct-mixture-hardware-sweep/c5-b128/c5-b128-cpsat.cpwa
5,128,0.00035934251615852214,0.0010121813938903498,0.0018352479098073804,128,225,0.07816592801827937,10000,15.8559993,2193,225,1697,271,2193,500,255,724,724,728,0.0,/nvme/Sync/ThermoGPU/benchmarks/results-distinct-mixture-tdar/c5/artifacts/methane-z-b128.npz,/nvme/Sync/ThermoGPU/benchmarks/results-distinct-mixture-hardware-sweep/c5-b128/c5-b128-cpsat.cpwa
5,128,0.00035934251615852214,0.0010121813938903498,0.0018352479098073804,128,225,0.07816592801827937,100000,14.9264002,2193,225,1697,271,2193,500,255,724,724,728,0.0,/nvme/Sync/ThermoGPU/benchmarks/results-distinct-mixture-tdar/c5/artifacts/methane-z-b128.npz,/nvme/Sync/ThermoGPU/benchmarks/results-distinct-mixture-hardware-sweep/c5-b128/c5-b128-cpsat.cpwa
5,128,0.00035934251615852214,0.0010121813938903498,0.0018352479098073804,128,225,0.07816592801827937,1000000,13.6969919,2193,225,1697,271,2193,500,255,724,724,728,0.0,/nvme/Sync/ThermoGPU/benchmarks/results-distinct-mixture-tdar/c5/artifacts/methane-z-b128.npz,/nvme/Sync/ThermoGPU/benchmarks/results-distinct-mixture-hardware-sweep/c5-b128/c5-b128-cpsat.cpwa
