components,states,backend,threads,calls_per_sample,median_seconds,ns_per_state,states_per_second,mad_percent
1,1,scalar,1,342385,5.8432730989967427e-07,584.32730989967422,1711369.6092207199,0.90188881002449539
1,1,openmp,1,110262,2.2229373854999908e-06,2222.9373854999908,449855.22602791467,8.4342905991322308
1,1,openmp,2,62324,3.2218663275784608e-06,3221.8663275784606,310379.10897799261,0.54992391244690431
1,1,openmp,4,57198,3.5019339662225948e-06,3501.9339662225948,285556.49810800474,0.85472894026941604
1,1,openmp,8,74,4.2441216216216215e-06,4244.1216216216217,235620.01496505502,2.0922420518045621
1,1,cuda_generic_resident,0,8616,2.0533573932219128e-05,20533.573932219126,48700.728051579223,1.4946104216743059
1,1,cuda_fixed_resident,0,9941,2.0079434362740168e-05,20079.434362740169,49802.199700187848,0.076341496844512205
1,10,scalar,1,63418,3.197111104102936e-06,319.7111104102936,3127823.7366123246,0.79080999636249372
1,10,openmp,1,41372,4.8506564343033938e-06,485.06564343033943,2061576.6413141373,0.14534185083598192
1,10,openmp,2,45270,4.4749670863706648e-06,447.49670863706649,2234653.3073856207,0.84541767235114462
1,10,openmp,4,46092,4.5313064089212878e-06,453.13064089212878,2206869.0787080489,2.957417151138948
1,10,openmp,8,34330,6.1266841538013403e-06,612.66841538013409,1632204.2639974244,6.0572265078321283
1,10,cuda_generic_resident,0,8459,2.0139114197895733e-05,2013.9114197895731,496546.16889976553,0.30192402042942951
1,10,cuda_fixed_resident,0,9930,2.0141094763343405e-05,2014.1094763343403,496497.34125673753,0.089042023179971036
1,100,scalar,1,6861,2.9174920711266578e-05,291.74920711266577,3427601.4317112663,0.49722152213370807
1,100,openmp,1,5751,3.4989791688402017e-05,349.89791688402016,2857976.4318273081,0.37047445072436008
1,100,openmp,2,9615,2.0880736973478937e-05,208.80736973478935,4789102.9960777778,0.65335269137078023
1,100,openmp,4,14245,1.3491197893997892e-05,134.91197893997892,7412240.2462489316,1.706793588502197
1,100,openmp,8,10083,1.5522027769513043e-05,155.22027769513042,6442457.2281986838,5.7131835932395889
1,100,cuda_generic_resident,0,9675,2.0734904289405684e-05,207.34904289405685,4822785.7049281932,0.061714210253077648
1,100,cuda_fixed_resident,0,9617,2.0851389310595819e-05,208.5138931059582,4795843.5052183364,0.48165239284439459
1,1000,scalar,1,693,0.00028965723953823953,289.65723953823954,3452356.3146364363,1.4336933347209835
1,1000,openmp,1,600,0.00033868037166666663,338.68037166666664,2952636.4196393769,0.96724284627004475
1,1000,openmp,2,1127,0.00017924067080745342,179.24067080745343,5579090.9255982134,0.78641816204289561
1,1000,openmp,4,1982,0.00010455490312815339,104.55490312815338,9564352.9866246041,3.2553394930790729
1,1000,openmp,8,1902,0.0001059522712933754,105.95227129337539,9438212.0155882332,4.0184482805334394
1,1000,cuda_generic_resident,0,9514,2.0980425688459111e-05,20.980425688459114,47663475.22443641,0.10974222095663121
1,1000,cuda_fixed_resident,0,9569,2.0881733096457311e-05,20.881733096457314,47888745.411158182,0.1432673718788641
1,10000,scalar,1,71,0.0028907379014084505,289.07379014084506,3459324.3459144854,1.3384384125597104
1,10000,openmp,1,60,0.0033545921833333333,335.4592183333333,2980988.2851582193,0.54023208613469909
1,10000,openmp,2,118,0.0018077249745762712,180.77249745762711,5531814.9279560568,3.3322542075042931
1,10000,openmp,4,198,0.00097798428787878797,97.798428787878791,10225113.147461329,2.0851784046498634
1,10000,openmp,8,205,0.0010137847756097561,101.37847756097561,9864026.6066190917,6.9048657794922592
1,10000,cuda_generic_resident,0,1571,0.0001066219420751114,10.66219420751114,93789325.211834475,0.15668369447386951
1,10000,cuda_fixed_resident,0,1891,0.00010676328714965627,10.676328714965628,93665156.506303728,0.32593195988678841
1,100000,scalar,1,7,0.030647391857142856,306.47391857142856,3262920.3968197843,0.6911214999078229
1,100000,openmp,1,6,0.035542995500000001,355.42995500000001,2813493.8711060523,0.24090916403863166
1,100000,openmp,2,11,0.019018624818181819,190.1862481818182,5258003.7177241081,2.2580434825722335
1,100000,openmp,4,18,0.011350506611111111,113.50506611111112,8810179.4418681823,4.764700199211366
1,100000,openmp,8,20,0.01061032495,106.10324949999999,9424782.0374247823,2.9916034758200225
1,100000,cuda_generic_resident,0,233,0.00086264264377682411,8.6264264377682416,115922857.18936843,0.075983203942212696
1,100000,cuda_fixed_resident,0,234,0.00085804884615384624,8.5804884615384616,116543481.70065627,0.081966923266535832
1,1000000,scalar,1,1,0.31232027499999998,312.32027499999998,3201841.4430507277,3.0661887064488513
1,1000000,openmp,1,1,0.34464919199999999,344.64919200000003,2901501.071849314,2.6571674074895246
1,1000000,openmp,2,2,0.19443091400000001,194.430914,5143215.034210043,1.589118179015494
1,1000000,openmp,4,2,0.1092613985,109.2613985,9152363.1742641479,1.4638916597795448
1,1000000,openmp,8,2,0.10243605,102.43604999999999,9762188.2140125465,1.2193119512124941
1,1000000,cuda_generic_resident,0,24,0.0083544144583333323,8.3544144583333324,119697197.8092999,0.016174582592305572
1,1000000,cuda_fixed_resident,0,24,0.0083488758333333333,8.3488758333333326,119776604.6546586,0.013481854992263745
2,1,scalar,1,340370,5.9048061521285661e-07,590.48061521285661,1693535.6965774731,0.37904510270619701
2,1,openmp,1,100567,1.9023195083874431e-06,1902.319508387443,525674.04980653292,0.36391717120318406
2,1,openmp,2,64222,2.7347252343433716e-06,2734.7252343433715,365667.44894212659,3.7262231605205431
2,1,openmp,4,73986,2.9854735625658909e-06,2985.4735625658909,334955.23542353575,7.9337094315713248
2,1,openmp,8,37529,5.9514287084654529e-06,5951.4287084654525,168026.8804325214,9.9363057729789865
2,1,cuda_generic_resident,0,6082,2.6612904472213087e-05,26612.904472213086,37575.755815909317,0.3140553498544052
2,1,cuda_fixed_resident,0,7483,2.6667648937591876e-05,26667.648937591875,37498.618732390642,0.11738726361994234
2,10,scalar,1,55121,3.6285344424085196e-06,362.85344424085196,2755933.6031442713,0.20538032576194448
2,10,openmp,1,37082,5.3930489455800658e-06,539.30489455800659,1854238.6877826527,0.093241473996036689
2,10,openmp,2,39400,5.0333594416243655e-06,503.33594416243659,1986744.6614885109,0.50453279828517927
2,10,openmp,4,40467,4.6177060814985045e-06,461.77060814985043,2165577.4151729625,2.1276328513004623
2,10,openmp,8,36,5.1268888888888886e-06,512.68888888888887,1950500.6284946471,0.46216028780719842
2,10,cuda_generic_resident,0,7336,2.6939265676117778e-05,2693.926567611778,371205.36692524655,0.20358812997569675
2,10,cuda_fixed_resident,0,7535,2.6903739880557401e-05,2690.37398805574,371695.53543099511,0.50217028756161675
2,100,scalar,1,5860,3.423444010238908e-05,342.34440102389084,2921035.0658844691,1.0295432340082196
2,100,openmp,1,4959,4.0751304698527927e-05,407.51304698527929,2453909.1629037419,0.461882709970804
2,100,openmp,2,7643,2.5656344759911029e-05,256.5634475991103,3897671.3532573679,4.3790029124320382
2,100,openmp,4,12567,1.6026056735895599e-05,160.260567358956,6239838.1366027035,3.5728989435448044
2,100,openmp,8,11479,1.7846958532973255e-05,178.46958532973255,5603195.6265962292,5.6748334516118977
2,100,cuda_generic_resident,0,7093,2.7599532355843789e-05,275.99532355843786,3623249.796796883,0.25801645550003355
2,100,cuda_fixed_resident,0,7217,2.7490672578633781e-05,274.9067257863378,3637597.4328733487,0.26573967290272732
2,1000,scalar,1,609,0.00033140376190476191,331.40376190476189,3017467.2558103846,0.50550157363890191
2,1000,openmp,1,523,0.0003841545812619503,384.15458126195028,2603118.7672290499,0.43346108391696819
2,1000,openmp,2,978,0.00021149255623721883,211.49255623721885,4728298.8006365504,4.9330089984650813
2,1000,openmp,4,1273,0.0001187188311076198,118.71883110761981,8423263.5266892929,2.9854487560143315
2,1000,openmp,8,1556,0.00012533214460154241,125.33214460154241,7978799.0796711659,2.0946198706545158
2,1000,cuda_generic_resident,0,6899,2.7760384258588201e-05,27.7603842585882,36022556.12476369,0.078740535313560123
2,1000,cuda_fixed_resident,0,7246,2.7667807756003311e-05,27.667807756003313,36143087.620775513,0.15884453052854877
2,10000,scalar,1,61,0.0033070165245901637,330.70165245901637,3023873.6110456218,0.19393737333686531
2,10000,openmp,1,49,0.0039125519387755098,391.25519387755094,2555876.6136481361,0.70570882947657121
2,10000,openmp,2,94,0.0020047881595744678,200.47881595744676,4988058.1907080794,0.31344427025918897
2,10000,openmp,4,177,0.0011593661581920903,115.93661581920902,8625402.7076259926,2.8552451293154832
2,10000,openmp,8,179,0.001249251189944134,124.92511899441341,8004795.2569468403,8.4562473744327544
2,10000,cuda_generic_resident,0,968,0.00015820972417355373,15.820972417355373,63207239.960990943,0.44821964630809119
2,10000,cuda_fixed_resident,0,1290,0.00015590730852713176,15.590730852713177,64140674.959184162,0.1642607880687369
2,100000,scalar,1,6,0.034383703833333334,343.83703833333334,2908354.5066792616,1.1661459411418846
2,100000,openmp,1,6,0.039230155666666669,392.30155666666673,2549059.4748001127,0.5124913813112848
2,100000,openmp,2,9,0.021232628666666666,212.32628666666668,4709732.4391581854,2.6799146835108392
2,100000,openmp,4,14,0.012587581214285715,125.87581214285714,7944338.018372382,4.1017814514086508
2,100000,openmp,8,14,0.016223313071428571,162.23313071428572,6163969.0709115025,26.375694099791122
2,100000,cuda_generic_resident,0,160,0.0012529446874999998,12.529446874999998,79811982.921233311,0.13749858770200613
2,100000,cuda_fixed_resident,0,161,0.00124937300621118,12.493730062111799,80040147.740391567,0.043756606481490504
2,1000000,scalar,1,1,0.345011387,345.01138700000001,2898455.0588181023,4.015391816618509
2,1000000,openmp,1,1,0.41168334499999998,411.68334499999997,2429051.3865699377,2.6531306482656061
2,1000000,openmp,2,1,0.21992098199999999,219.92098200000001,4547087.7353576021,5.719713455990286
2,1000000,openmp,4,2,0.133762083,133.76208299999999,7475960.1343827751,6.0661577765651318
2,1000000,openmp,8,2,0.1324955125,132.49551249999999,7547425.4269554978,5.8725041725469884
2,1000000,cuda_generic_resident,0,17,0.012103515235294116,12.103515235294116,82620625.542237356,0.0089395516836513894
2,1000000,cuda_fixed_resident,0,17,0.012098191470588235,12.098191470588235,82656982.44494541,0.027347791968241605
3,1,scalar,1,307463,6.5698558850983691e-07,656.98558850983693,1522103.4030109888,0.5119590833131844
3,1,openmp,1,101250,1.9791217283950615e-06,1979.1217283950616,505274.63048517721,0.72606492242536802
3,1,openmp,2,61658,3.2371841610172241e-06,3237.1841610172241,308910.44508439978,0.96877027024392104
3,1,openmp,4,54574,3.5393640927914393e-06,3539.3640927914394,282536.6291184008,4.7914151358621595
3,1,openmp,8,42,4.3109999999999999e-06,4311,231964.7413593134,1.1355226386541517
3,1,cuda_generic_resident,0,4612,3.4963915871639207e-05,34963.915871639205,28600.915402932445,0.30581956692063733
3,1,cuda_fixed_resident,0,5764,3.4896063497571133e-05,34896.063497571129,28656.527406582776,0.26328557427725208
3,10,scalar,1,49017,4.1327054695309792e-06,413.27054695309789,2419722.4006710793,0.61202780092555353
3,10,openmp,1,33980,5.9143289876397882e-06,591.43289876397887,1690808.8848115748,0.48947175652289104
3,10,openmp,2,29405,5.2624194524740696e-06,526.24194524740699,1900266.6150640289,0.52885250314711985
3,10,openmp,4,38298,4.9738403833098338e-06,497.38403833098334,2010518.8806532461,2.2003873952487938
3,10,openmp,8,34,5.3096176470588232e-06,530.96176470588239,1883374.7860430852,1.6933755061569709
3,10,cuda_generic_resident,0,5639,3.4892991310516046e-05,3489.2991310516045,286590.50498161791,0.073911787798320999
3,10,cuda_fixed_resident,0,5702,3.4809124517713081e-05,3480.9124517713085,287280.99711072503,0.070624168802156898
3,100,scalar,1,5232,3.8402206804281344e-05,384.02206804281343,2604017.0167734036,0.2389195567083052
3,100,openmp,1,4393,4.5213934213521513e-05,452.13934213521514,2211707.5574037167,0.31335611628744819
3,100,openmp,2,7832,2.6603936542390195e-05,266.03936542390193,3758842.2239942555,3.1105172899759213
3,100,openmp,4,7541,1.7663607346505767e-05,176.63607346505768,5661357.7305194177,6.0579718376994522
3,100,openmp,8,40,1.5168650000000001e-05,151.68650000000002,6592544.4914346365,0.33968085492115502
3,100,cuda_generic_resident,0,5507,3.6190022335209729e-05,361.90022335209733,2763192.5472095865,0.1598933635475753
3,100,cuda_fixed_resident,0,5548,3.6310640230713771e-05,363.10640230713767,2754013.6820670501,0.40234610990503661
3,1000,scalar,1,532,0.00037892629135338345,378.92629135338348,2639035.6721576978,0.42030016282600463
3,1000,openmp,1,461,0.00044288480260303687,442.88480260303686,2257923.4918934717,1.5316557885855568
3,1000,openmp,2,662,0.00025818829003021151,258.18829003021148,3873142.3484891066,3.5283536954528483
3,1000,openmp,4,1359,0.00014513985798381162,145.13985798381162,6889906.1490850877,4.7399649290088401
3,1000,openmp,8,196,0.00016542304081632655,165.42304081632653,6045107.1088115573,3.5487091907464623
3,1000,cuda_generic_resident,0,5456,3.6608576796187689e-05,36.608576796187691,27316003.175084837,0.1237971677620255
3,1000,cuda_fixed_resident,0,5529,3.6196028938325196e-05,36.196028938325192,27627340.051692154,0.054251321470295884
3,10000,scalar,1,52,0.003872920480769231,387.29204807692309,2582030.808444025,0.33527620393208135
3,10000,openmp,1,43,0.0044972288372093026,449.72288372093027,2223591.5409199796,0.72467985970069237
3,10000,openmp,2,85,0.0023769178470588233,237.69178470588233,4207128.9979053801,1.1263429694026328
3,10000,openmp,4,141,0.0015201887092198582,152.01887092198584,6578130.6882169088,9.2471059770630841
3,10000,openmp,8,145,0.0015191924896551725,151.91924896551726,6582444.3367738137,9.7300870515552571
3,10000,cuda_generic_resident,0,673,0.00021210876968796432,21.21087696879643,47145622.572376974,0.44372437192328668
3,10000,cuda_fixed_resident,0,980,0.00020482484387755102,20.482484387755104,48822202.476464368,0.16200352608892349
3,100000,scalar,1,5,0.039014939399999997,390.14939399999997,2563120.7311320342,0.59493159176867072
3,100000,openmp,1,5,0.044639170999999998,446.39170999999999,2240184.9711769964,0.6763566464977524
3,100000,openmp,2,9,0.024110135777777777,241.10135777777776,4147633.2162413462,1.1797057855179165
3,100000,openmp,4,15,0.0138843358,138.84335799999999,7202361.0952999284,3.2256422377799185
3,100000,openmp,8,16,0.013923538625000001,139.23538625,7182082.2775934227,8.2626265562573593
3,100000,cuda_generic_resident,0,117,0.0017135161452991453,17.135161452991454,58359531.816691473,0.066790738366245703
3,100000,cuda_fixed_resident,0,117,0.001711730752136752,17.117307521367518,58420402.785408914,0.0531136332058934
3,1000000,scalar,1,1,0.38869699699999999,388.69699700000001,2572698.0339907282,0.89982969433643756
3,1000000,openmp,1,1,0.455896101,455.89610099999999,2193482.2381821601,1.6502444270739691
3,1000000,openmp,2,1,0.25646633000000002,256.46633000000003,3899147.3071728358,6.7124468151433376
3,1000000,openmp,4,2,0.15373564449999999,153.73564450000001,6504672.376092976,3.7284629199964008
3,1000000,openmp,8,2,0.150860403,150.86040299999999,6628644.6285046712,4.4554653615766897
3,1000000,cuda_generic_resident,0,10,0.016665271700000001,16.665271700000002,60005022.300356492,0.02776132356724131
3,1000000,cuda_fixed_resident,0,13,0.016664448076923077,16.66444807692308,60007987.986400805,0.012601677477152608
4,1,scalar,1,230770,9.0092935390215371e-07,900.92935390215371,1109964.944164319,4.6440559058901014
4,1,openmp,1,88328,2.2947451544244181e-06,2294.7451544244182,435778.23797641968,3.1360827666846278
4,1,openmp,2,61340,2.9956392566025435e-06,2995.6392566025434,333818.56570211129,2.0035252633716256
4,1,openmp,4,61051,3.347649440631603e-06,3347.6494406316028,298717.06035364605,3.4852928367119573
4,1,openmp,8,30059,6.8405987890482054e-06,6840.5987890482056,146186.03295386938,8.9167751130609716
4,1,cuda_generic_resident,0,4615,4.0826182665222105e-05,40826.182665222106,24494.085283458371,0.30980426901177888
4,1,cuda_fixed_resident,0,4900,4.0616774897959186e-05,40616.774897959185,24620.369355082537,0.18822423108915323
4,10,scalar,1,42733,4.6581399152879509e-06,465.8139915287951,2146779.6549391178,0.57936927419822137
4,10,openmp,1,30915,6.5092931586608437e-06,650.92931586608438,1536265.1145454478,0.35027291850387393
4,10,openmp,2,34668,5.8583228337371639e-06,585.83228337371634,1706973.1873449455,2.7879114471075339
4,10,openmp,4,38431,5.449653925216622e-06,544.96539252166224,1834978.9064087227,3.1962863056026993
4,10,openmp,8,16105,7.578301707544241e-06,757.8301707544241,1319556.859295394,11.011454957977421
4,10,cuda_generic_resident,0,4900,4.0668693469387753e-05,4066.8693469387754,245889.38436213168,0.23684768042858412
4,10,cuda_fixed_resident,0,4902,4.0848218278253775e-05,4084.8218278253771,244808.71924158477,0.5180590977437397
4,100,scalar,1,4603,4.4034962850315007e-05,440.34962850315009,2270922.7742492496,1.1945828363212607
4,100,openmp,1,3711,5.1060070600916195e-05,510.60070600916197,1958477.5113531796,0.18820646957054829
4,100,openmp,2,6833,2.9337409629738038e-05,293.37409629738039,3408617.2317897626,1.2982711182120334
4,100,openmp,4,10186,2.1345141763204399e-05,213.45141763204398,4684906.8096790044,6.8089982994974969
4,100,openmp,8,9369,3.1776091151670402e-05,317.76091151670403,3147020.1769843302,17.640678872545706
4,100,cuda_generic_resident,0,4635,4.2586381229773459e-05,425.86381229773463,2348168.5250609391,0.28135162525709939
4,100,cuda_fixed_resident,0,4747,4.2228046345060035e-05,422.28046345060034,2368094.3982789367,0.047222705674217096
4,1000,scalar,1,463,0.00043136147516198707,431.36147516198707,2318241.3302543415,0.14394826630672877
4,1000,openmp,1,404,0.00049797431930693071,497.97431930693068,2008135.683365715,0.85353371611349083
4,1000,openmp,2,767,0.00025878251368970014,258.78251368970012,3864248.7304960485,0.47079749448359359
4,1000,openmp,4,1276,0.00015904592163009404,159.04592163009403,6287492.2522425996,2.6200477892773208
4,1000,openmp,8,1083,0.00020702344228993536,207.02344228993536,4830370.8456335329,15.37576217498316
4,1000,cuda_generic_resident,0,3698,4.3247966738777715e-05,43.247966738777713,23122474.31284124,0.40189148842898542
4,1000,cuda_fixed_resident,0,4698,4.2766907620263943e-05,42.766907620263943,23382565.063604858,0.16755962051401127
4,10000,scalar,1,47,0.0043298197872340431,432.98197872340427,2309564.9452856691,0.52092139061561149
4,10000,openmp,1,41,0.0049526126097560975,495.26126097560973,2019136.3201517335,0.4217094247427905
4,10000,openmp,2,66,0.0025562202424242422,255.62202424242423,3912025.9804046857,0.62843792992278591
4,10000,openmp,4,132,0.0015268243787878789,152.68243787878788,6549541.7409688188,2.8207834305803079
4,10000,openmp,8,130,0.0016423380846153845,164.23380846153844,6088880.2943042498,4.8696770955774875
4,10000,cuda_generic_resident,0,734,0.00027359110762942778,27.35911076294278,36550895.555950403,0.06170079991635162
4,10000,cuda_fixed_resident,0,761,0.00026436196452036794,26.436196452036793,37826924.225438431,0.15493778924891005
4,100000,scalar,1,5,0.043647749,436.47748999999999,2291068.8933809623,1.1080337728298315
4,100000,openmp,1,5,0.049570228600000002,495.70228600000002,2017339.8998607805,0.031997431619675096
4,100000,openmp,2,8,0.027110235999999999,271.10235999999998,3688643.6547435443,3.1812670313899196
4,100000,openmp,4,12,0.015687501499999999,156.87501499999999,6374501.382517796,2.0862962148561301
4,100000,openmp,8,11,0.019047382818181819,190.47382818181819,5250065.1115461523,21.558618711878299
4,100000,cuda_generic_resident,0,90,0.0022360148666666665,22.360148666666667,44722421.791888505,0.062313241030029762
4,100000,cuda_fixed_resident,0,90,0.0022365478,22.365478,44711765.15878623,0.041128862377394784
4,1000000,scalar,1,1,0.44669534100000002,446.69534099999998,2238662.2563856109,2.7398353814484957
4,1000000,openmp,1,1,0.49725750600000002,497.25750599999998,2011030.4780396819,0.80746453327544299
4,1000000,openmp,2,1,0.26370864300000002,263.70864300000005,3792063.8042948022,0.80401384493112271
4,1000000,openmp,4,2,0.14661550449999999,146.61550449999999,6820561.0546461688,1.0264913694717701
4,1000000,openmp,8,1,0.15733362100000001,157.33362099999999,6355920.5822892739,5.2905761318491606
4,1000000,cuda_generic_resident,0,8,0.021944729624999999,21.944729625000001,45569028.057687908,0.016376369458228207
4,1000000,cuda_fixed_resident,0,10,0.021941299300000001,21.941299300000001,45576152.365780815,0.01251521143964973
5,1,scalar,1,216046,8.2873617192634903e-07,828.73617192634902,1206656.6343732267,0.34506103726304088
5,1,openmp,1,93922,2.1275555035029066e-06,2127.5555035029065,470022.99040074553,0.4732878591102761
5,1,openmp,2,60704,3.3211136004217183e-06,3321.1136004217183,301103.82248683664,5.6332059025555452
5,1,openmp,4,39463,3.2900337024554643e-06,3290.0337024554642,303948.25416337402,5.3755847824847871
5,1,openmp,8,30309,7.02437879837672e-06,7024.3787983767197,142361.34307436444,15.014303512758266
5,1,cuda_generic_resident,0,3905,5.098868783610755e-05,50988.687836107551,19612.193261656201,0.17674528656718205
5,1,cuda_fixed_resident,0,3907,5.0913303045815207e-05,50913.303045815206,19641.232058743721,0.16446201335698971
5,10,scalar,1,37786,5.3284544275657653e-06,532.84544275657652,1876716.8108385922,0.64217776551090777
5,10,openmp,1,27105,7.189181590112525e-06,718.91815901125244,1390978.913893797,0.19067059639977521
5,10,openmp,2,33066,6.2563484243633941e-06,625.63484243633934,1598376.4524779541,1.2509106035146442
5,10,openmp,4,32281,5.4859393141476416e-06,548.59393141476414,1822841.8922190929,1.8559258994131798
5,10,openmp,8,25195,7.7372168287358597e-06,773.72168287358602,1292454.4085232576,7.6252009229258144
5,10,cuda_generic_resident,0,3914,5.119475677056719e-05,5119.4756770567192,195332.50338146318,0.12461005987943052
5,10,cuda_fixed_resident,0,3878,5.1492671222279528e-05,5149.2671222279523,194202.39351795879,0.32220620889892077
5,100,scalar,1,3837,5.3672801146729215e-05,536.72801146729216,1863141.0670485182,2.060033852743917
5,100,openmp,1,3164,6.1021073008849553e-05,610.21073008849555,1638778.1313759845,1.9112317290028831
5,100,openmp,2,5845,3.566178631308811e-05,356.61786313088106,2804122.0123429247,2.940478621937491
5,100,openmp,4,6246,2.4635144572526416e-05,246.35144572526417,4059241.4509928189,10.098564114500181
5,100,openmp,8,8830,3.2031618686296712e-05,320.31618686296713,3121915.2856230931,23.839574807441906
5,100,cuda_generic_resident,0,3700,5.4230820540540544e-05,542.30820540540549,1843969.8865563809,0.44360981605175548
5,100,cuda_fixed_resident,0,3738,5.3789508560727665e-05,537.89508560727666,1859098.5988857155,0.46562810429492818
5,1000,scalar,1,356,0.00051752072471910118,517.52072471910117,1932289.7658693339,0.57922176899410804
5,1000,openmp,1,349,0.0005815300974212034,581.53009742120344,1719601.4521595743,0.52408919215014638
5,1000,openmp,2,639,0.0003164149014084507,316.4149014084507,3160407.413016018,2.8259917959384637
5,1000,openmp,4,703,0.00028614220625889047,286.14220625889044,3494765.812685593,16.888328029516657
5,1000,openmp,8,25,0.00614251704,6142.5170399999997,162799.71117507882,15.182869724688624
5,1000,cuda_generic_resident,0,2880,5.6084624305555563e-05,56.084624305555558,17830198.782323718,0.97403156606388042
5,1000,cuda_fixed_resident,0,3595,5.4899499026425594e-05,54.899499026425595,18215102.464207463,0.79520550534472723
5,10000,scalar,1,28,0.0066650976428571434,666.50976428571437,1500353.1134636574,4.4742298116798445
5,10000,openmp,1,30,0.0068059698666666666,680.59698666666657,1469298.3066199883,4.2296445469618495
5,10000,openmp,2,36,0.0035505736944444447,355.05736944444448,2816446.2592754862,5.6340597790562086
5,10000,openmp,4,71,0.0029223164366197186,292.23164366197187,3421942.9062128295,6.8729964253179414
5,10000,openmp,8,56,0.0062918809642857143,629.1880964285715,1589349.839382292,5.8132845885792221
5,10000,cuda_generic_resident,0,573,0.00035015865445026177,35.015865445026179,28558483.055915583,0.22111592407110534
5,10000,cuda_fixed_resident,0,588,0.00033694916666666665,33.694916666666664,29678067.166412342,0.14344399130431104
5,100000,scalar,1,4,0.051073608499999999,510.736085,1957958.3847105694,1.3471717981313109
5,100000,openmp,1,4,0.057923862249999999,579.23862250000002,1726404.2160793585,1.3423353861387191
5,100000,openmp,2,7,0.037179742285714287,371.79742285714286,2689636.717531078,21.545740292459417
5,100000,openmp,4,5,0.030347161800000001,303.47161800000003,3295201.068852508,11.220847018385754
5,100000,openmp,8,5,0.031365734399999998,313.65734399999997,3188192.5264278208,5.8412042155148969
5,100000,cuda_generic_resident,0,70,0.0028621366285714288,28.621366285714288,34938933.034064397,0.065379228876186885
5,100000,cuda_fixed_resident,0,71,0.0028635014366197183,28.635014366197179,34922280.366671354,0.048828234036056614
5,1000000,scalar,1,1,0.55274229399999997,552.74229400000002,1809161.3593802541,1.1681810981520344
5,1000000,openmp,1,1,0.63427000200000005,634.27000199999998,1576615.6319024526,1.4627103553290863
5,1000000,openmp,2,1,0.350816146,350.816146,2850495.9404006451,2.2274439443844765
5,1000000,openmp,4,2,0.2120056005,212.00560050000001,4716856.524740723,5.1946127715621397
5,1000000,openmp,8,1,0.20766137400000001,207.661374,4815532.0401568757,2.1883448580090796
5,1000000,cuda_generic_resident,0,6,0.028074148333333337,28.074148333333337,35619958.551428892,0.013432880035742799
5,1000000,cuda_fixed_resident,0,8,0.028070335750000001,28.070335750000002,35624796.543447115,0.0051228457429456989
